source_path,source_line,kind,level,java_source,csharp_targets,status,csharp_evidence,notes
debugger/src/main/java/org/apache/pdfbox/debugger/PDFDebugger.java,169,logger-field,,private static Log LOG;,src/PdfBox.Net.Debugger/PDFDebugger.cs,migrated,src/PdfBox.Net.Debugger/PDFDebugger.cs:36: ILogger<PDFDebugger> LOG => PdfBoxLogging.CreateLogger<PDFDebugger>();,
debugger/src/main/java/org/apache/pdfbox/debugger/PDFDebugger.java,868,call,error,"LOG.error(e.getMessage(), e);",src/PdfBox.Net.Debugger/PDFDebugger.cs,absent-region,,The adapted debugger port does not contain the Java signature-entry inspection and print/parse timing regions that own these diagnostics.
debugger/src/main/java/org/apache/pdfbox/debugger/PDFDebugger.java,898,call,info,"LOG.info(""Found signature contents entry"");",src/PdfBox.Net.Debugger/PDFDebugger.cs,absent-region,,The adapted debugger port does not contain the Java signature-entry inspection and print/parse timing regions that own these diagnostics.
debugger/src/main/java/org/apache/pdfbox/debugger/PDFDebugger.java,1359,call,info,"LOG.info(""Printed in "" + ms + "" ms"");",src/PdfBox.Net.Debugger/PDFDebugger.cs,absent-region,,The adapted debugger port does not contain the Java signature-entry inspection and print/parse timing regions that own these diagnostics.
debugger/src/main/java/org/apache/pdfbox/debugger/PDFDebugger.java,1403,call,info,"LOG.info(""Parsed in "" + ms + "" ms"");",src/PdfBox.Net.Debugger/PDFDebugger.cs,absent-region,,The adapted debugger port does not contain the Java signature-entry inspection and print/parse timing regions that own these diagnostics.
debugger/src/main/java/org/apache/pdfbox/debugger/PDFDebugger.java,1452,call,info,"LOG.info(""Parsed in "" + ms + "" ms"");",src/PdfBox.Net.Debugger/PDFDebugger.cs,absent-region,,The adapted debugger port does not contain the Java signature-entry inspection and print/parse timing regions that own these diagnostics.
debugger/src/main/java/org/apache/pdfbox/debugger/fontencodingpane/FontEncodingPaneController.java,39,logger-field,,private static final Log LOG = LogFactory.getLog(FontEncodingPaneController.class);,src/PdfBox.Net.Debugger/Fontencodingpane/FontEncodingPaneController.cs,migrated,src/PdfBox.Net.Debugger/Fontencodingpane/FontEncodingPaneController.cs:43: ILogger<FontEncodingPaneController> LOG => PdfBoxLogging.CreateLogger<FontEncodingPaneController>();,
debugger/src/main/java/org/apache/pdfbox/debugger/fontencodingpane/FontEncodingPaneController.java,69,call,error,"LOG.error(e.getMessage(), e);",src/PdfBox.Net.Debugger/Fontencodingpane/FontEncodingPaneController.cs,migrated,"src/PdfBox.Net.Debugger/Fontencodingpane/FontEncodingPaneController.cs:72: LOG.LogError(ex, ""{ErrorMessage}"", ex.Message);",
debugger/src/main/java/org/apache/pdfbox/debugger/fontencodingpane/SimpleFont.java,37,logger-field,,private static final Log LOG = LogFactory.getLog(SimpleFont.class);,src/PdfBox.Net.Debugger/Fontencodingpane/SimpleFont.cs,migrated,src/PdfBox.Net.Debugger/Fontencodingpane/SimpleFont.cs:43: ILogger<SimpleFont> LOG => PdfBoxLogging.CreateLogger<SimpleFont>();,
debugger/src/main/java/org/apache/pdfbox/debugger/fontencodingpane/SimpleFont.java,90,call,error,"LOG.error(""Couldn't render code "" + index + "" ('"" + glyphName + ""') of font "" + font.getName(), ex);",src/PdfBox.Net.Debugger/Fontencodingpane/SimpleFont.cs,migrated,"src/PdfBox.Net.Debugger/Fontencodingpane/SimpleFont.cs:86: LOG.LogError(ex, ""Couldn't render code {Code} ('{GlyphName}') of font {FontName}"", code, font.CodeToName(code), font.GetName());",
debugger/src/main/java/org/apache/pdfbox/debugger/pagepane/DebugTextOverlay.java,58,logger-field,,private static final Log LOG = LogFactory.getLog(DebugTextOverlay.class);,src/PdfBox.Net.Debugger/Pagepane/DebugTextOverlay.cs,migrated,src/PdfBox.Net.Debugger/Pagepane/DebugTextOverlay.cs:35: ILogger<DebugTextOverlay> LOG => PdfBoxLogging.CreateLogger<DebugTextOverlay>();,
debugger/src/main/java/org/apache/pdfbox/debugger/pagepane/DebugTextOverlay.java,225,call,error,"LOG.error(""Couldn't get bounds for code "" + code + "" at position ("" + at.getTranslateX() + "","" + at.getTranslateY() + "")"", ex);",src/PdfBox.Net.Debugger/Pagepane/DebugTextOverlay.cs,absent-region,,The Java glyph-bounds overlay region containing this diagnostic is not present in the current debugger port.
debugger/src/main/java/org/apache/pdfbox/debugger/pagepane/PagePane.java,96,logger-field,,private static final Log LOG = LogFactory.getLog(PagePane.class);,src/PdfBox.Net.Debugger/Pagepane/PagePane.cs,migrated,src/PdfBox.Net.Debugger/Pagepane/PagePane.cs:35: ILogger<PagePane> LOG => PdfBoxLogging.CreateLogger<PagePane>();,
debugger/src/main/java/org/apache/pdfbox/debugger/pagepane/PagePane.java,142,call,error,"LOG.error(ex.getMessage(), ex);",src/PdfBox.Net.Debugger/Pagepane/PagePane.cs,absent-region,,The corresponding Java page-rendering UI failure regions are not present in the adapted debugger pane.
debugger/src/main/java/org/apache/pdfbox/debugger/pagepane/PagePane.java,190,call,error,"LOG.error(ex.getMessage(), ex);",src/PdfBox.Net.Debugger/Pagepane/PagePane.cs,absent-region,,The corresponding Java page-rendering UI failure regions are not present in the adapted debugger pane.
debugger/src/main/java/org/apache/pdfbox/debugger/pagepane/PagePane.java,326,call,error,"LOG.error(ex.getMessage(), ex);",src/PdfBox.Net.Debugger/Pagepane/PagePane.cs,absent-region,,The corresponding Java page-rendering UI failure regions are not present in the adapted debugger pane.
debugger/src/main/java/org/apache/pdfbox/debugger/streampane/Stream.java,44,logger-field,,private static final Log LOG = LogFactory.getLog(Stream.class);,src/PdfBox.Net.Debugger/Streampane/Stream.cs,migrated,src/PdfBox.Net.Debugger/Streampane/Stream.cs:36: ILogger<Stream> LOG => PdfBoxLogging.CreateLogger<Stream>();,
debugger/src/main/java/org/apache/pdfbox/debugger/streampane/Stream.java,154,call,error,"LOG.error(e.getMessage(), e);",src/PdfBox.Net.Debugger/Streampane/Stream.cs,migrated,"src/PdfBox.Net.Debugger/Streampane/Stream.cs:82: LOG.LogError(ex, ""{ErrorMessage}"", ex.Message);",
debugger/src/main/java/org/apache/pdfbox/debugger/streampane/Stream.java,182,call,error,"LOG.error(e.getMessage(), e);",src/PdfBox.Net.Debugger/Streampane/Stream.cs,absent-region,,The Java stream-decoding branch that owns this diagnostic is not present in the adapted debugger stream model.
debugger/src/main/java/org/apache/pdfbox/debugger/streampane/StreamPane.java,84,logger-field,,private static final Log LOG = LogFactory.getLog(StreamPane.class);,src/PdfBox.Net.Debugger/Streampane/StreamPane.cs,migrated,src/PdfBox.Net.Debugger/Streampane/StreamPane.cs:35: ILogger<StreamPane> LOG => PdfBoxLogging.CreateLogger<StreamPane>();,
debugger/src/main/java/org/apache/pdfbox/debugger/streampane/StreamPane.java,238,call,error,"LOG.error(e.getMessage(), e);",src/PdfBox.Net.Debugger/Streampane/StreamPane.cs,absent-region,,The corresponding Java stream-pane UI action and decoding failure branches are not present in the adapted debugger pane.
debugger/src/main/java/org/apache/pdfbox/debugger/streampane/StreamPane.java,336,call,error,"LOG.error(e.getMessage(), e);",src/PdfBox.Net.Debugger/Streampane/StreamPane.cs,absent-region,,The corresponding Java stream-pane UI action and decoding failure branches are not present in the adapted debugger pane.
debugger/src/main/java/org/apache/pdfbox/debugger/streampane/StreamPane.java,350,call,error,"LOG.error(e.getMessage(), e);",src/PdfBox.Net.Debugger/Streampane/StreamPane.cs,absent-region,,The corresponding Java stream-pane UI action and decoding failure branches are not present in the adapted debugger pane.
debugger/src/main/java/org/apache/pdfbox/debugger/streampane/StreamPane.java,376,call,error,"LOG.error(e.getMessage(), e);",src/PdfBox.Net.Debugger/Streampane/StreamPane.cs,absent-region,,The corresponding Java stream-pane UI action and decoding failure branches are not present in the adapted debugger pane.
debugger/src/main/java/org/apache/pdfbox/debugger/streampane/StreamPane.java,407,call,error,"LOG.error(ex.getMessage(), ex);",src/PdfBox.Net.Debugger/Streampane/StreamPane.cs,absent-region,,The corresponding Java stream-pane UI action and decoding failure branches are not present in the adapted debugger pane.
debugger/src/main/java/org/apache/pdfbox/debugger/streampane/StreamPane.java,445,call,error,"LOG.error(e.getMessage(), e);",src/PdfBox.Net.Debugger/Streampane/StreamPane.cs,absent-region,,The corresponding Java stream-pane UI action and decoding failure branches are not present in the adapted debugger pane.
debugger/src/main/java/org/apache/pdfbox/debugger/streampane/tooltip/FontToolTip.java,33,logger-field,,private static final Log LOG = LogFactory.getLog(FontToolTip.class);,src/PdfBox.Net.Debugger/Streampane/Tooltip/FontToolTip.cs,migrated,src/PdfBox.Net.Debugger/Streampane/Tooltip/FontToolTip.cs:41: ILogger<FontToolTip> LOG => PdfBoxLogging.CreateLogger<FontToolTip>();,
debugger/src/main/java/org/apache/pdfbox/debugger/streampane/tooltip/FontToolTip.java,60,call,error,"LOG.error(e.getMessage(), e);",src/PdfBox.Net.Debugger/Streampane/Tooltip/FontToolTip.cs,migrated,"src/PdfBox.Net.Debugger/Streampane/Tooltip/FontToolTip.cs:67: LOG.LogError(ex, ""{ErrorMessage}"", ex.Message);",
debugger/src/main/java/org/apache/pdfbox/debugger/streampane/tooltip/KToolTip.java,36,logger-field,,private static final Log LOG = LogFactory.getLog(KToolTip.class);,src/PdfBox.Net.Debugger/Streampane/Tooltip/KToolTip.cs,migrated,src/PdfBox.Net.Debugger/Streampane/Tooltip/KToolTip.cs:41: ILogger<KToolTip> LOG => PdfBoxLogging.CreateLogger<KToolTip>();,
debugger/src/main/java/org/apache/pdfbox/debugger/streampane/tooltip/KToolTip.java,59,call,error,"LOG.error(e.getMessage(), e);",src/PdfBox.Net.Debugger/Streampane/Tooltip/KToolTip.cs,migrated,"src/PdfBox.Net.Debugger/Streampane/Tooltip/KToolTip.cs:55: LOG.LogError(ex, ""{ErrorMessage}"", ex.Message);",
debugger/src/main/java/org/apache/pdfbox/debugger/streampane/tooltip/SCNToolTip.java,35,logger-field,,private static final Log LOG = LogFactory.getLog(SCNToolTip.class);,src/PdfBox.Net.Debugger/Streampane/Tooltip/SCNToolTip.cs,migrated,src/PdfBox.Net.Debugger/Streampane/Tooltip/SCNToolTip.cs:42: ILogger<SCNToolTip> LOG => PdfBoxLogging.CreateLogger<SCNToolTip>();,
debugger/src/main/java/org/apache/pdfbox/debugger/streampane/tooltip/SCNToolTip.java,55,call,error,"LOG.error(e.getMessage(), e);",src/PdfBox.Net.Debugger/Streampane/Tooltip/SCNToolTip.cs,migrated,"src/PdfBox.Net.Debugger/Streampane/Tooltip/SCNToolTip.cs:58: LOG.LogError(ex, ""{ErrorMessage}"", ex.Message);",
debugger/src/main/java/org/apache/pdfbox/debugger/streampane/tooltip/SCNToolTip.java,75,call,error,"LOG.error(e.getMessage(), e);",src/PdfBox.Net.Debugger/Streampane/Tooltip/SCNToolTip.cs,migrated,"src/PdfBox.Net.Debugger/Streampane/Tooltip/SCNToolTip.cs:80: LOG.LogError(ex, ""{ErrorMessage}"", ex.Message);",
debugger/src/main/java/org/apache/pdfbox/debugger/streampane/tooltip/ToolTipController.java,36,logger-field,,private static final Log LOG = LogFactory.getLog(ToolTipController.class);,src/PdfBox.Net.Debugger/Streampane/Tooltip/ToolTipController.cs,migrated,src/PdfBox.Net.Debugger/Streampane/Tooltip/ToolTipController.cs:43: ILogger<ToolTipController> LOG => PdfBoxLogging.CreateLogger<ToolTipController>();,
debugger/src/main/java/org/apache/pdfbox/debugger/streampane/tooltip/ToolTipController.java,145,call,error,"LOG.error(e, e);",src/PdfBox.Net.Debugger/Streampane/Tooltip/ToolTipController.cs,absent-region,,The Java operator-specific tooltip construction branches that own these diagnostics are absent from the adapted controller.
debugger/src/main/java/org/apache/pdfbox/debugger/streampane/tooltip/ToolTipController.java,166,call,error,"LOG.error(e, e);",src/PdfBox.Net.Debugger/Streampane/Tooltip/ToolTipController.cs,absent-region,,The Java operator-specific tooltip construction branches that own these diagnostics are absent from the adapted controller.
debugger/src/main/java/org/apache/pdfbox/debugger/streampane/tooltip/ToolTipController.java,181,call,error,"LOG.error(e, e);",src/PdfBox.Net.Debugger/Streampane/Tooltip/ToolTipController.cs,absent-region,,The Java operator-specific tooltip construction branches that own these diagnostics are absent from the adapted controller.
debugger/src/main/java/org/apache/pdfbox/debugger/ui/textsearcher/SearchEngine.java,35,logger-field,,private static final Log LOG = LogFactory.getLog(SearchEngine.class);,src/PdfBox.Net.Debugger/Ui/Textsearcher/SearchEngine.cs,migrated,src/PdfBox.Net.Debugger/Ui/Textsearcher/SearchEngine.cs:35: ILogger<SearchEngine> LOG => PdfBoxLogging.CreateLogger<SearchEngine>();,
debugger/src/main/java/org/apache/pdfbox/debugger/ui/textsearcher/SearchEngine.java,80,call,error,"LOG.error(e.getMessage(), e);",src/PdfBox.Net.Debugger/Ui/Textsearcher/SearchEngine.cs,absent-region,,The corresponding Java text-search execution failure branches are not implemented in the current debugger search engine.
debugger/src/main/java/org/apache/pdfbox/debugger/ui/textsearcher/SearchEngine.java,104,call,error,"LOG.error(e.getMessage(), e);",src/PdfBox.Net.Debugger/Ui/Textsearcher/SearchEngine.cs,absent-region,,The corresponding Java text-search execution failure branches are not implemented in the current debugger search engine.
debugger/src/main/java/org/apache/pdfbox/debugger/ui/textsearcher/Searcher.java,47,logger-field,,private static final Log LOG = LogFactory.getLog(Searcher.class);,src/PdfBox.Net.Debugger/Ui/Textsearcher/Searcher.cs,migrated,src/PdfBox.Net.Debugger/Ui/Textsearcher/Searcher.cs:35: ILogger<Searcher> LOG => PdfBoxLogging.CreateLogger<Searcher>();,
debugger/src/main/java/org/apache/pdfbox/debugger/ui/textsearcher/Searcher.java,154,call,error,"LOG.error(e.getMessage(), e);",src/PdfBox.Net.Debugger/Ui/Textsearcher/Searcher.cs,absent-region,,The corresponding Java background-search and navigation failure branches are absent from the adapted debugger searcher.
debugger/src/main/java/org/apache/pdfbox/debugger/ui/textsearcher/Searcher.java,208,call,error,"LOG.error(e.getMessage(), e);",src/PdfBox.Net.Debugger/Ui/Textsearcher/Searcher.cs,absent-region,,The corresponding Java background-search and navigation failure branches are absent from the adapted debugger searcher.
debugger/src/main/java/org/apache/pdfbox/debugger/ui/textsearcher/Searcher.java,234,call,error,"LOG.error(e.getMessage(), e);",src/PdfBox.Net.Debugger/Ui/Textsearcher/Searcher.cs,absent-region,,The corresponding Java background-search and navigation failure branches are absent from the adapted debugger searcher.
examples/src/main/java/org/apache/pdfbox/examples/printing/OpaquePDFRenderer.java,121,logger-field,,private static final Log LOG = LogFactory.getLog(OpaqueDrawObject.class);,src/PdfBox.Net.Examples/Printing/OpaquePDFRenderer.cs,absent-region,,The adapted .NET printing example delegates rendering and does not contain the two Java nested operator classes that own these logger declarations and diagnostics.
examples/src/main/java/org/apache/pdfbox/examples/printing/OpaquePDFRenderer.java,178,logger-field,,private static final Log LOG = LogFactory.getLog(OpaqueSetGraphicsStateParameters.class);,src/PdfBox.Net.Examples/Printing/OpaquePDFRenderer.cs,absent-region,,The adapted .NET printing example delegates rendering and does not contain the two Java nested operator classes that own these logger declarations and diagnostics.
examples/src/main/java/org/apache/pdfbox/examples/printing/OpaquePDFRenderer.java,155,call,error,"LOG.error(""recursion is too deep, skipping form XObject"");",src/PdfBox.Net.Examples/Printing/OpaquePDFRenderer.cs,absent-region,,The adapted .NET printing example delegates rendering and does not contain the two Java nested operator classes that own these logger declarations and diagnostics.
examples/src/main/java/org/apache/pdfbox/examples/printing/OpaquePDFRenderer.java,204,call,error,"LOG.error(""name for 'gs' operator not found in resources: /"" + graphicsName.getName());",src/PdfBox.Net.Examples/Printing/OpaquePDFRenderer.cs,absent-region,,The adapted .NET printing example delegates rendering and does not contain the two Java nested operator classes that own these logger declarations and diagnostics.
examples/src/main/java/org/apache/pdfbox/examples/signature/CreateSignedTimeStamp.java,48,logger-field,,private static final Log LOG = LogFactory.getLog(CreateSignedTimeStamp.class);,src/PdfBox.Net.Examples/Signature/CreateSignedTimeStamp.cs,migrated,src/PdfBox.Net.Examples/Signature/CreateSignedTimeStamp.cs:47: ILogger<CreateSignedTimeStamp> LOG => PdfBoxLogging.CreateLogger<CreateSignedTimeStamp>();,
examples/src/main/java/org/apache/pdfbox/examples/signature/CreateSignedTimeStamp.java,140,call,error,"LOG.error(""Hashing-Algorithm not found for TimeStamping"", e);",src/PdfBox.Net.Examples/Signature/CreateSignedTimeStamp.cs,migrated,"src/PdfBox.Net.Examples/Signature/CreateSignedTimeStamp.cs:111: LOG.LogError(ex, ""Hashing-Algorithm not found for TimeStamping"");",
examples/src/main/java/org/apache/pdfbox/examples/signature/ShowSignature.java,94,logger-field,,private static final Log LOG = LogFactory.getLog(ShowSignature.class);,src/PdfBox.Net.Examples/Signature/ShowSignature.cs,migrated,src/PdfBox.Net.Examples/Signature/ShowSignature.cs:45: ILogger<ShowSignature> LOG => PdfBoxLogging.CreateLogger<ShowSignature>();,
examples/src/main/java/org/apache/pdfbox/examples/signature/SigUtils.java,76,logger-field,,private static final Log LOG = LogFactory.getLog(SigUtils.class);,src/PdfBox.Net.Examples/Signature/SigUtils.cs,migrated,src/PdfBox.Net.Examples/Signature/SigUtils.cs:43: ILogger<SigUtils> LOG => PdfBoxLogging.CreateLogger<SigUtils>();,
examples/src/main/java/org/apache/pdfbox/examples/signature/SigUtils.java,216,call,error,"LOG.error(""Certificate key usage does not include "" + ""digitalSignature nor nonRepudiation"");",src/PdfBox.Net.Examples/Signature/SigUtils.cs,migrated,"src/PdfBox.Net.Examples/Signature/SigUtils.cs:167: LOG.LogError( ""Certificate key usage does not include digitalSignature nor nonRepudiation"");",
examples/src/main/java/org/apache/pdfbox/examples/signature/SigUtils.java,228,call,error,"LOG.error(""Certificate extended key usage does not include "" + ""emailProtection, nor codeSigning, nor anyExtendedKeyUsage, "" + ""nor 'Adobe Authentic Documents Trust'"");",src/PdfBox.Net.Examples/Signature/SigUtils.cs,migrated,"src/PdfBox.Net.Examples/Signature/SigUtils.cs:190: LOG.LogError( ""Certificate extended key usage does not include emailProtection, nor codeSigning, nor anyExtendedKeyUsage, nor 'Adobe Authentic Documents Trust'"");",
examples/src/main/java/org/apache/pdfbox/examples/signature/SigUtils.java,248,call,error,"LOG.error(""Certificate extended key usage does not include timeStamping"");",src/PdfBox.Net.Examples/Signature/SigUtils.cs,absent-region,,"The current example port does not contain the Java extended-key-usage, missing-object, and HTTP response/redirect regions that own these diagnostics."
examples/src/main/java/org/apache/pdfbox/examples/signature/SigUtils.java,266,call,error,"LOG.error(""Certificate extended key usage does not include OCSP responding"");",src/PdfBox.Net.Examples/Signature/SigUtils.cs,absent-region,,"The current example port does not contain the Java extended-key-usage, missing-object, and HTTP response/redirect regions that own these diagnostics."
examples/src/main/java/org/apache/pdfbox/examples/signature/SigUtils.java,418,call,warn,"LOG.warn(""Object "" + n + "" missing, signature verification may fail in "" + ""Adobe Reader, see https://stackoverflow.com/questions/71267471/"");",src/PdfBox.Net.Examples/Signature/SigUtils.cs,absent-region,,"The current example port does not contain the Java extended-key-usage, missing-object, and HTTP response/redirect regions that own these diagnostics."
examples/src/main/java/org/apache/pdfbox/examples/signature/SigUtils.java,444,call,info,"LOG.info(responseCode + "" "" + con.getResponseMessage());",src/PdfBox.Net.Examples/Signature/SigUtils.cs,absent-region,,"The current example port does not contain the Java extended-key-usage, missing-object, and HTTP response/redirect regions that own these diagnostics."
examples/src/main/java/org/apache/pdfbox/examples/signature/SigUtils.java,456,call,info,"LOG.info(""redirection to "" + location + "" followed"");",src/PdfBox.Net.Examples/Signature/SigUtils.cs,absent-region,,"The current example port does not contain the Java extended-key-usage, missing-object, and HTTP response/redirect regions that own these diagnostics."
examples/src/main/java/org/apache/pdfbox/examples/signature/SigUtils.java,462,call,info,"LOG.info(""redirection to "" + location + "" ignored"");",src/PdfBox.Net.Examples/Signature/SigUtils.cs,absent-region,,"The current example port does not contain the Java extended-key-usage, missing-object, and HTTP response/redirect regions that own these diagnostics."
examples/src/main/java/org/apache/pdfbox/examples/signature/TSAClient.java,53,logger-field,,private static final Log LOG = LogFactory.getLog(TSAClient.class);,src/PdfBox.Net.Examples/Signature/TSAClient.cs,migrated,src/PdfBox.Net.Examples/Signature/TSAClient.cs:43: ILogger<TSAClient> LOG => PdfBoxLogging.CreateLogger<TSAClient>();,
examples/src/main/java/org/apache/pdfbox/examples/signature/TSAClient.java,120,call,error,"LOG.error(""request: "" + Hex.getString(encodedRequest));",src/PdfBox.Net.Examples/Signature/TSAClient.cs,migrated,"src/PdfBox.Net.Examples/Signature/TSAClient.cs:100: LOG.LogError(""request: {Request}"", Convert.ToHexString(requestBytes));",
examples/src/main/java/org/apache/pdfbox/examples/signature/TSAClient.java,123,call,error,"LOG.error(""response: "" + Hex.getString(tsaResponse));",src/PdfBox.Net.Examples/Signature/TSAClient.cs,migrated,"src/PdfBox.Net.Examples/Signature/TSAClient.cs:101: LOG.LogError(""response: {Response}"", Convert.ToHexString(responseBytes));",
examples/src/main/java/org/apache/pdfbox/examples/signature/TSAClient.java,127,call,error,"LOG.error(""request nonce: "" + request.getNonce().toString(16));",src/PdfBox.Net.Examples/Signature/TSAClient.cs,absent-region,,The Java nonce-validation diagnostic region is not present in the adapted timestamp client.
examples/src/main/java/org/apache/pdfbox/examples/signature/TSAClient.java,134,call,error,"LOG.error(""response nonce: "" + tsi.getNonce().toString(16));",src/PdfBox.Net.Examples/Signature/TSAClient.cs,absent-region,,The Java nonce-validation diagnostic region is not present in the adapted timestamp client.
examples/src/main/java/org/apache/pdfbox/examples/signature/TSAClient.java,158,call,debug,"LOG.debug(""Opening connection to TSA server"");",src/PdfBox.Net.Examples/Signature/TSAClient.cs,migrated,"src/PdfBox.Net.Examples/Signature/TSAClient.cs:151: LOG.LogDebug(""Opening connection to TSA server"");",
examples/src/main/java/org/apache/pdfbox/examples/signature/TSAClient.java,166,call,debug,"LOG.debug(""Established connection to TSA server"");",src/PdfBox.Net.Examples/Signature/TSAClient.cs,migrated,"src/PdfBox.Net.Examples/Signature/TSAClient.cs:169: LOG.LogDebug(""Established connection to TSA server"");",
examples/src/main/java/org/apache/pdfbox/examples/signature/TSAClient.java,187,call,error,"LOG.error(""Exception when writing to "" + this.url, ex);",src/PdfBox.Net.Examples/Signature/TSAClient.cs,migrated,"src/PdfBox.Net.Examples/Signature/TSAClient.cs:179: LOG.LogError(ex, ""Exception when writing to {TsaUrl}"", _tsaUrl);",
examples/src/main/java/org/apache/pdfbox/examples/signature/TSAClient.java,191,call,debug,"LOG.debug(""Waiting for response from TSA server"");",src/PdfBox.Net.Examples/Signature/TSAClient.cs,migrated,"src/PdfBox.Net.Examples/Signature/TSAClient.cs:170: LOG.LogDebug(""Waiting for response from TSA server"");",
examples/src/main/java/org/apache/pdfbox/examples/signature/TSAClient.java,200,call,error,"LOG.error(""Exception when reading from "" + this.url, ex);",src/PdfBox.Net.Examples/Signature/TSAClient.cs,migrated,"src/PdfBox.Net.Examples/Signature/TSAClient.cs:199: LOG.LogError(ex, ""Exception when reading from {TsaUrl}"", _tsaUrl);",
examples/src/main/java/org/apache/pdfbox/examples/signature/TSAClient.java,204,call,debug,"LOG.debug(""Received response from TSA server"");",src/PdfBox.Net.Examples/Signature/TSAClient.cs,migrated,"src/PdfBox.Net.Examples/Signature/TSAClient.cs:194: LOG.LogDebug(""Received response from TSA server"");",
examples/src/main/java/org/apache/pdfbox/examples/signature/cert/CRLVerifier.java,71,logger-field,,private static final Log LOG = LogFactory.getLog(CRLVerifier.class);,src/PdfBox.Net.Examples/Signature/Cert/CRLVerifier.cs,migrated,src/PdfBox.Net.Examples/Signature/Cert/CRLVerifier.cs:50: ILogger<CRLVerifier> LOG => PdfBoxLogging.CreateLogger<CRLVerifier>();,
examples/src/main/java/org/apache/pdfbox/examples/signature/cert/CRLVerifier.java,102,call,info,"LOG.info(""Checking distribution point URL: "" + crlDistributionPointsURL);",src/PdfBox.Net.Examples/Signature/Cert/CRLVerifier.cs,migrated,"src/PdfBox.Net.Examples/Signature/Cert/CRLVerifier.cs:84: LOG.LogInformation(""Checking distribution point URL: {CrlUrl}"", url);",
examples/src/main/java/org/apache/pdfbox/examples/signature/cert/CRLVerifier.java,113,call,warn,"LOG.warn(""Caught "" + ex.getClass().getSimpleName() + "" downloading CRL, will try next distribution point if available"");",src/PdfBox.Net.Examples/Signature/Cert/CRLVerifier.cs,migrated,"src/PdfBox.Net.Examples/Signature/Cert/CRLVerifier.cs:93: LOG.LogWarning( ""Caught {ExceptionType} downloading CRL, will try next distribution point if available"", ex.GetType().Name);",
examples/src/main/java/org/apache/pdfbox/examples/signature/cert/CRLVerifier.java,153,call,error,"LOG.error(""CRL not yet valid, thisUpdate is "" + crl.getThisUpdate());",src/PdfBox.Net.Examples/Signature/Cert/CRLVerifier.cs,absent-region,,"The adapted CRL example does not contain the Java CRL validity, issuer comparison, revocation-result, and ASN.1 distribution-point regions that own these diagnostics."
examples/src/main/java/org/apache/pdfbox/examples/signature/cert/CRLVerifier.java,157,call,error,"LOG.error(""CRL no longer valid, nextUpdate is "" + crl.getNextUpdate());",src/PdfBox.Net.Examples/Signature/Cert/CRLVerifier.cs,absent-region,,"The adapted CRL example does not contain the Java CRL validity, issuer comparison, revocation-result, and ASN.1 distribution-point regions that own these diagnostics."
examples/src/main/java/org/apache/pdfbox/examples/signature/cert/CRLVerifier.java,162,call,info,"LOG.info(""CRL issuer certificate is not identical to cert issuer, check needed"");",src/PdfBox.Net.Examples/Signature/Cert/CRLVerifier.cs,absent-region,,"The adapted CRL example does not contain the Java CRL validity, issuer comparison, revocation-result, and ASN.1 distribution-point regions that own these diagnostics."
examples/src/main/java/org/apache/pdfbox/examples/signature/cert/CRLVerifier.java,164,call,info,"LOG.info(""CRL issuer certificate checked successfully"");",src/PdfBox.Net.Examples/Signature/Cert/CRLVerifier.cs,absent-region,,"The adapted CRL example does not contain the Java CRL validity, issuer comparison, revocation-result, and ASN.1 distribution-point regions that own these diagnostics."
examples/src/main/java/org/apache/pdfbox/examples/signature/cert/CRLVerifier.java,168,call,info,"LOG.info(""CRL issuer certificate is identical to cert issuer, no extra check needed"");",src/PdfBox.Net.Examples/Signature/Cert/CRLVerifier.cs,absent-region,,"The adapted CRL example does not contain the Java CRL validity, issuer comparison, revocation-result, and ASN.1 distribution-point regions that own these diagnostics."
examples/src/main/java/org/apache/pdfbox/examples/signature/cert/CRLVerifier.java,224,call,info,"LOG.info(""The certificate was revoked after signing by CRL "" + crlDistributionPointsURL + "" on "" + revokedCRLEntry.getRevocationDate());",src/PdfBox.Net.Examples/Signature/Cert/CRLVerifier.cs,absent-region,,"The adapted CRL example does not contain the Java CRL validity, issuer comparison, revocation-result, and ASN.1 distribution-point regions that own these diagnostics."
examples/src/main/java/org/apache/pdfbox/examples/signature/cert/CRLVerifier.java,229,call,info,"LOG.info(""The certificate was not revoked by CRL "" + crlDistributionPointsURL);",src/PdfBox.Net.Examples/Signature/Cert/CRLVerifier.cs,absent-region,,"The adapted CRL example does not contain the Java CRL validity, issuer comparison, revocation-result, and ASN.1 distribution-point regions that own these diagnostics."
examples/src/main/java/org/apache/pdfbox/examples/signature/cert/CRLVerifier.java,326,call,warn,"LOG.warn(""CRL distribution points for certificate subject "" + cert.getSubjectX500Principal().getName() + "" should be an octet string, but is "" + derObjCrlDP);",src/PdfBox.Net.Examples/Signature/Cert/CRLVerifier.cs,absent-region,,"The adapted CRL example does not contain the Java CRL validity, issuer comparison, revocation-result, and ASN.1 distribution-point regions that own these diagnostics."
examples/src/main/java/org/apache/pdfbox/examples/signature/cert/CertificateVerifier.java,74,logger-field,,private static final Log LOG = LogFactory.getLog(CertificateVerifier.class);,src/PdfBox.Net.Examples/Signature/Cert/CertificateVerifier.cs,migrated,src/PdfBox.Net.Examples/Signature/Cert/CertificateVerifier.cs:47: ILogger<CertificateVerifier> LOG => PdfBoxLogging.CreateLogger<CertificateVerifier>();,
examples/src/main/java/org/apache/pdfbox/examples/signature/cert/CertificateVerifier.java,146,call,info,"LOG.info(""CA issuers: "" + downloadSize + "" downloaded certificate(s) are new"");",src/PdfBox.Net.Examples/Signature/Cert/CertificateVerifier.cs,absent-region,,"The adapted certificate example does not contain the Java CA-issuer download, OCSP/CRL fallback, responder-certificate, and ASN.1 verification regions that own these diagnostics."
examples/src/main/java/org/apache/pdfbox/examples/signature/cert/CertificateVerifier.java,174,call,info,"LOG.info(""Certification chain verified successfully up to this root: "" + verifiedCertChain.getTrustAnchor().getTrustedCert().getSubjectX500Principal());",src/PdfBox.Net.Examples/Signature/Cert/CertificateVerifier.cs,migrated,"src/PdfBox.Net.Examples/Signature/Cert/CertificateVerifier.cs:105: LOG.LogInformation(""Certification chain verified successfully up to this root: {RootCertificate}"", root.Subject);",
examples/src/main/java/org/apache/pdfbox/examples/signature/cert/CertificateVerifier.java,244,call,warn,"LOG.warn(""Exception trying OCSP, will try CRL"", ex);",src/PdfBox.Net.Examples/Signature/Cert/CertificateVerifier.cs,absent-region,,"The adapted certificate example does not contain the Java CA-issuer download, OCSP/CRL fallback, responder-certificate, and ASN.1 verification regions that own these diagnostics."
examples/src/main/java/org/apache/pdfbox/examples/signature/cert/CertificateVerifier.java,245,call,warn,"LOG.warn(""Certificate# to check: "" + cert.getSerialNumber().toString(16));",src/PdfBox.Net.Examples/Signature/Cert/CertificateVerifier.cs,absent-region,,"The adapted certificate example does not contain the Java CA-issuer download, OCSP/CRL fallback, responder-certificate, and ASN.1 verification regions that own these diagnostics."
examples/src/main/java/org/apache/pdfbox/examples/signature/cert/CertificateVerifier.java,251,call,info,"LOG.info(""OCSP not available, will try CRL"");",src/PdfBox.Net.Examples/Signature/Cert/CertificateVerifier.cs,absent-region,,"The adapted certificate example does not contain the Java CA-issuer download, OCSP/CRL fallback, responder-certificate, and ASN.1 verification regions that own these diagnostics."
examples/src/main/java/org/apache/pdfbox/examples/signature/cert/CertificateVerifier.java,279,call,debug,"LOG.debug(""Couldn't get signature information - returning false"", ex);",src/PdfBox.Net.Examples/Signature/Cert/CertificateVerifier.cs,absent-region,,"The adapted certificate example does not contain the Java CA-issuer download, OCSP/CRL fallback, responder-certificate, and ASN.1 verification regions that own these diagnostics."
examples/src/main/java/org/apache/pdfbox/examples/signature/cert/CertificateVerifier.java,310,call,warn,"LOG.warn(ex.getMessage(), ex);",src/PdfBox.Net.Examples/Signature/Cert/CertificateVerifier.cs,absent-region,,"The adapted certificate example does not contain the Java CA-issuer download, OCSP/CRL fallback, responder-certificate, and ASN.1 verification regions that own these diagnostics."
examples/src/main/java/org/apache/pdfbox/examples/signature/cert/CertificateVerifier.java,315,call,warn,"LOG.warn(""ASN1Sequence expected, got "" + asn1Prim.getClass().getSimpleName());",src/PdfBox.Net.Examples/Signature/Cert/CertificateVerifier.cs,absent-region,,"The adapted certificate example does not contain the Java CA-issuer download, OCSP/CRL fallback, responder-certificate, and ASN.1 verification regions that own these diagnostics."
examples/src/main/java/org/apache/pdfbox/examples/signature/cert/CertificateVerifier.java,332,call,info,"LOG.info(""CA issuers URL: "" + urlString);",src/PdfBox.Net.Examples/Signature/Cert/CertificateVerifier.cs,absent-region,,"The adapted certificate example does not contain the Java CA-issuer download, OCSP/CRL fallback, responder-certificate, and ASN.1 verification regions that own these diagnostics."
examples/src/main/java/org/apache/pdfbox/examples/signature/cert/CertificateVerifier.java,338,call,info,"LOG.info(""CA issuers URL: "" + altCerts.size() + "" certificate(s) downloaded"");",src/PdfBox.Net.Examples/Signature/Cert/CertificateVerifier.cs,absent-region,,"The adapted certificate example does not contain the Java CA-issuer download, OCSP/CRL fallback, responder-certificate, and ASN.1 verification regions that own these diagnostics."
examples/src/main/java/org/apache/pdfbox/examples/signature/cert/CertificateVerifier.java,342,call,warn,"LOG.warn(urlString + "" failure: "" + ex.getMessage(), ex);",src/PdfBox.Net.Examples/Signature/Cert/CertificateVerifier.cs,absent-region,,"The adapted certificate example does not contain the Java CA-issuer download, OCSP/CRL fallback, responder-certificate, and ASN.1 verification regions that own these diagnostics."
examples/src/main/java/org/apache/pdfbox/examples/signature/cert/CertificateVerifier.java,346,call,warn,"LOG.warn(ex.getMessage(), ex);",src/PdfBox.Net.Examples/Signature/Cert/CertificateVerifier.cs,absent-region,,"The adapted certificate example does not contain the Java CA-issuer download, OCSP/CRL fallback, responder-certificate, and ASN.1 verification regions that own these diagnostics."
examples/src/main/java/org/apache/pdfbox/examples/signature/cert/CertificateVerifier.java,349,call,info,"LOG.info(""CA issuers: Downloaded "" + resultSet.size() + "" certificate(s) total"");",src/PdfBox.Net.Examples/Signature/Cert/CertificateVerifier.cs,absent-region,,"The adapted certificate example does not contain the Java CA-issuer download, OCSP/CRL fallback, responder-certificate, and ASN.1 verification regions that own these diagnostics."
examples/src/main/java/org/apache/pdfbox/examples/signature/cert/CertificateVerifier.java,437,call,info,"LOG.info(""OCSP URL: "" + ocspURL);",src/PdfBox.Net.Examples/Signature/Cert/CertificateVerifier.cs,absent-region,,"The adapted certificate example does not contain the Java CA-issuer download, OCSP/CRL fallback, responder-certificate, and ASN.1 verification regions that own these diagnostics."
examples/src/main/java/org/apache/pdfbox/examples/signature/cert/CertificateVerifier.java,469,call,info,"LOG.info(""OCSP check successful"");",src/PdfBox.Net.Examples/Signature/Cert/CertificateVerifier.cs,absent-region,,"The adapted certificate example does not contain the Java CA-issuer download, OCSP/CRL fallback, responder-certificate, and ASN.1 verification regions that own these diagnostics."
examples/src/main/java/org/apache/pdfbox/examples/signature/cert/CertificateVerifier.java,479,call,info,"LOG.info(""Revocation check of OCSP responder certificate skipped (id-pkix-ocsp-nocheck is set)"");",src/PdfBox.Net.Examples/Signature/Cert/CertificateVerifier.cs,absent-region,,"The adapted certificate example does not contain the Java CA-issuer download, OCSP/CRL fallback, responder-certificate, and ASN.1 verification regions that own these diagnostics."
examples/src/main/java/org/apache/pdfbox/examples/signature/cert/CertificateVerifier.java,485,call,info,"LOG.info(""OCSP responder certificate is identical to certificate to check"");",src/PdfBox.Net.Examples/Signature/Cert/CertificateVerifier.cs,absent-region,,"The adapted certificate example does not contain the Java CA-issuer download, OCSP/CRL fallback, responder-certificate, and ASN.1 verification regions that own these diagnostics."
examples/src/main/java/org/apache/pdfbox/examples/signature/cert/CertificateVerifier.java,489,call,info,"LOG.info(""Check of OCSP responder certificate"");",src/PdfBox.Net.Examples/Signature/Cert/CertificateVerifier.cs,absent-region,,"The adapted certificate example does not contain the Java CA-issuer download, OCSP/CRL fallback, responder-certificate, and ASN.1 verification regions that own these diagnostics."
examples/src/main/java/org/apache/pdfbox/examples/signature/cert/CertificateVerifier.java,505,call,error,"LOG.error(ex, ex);",src/PdfBox.Net.Examples/Signature/Cert/CertificateVerifier.cs,absent-region,,"The adapted certificate example does not contain the Java CA-issuer download, OCSP/CRL fallback, responder-certificate, and ASN.1 verification regions that own these diagnostics."
examples/src/main/java/org/apache/pdfbox/examples/signature/cert/CertificateVerifier.java,509,call,info,"LOG.info(""Check of OCSP responder certificate done"");",src/PdfBox.Net.Examples/Signature/Cert/CertificateVerifier.cs,absent-region,,"The adapted certificate example does not contain the Java CA-issuer download, OCSP/CRL fallback, responder-certificate, and ASN.1 verification regions that own these diagnostics."
examples/src/main/java/org/apache/pdfbox/examples/signature/cert/OcspHelper.java,80,logger-field,,private static final Log LOG = LogFactory.getLog(OcspHelper.class);,src/PdfBox.Net.Examples/Signature/Cert/OcspHelper.cs,migrated,src/PdfBox.Net.Examples/Signature/Cert/OcspHelper.cs:48: ILogger<OcspHelper> LOG => PdfBoxLogging.CreateLogger<OcspHelper>();,
examples/src/main/java/org/apache/pdfbox/examples/signature/cert/OcspHelper.java,210,call,error,"LOG.error(ex, ex);",src/PdfBox.Net.Examples/Signature/Cert/OcspHelper.cs,absent-region,,"The current OCSP example port omits the Java network redirect, nonce/freshness, response-status, revocation-result, and several ASN.1/error-handling regions that own these diagnostics."
examples/src/main/java/org/apache/pdfbox/examples/signature/cert/OcspHelper.java,243,call,info,"LOG.info(""The certificate was revoked after signing by OCSP "" + ocspUrl + "" on "" + revokedStatus.getRevocationTime());",src/PdfBox.Net.Examples/Signature/Cert/OcspHelper.cs,absent-region,,"The current OCSP example port omits the Java network redirect, nonce/freshness, response-status, revocation-result, and several ASN.1/error-handling regions that own these diagnostics."
examples/src/main/java/org/apache/pdfbox/examples/signature/cert/OcspHelper.java,272,call,error,"LOG.error(""SHA-1 Algorithm not found"", ex);",src/PdfBox.Net.Examples/Signature/Cert/OcspHelper.cs,absent-region,,"The current OCSP example port omits the Java network redirect, nonce/freshness, response-status, revocation-result, and several ASN.1/error-handling regions that own these diagnostics."
examples/src/main/java/org/apache/pdfbox/examples/signature/cert/OcspHelper.java,294,call,error,"LOG.error(ex, ex);",src/PdfBox.Net.Examples/Signature/Cert/OcspHelper.cs,absent-region,,"The current OCSP example port omits the Java network redirect, nonce/freshness, response-status, revocation-result, and several ASN.1/error-handling regions that own these diagnostics."
examples/src/main/java/org/apache/pdfbox/examples/signature/cert/OcspHelper.java,319,call,error,"LOG.error(ex, ex);",src/PdfBox.Net.Examples/Signature/Cert/OcspHelper.cs,absent-region,,"The current OCSP example port omits the Java network redirect, nonce/freshness, response-status, revocation-result, and several ASN.1/error-handling regions that own these diagnostics."
examples/src/main/java/org/apache/pdfbox/examples/signature/cert/OcspHelper.java,339,call,error,"LOG.error(ex, ex);",src/PdfBox.Net.Examples/Signature/Cert/OcspHelper.cs,absent-region,,"The current OCSP example port omits the Java network redirect, nonce/freshness, response-status, revocation-result, and several ASN.1/error-handling regions that own these diagnostics."
examples/src/main/java/org/apache/pdfbox/examples/signature/cert/OcspHelper.java,382,call,error,"LOG.error(curDate + "" < "" + thisUpdate);",src/PdfBox.Net.Examples/Signature/Cert/OcspHelper.cs,absent-region,,"The current OCSP example port omits the Java network redirect, nonce/freshness, response-status, revocation-result, and several ASN.1/error-handling regions that own these diagnostics."
examples/src/main/java/org/apache/pdfbox/examples/signature/cert/OcspHelper.java,387,call,error,"LOG.error(curDate + "" > "" + nextUpdate);",src/PdfBox.Net.Examples/Signature/Cert/OcspHelper.cs,absent-region,,"The current OCSP example port omits the Java network redirect, nonce/freshness, response-status, revocation-result, and several ASN.1/error-handling regions that own these diagnostics."
examples/src/main/java/org/apache/pdfbox/examples/signature/cert/OcspHelper.java,390,call,info,"LOG.info(""OCSP response is fresh"");",src/PdfBox.Net.Examples/Signature/Cert/OcspHelper.cs,absent-region,,"The current OCSP example port omits the Java network redirect, nonce/freshness, response-status, revocation-result, and several ASN.1/error-handling regions that own these diagnostics."
examples/src/main/java/org/apache/pdfbox/examples/signature/cert/OcspHelper.java,439,call,info,"LOG.info(""Nonce is good"");",src/PdfBox.Net.Examples/Signature/Cert/OcspHelper.cs,absent-region,,"The current OCSP example port omits the Java network redirect, nonce/freshness, response-status, revocation-result, and several ASN.1/error-handling regions that own these diagnostics."
examples/src/main/java/org/apache/pdfbox/examples/signature/cert/OcspHelper.java,489,call,info,"LOG.info(""redirection to "" + location + "" followed"");",src/PdfBox.Net.Examples/Signature/Cert/OcspHelper.cs,absent-region,,"The current OCSP example port omits the Java network redirect, nonce/freshness, response-status, revocation-result, and several ASN.1/error-handling regions that own these diagnostics."
examples/src/main/java/org/apache/pdfbox/examples/signature/cert/OcspHelper.java,494,call,info,"LOG.info(""redirection to "" + location + "" ignored"");",src/PdfBox.Net.Examples/Signature/Cert/OcspHelper.cs,absent-region,,"The current OCSP example port omits the Java network redirect, nonce/freshness, response-status, revocation-result, and several ASN.1/error-handling regions that own these diagnostics."
examples/src/main/java/org/apache/pdfbox/examples/signature/cert/OcspHelper.java,531,call,error,"LOG.error(""An internal error occurred in the OCSP Server!"");",src/PdfBox.Net.Examples/Signature/Cert/OcspHelper.cs,absent-region,,"The current OCSP example port omits the Java network redirect, nonce/freshness, response-status, revocation-result, and several ASN.1/error-handling regions that own these diagnostics."
examples/src/main/java/org/apache/pdfbox/examples/signature/cert/OcspHelper.java,537,call,error,"LOG.error(""Your request did not fit the RFC 2560 syntax!"");",src/PdfBox.Net.Examples/Signature/Cert/OcspHelper.cs,absent-region,,"The current OCSP example port omits the Java network redirect, nonce/freshness, response-status, revocation-result, and several ASN.1/error-handling regions that own these diagnostics."
examples/src/main/java/org/apache/pdfbox/examples/signature/cert/OcspHelper.java,541,call,error,"LOG.error(""Your request was not signed!"");",src/PdfBox.Net.Examples/Signature/Cert/OcspHelper.cs,absent-region,,"The current OCSP example port omits the Java network redirect, nonce/freshness, response-status, revocation-result, and several ASN.1/error-handling regions that own these diagnostics."
examples/src/main/java/org/apache/pdfbox/examples/signature/cert/OcspHelper.java,545,call,error,"LOG.error(""The server was too busy to answer you!"");",src/PdfBox.Net.Examples/Signature/Cert/OcspHelper.cs,absent-region,,"The current OCSP example port omits the Java network redirect, nonce/freshness, response-status, revocation-result, and several ASN.1/error-handling regions that own these diagnostics."
examples/src/main/java/org/apache/pdfbox/examples/signature/cert/OcspHelper.java,549,call,error,"LOG.error(""The server could not authenticate you!"");",src/PdfBox.Net.Examples/Signature/Cert/OcspHelper.cs,absent-region,,"The current OCSP example port omits the Java network redirect, nonce/freshness, response-status, revocation-result, and several ASN.1/error-handling regions that own these diagnostics."
examples/src/main/java/org/apache/pdfbox/examples/signature/cert/OcspHelper.java,555,call,error,"LOG.error(""Unknown OCSPResponse status code! "" + status);",src/PdfBox.Net.Examples/Signature/Cert/OcspHelper.cs,absent-region,,"The current OCSP example port omits the Java network redirect, nonce/freshness, response-status, revocation-result, and several ASN.1/error-handling regions that own these diagnostics."
examples/src/main/java/org/apache/pdfbox/examples/signature/cert/OcspHelper.java,646,call,error,"LOG.error(""SHA-1 Algorithm not found"", ex);",src/PdfBox.Net.Examples/Signature/Cert/OcspHelper.cs,absent-region,,"The current OCSP example port omits the Java network redirect, nonce/freshness, response-status, revocation-result, and several ASN.1/error-handling regions that own these diagnostics."
examples/src/main/java/org/apache/pdfbox/examples/signature/validation/AddValidationInformation.java,83,logger-field,,private static final Log LOG = LogFactory.getLog(AddValidationInformation.class);,src/PdfBox.Net.Examples/Signature/Validation/AddValidationInformation.cs,migrated,src/PdfBox.Net.Examples/Signature/Validation/AddValidationInformation.cs:53: ILogger<AddValidationInformation> LOG => PdfBoxLogging.CreateLogger<AddValidationInformation>();,
examples/src/main/java/org/apache/pdfbox/examples/signature/validation/AddValidationInformation.java,295,call,info,"LOG.info(""No revocation information for cert "" + certInfo.getCertificate().getSubjectX500Principal());",src/PdfBox.Net.Examples/Signature/Validation/AddValidationInformation.cs,migrated,"src/PdfBox.Net.Examples/Signature/Validation/AddValidationInformation.cs:221: LOG.LogInformation(""No revocation information for cert {CertificateSubject}"", certInfo.Certificate?.Subject);",
examples/src/main/java/org/apache/pdfbox/examples/signature/validation/AddValidationInformation.java,331,call,error,"LOG.error(""Failed fetching OCSP at "" + certInfo.getOcspUrl(), e);",src/PdfBox.Net.Examples/Signature/Validation/AddValidationInformation.cs,migrated,"src/PdfBox.Net.Examples/Signature/Validation/AddValidationInformation.cs:269: LOG.LogError(ex, ""Failed fetching OCSP at '{OcspUrl}' for '{Certificate}'"", certInfo.OcspUrl, certInfo.Certificate);",
examples/src/main/java/org/apache/pdfbox/examples/signature/validation/AddValidationInformation.java,356,call,warn,"LOG.warn(""Failed fetching CRL"", e);",src/PdfBox.Net.Examples/Signature/Validation/AddValidationInformation.cs,migrated,"src/PdfBox.Net.Examples/Signature/Validation/AddValidationInformation.cs:323: LOG.LogWarning(ex, ""Failed fetching CRL"");",
examples/src/main/java/org/apache/pdfbox/examples/signature/validation/AddValidationInformation.java,552,call,error,"LOG.error(ex, ex);",src/PdfBox.Net.Examples/Signature/Validation/AddValidationInformation.cs,migrated,"src/PdfBox.Net.Examples/Signature/Validation/AddValidationInformation.cs:409: LOG.LogError(ex, ""{Error}"", ex);",
examples/src/main/java/org/apache/pdfbox/examples/signature/validation/CertInformationCollector.java,67,logger-field,,private static final Log LOG = LogFactory.getLog(CertInformationCollector.class);,src/PdfBox.Net.Examples/Signature/Validation/CertInformationCollector.cs,migrated,src/PdfBox.Net.Examples/Signature/Validation/CertInformationCollector.cs:57: ILogger<CertInformationCollector> LOG => PdfBoxLogging.CreateLogger<CertInformationCollector>();,
examples/src/main/java/org/apache/pdfbox/examples/signature/validation/CertInformationCollector.java,123,call,error,"LOG.error(""Error occurred getting Certificate Information from Signature"", e);",src/PdfBox.Net.Examples/Signature/Validation/CertInformationCollector.cs,migrated,"src/PdfBox.Net.Examples/Signature/Validation/CertInformationCollector.cs:150: LOG.LogError(ex, ""Error occurred getting Certificate Information from Signature"");",
examples/src/main/java/org/apache/pdfbox/examples/signature/validation/CertInformationCollector.java,249,call,info,"LOG.info(""Found issuer for Cert: "" + certificate.getSubjectX500Principal() + ""\n"" + issuer.getSubjectX500Principal());",src/PdfBox.Net.Examples/Signature/Validation/CertInformationCollector.cs,migrated,"src/PdfBox.Net.Examples/Signature/Validation/CertInformationCollector.cs:310: LOG.LogInformation(""Found issuer for Cert: {CertificateSubject}\n{IssuerSubject}"", certificate.Subject, issuer.Subject);",
examples/src/main/java/org/apache/pdfbox/examples/signature/validation/CertInformationCollector.java,271,call,info,"LOG.info(""Several issuers for Cert: '"" + certificate.getSubjectX500Principal() + ""'"");",src/PdfBox.Net.Examples/Signature/Validation/CertInformationCollector.cs,migrated,"src/PdfBox.Net.Examples/Signature/Validation/CertInformationCollector.cs:327: LOG.LogInformation(""Several issuers for Cert: '{CertificateSubject}"", certificate.Subject);",
examples/src/main/java/org/apache/pdfbox/examples/signature/validation/CertInformationCollector.java,293,call,info,"LOG.info(""Get alternative issuer certificate from: "" + certInfo.issuerUrl);",src/PdfBox.Net.Examples/Signature/Validation/CertInformationCollector.cs,migrated,"src/PdfBox.Net.Examples/Signature/Validation/CertInformationCollector.cs:338: LOG.LogInformation(""Get alternative issuer certificate from: {IssuerUrl}"", certInfo.IssuerUrl);",
examples/src/main/java/org/apache/pdfbox/examples/signature/validation/CertInformationCollector.java,309,call,error,"LOG.error(""Error getting alternative issuer certificate from "" + certInfo.issuerUrl, e);",src/PdfBox.Net.Examples/Signature/Validation/CertInformationCollector.cs,migrated,"src/PdfBox.Net.Examples/Signature/Validation/CertInformationCollector.cs:350: LOG.LogError(ex, ""Error getting alternative issuer certificate from {IssuerUrl}"", certInfo.IssuerUrl);",
examples/src/main/java/org/apache/pdfbox/examples/signature/validation/CertInformationCollector.java,330,call,error,"LOG.error(""Certificate Exception getting Certificate from certHolder."", e);",src/PdfBox.Net.Examples/Signature/Validation/CertInformationCollector.cs,migrated,"src/PdfBox.Net.Examples/Signature/Validation/CertInformationCollector.cs:103: LOG.LogError(ex, ""Certificate Exception getting Certificate from certHolder."");",
examples/src/main/java/org/apache/pdfbox/examples/signature/validation/CertInformationCollector.java,351,call,warn,"LOG.warn(""Certificate Exception getting Certificate from certHolder."", e);",src/PdfBox.Net.Examples/Signature/Validation/CertInformationCollector.cs,migrated,"src/PdfBox.Net.Examples/Signature/Validation/CertInformationCollector.cs:186: LOG.LogWarning(ex, ""Certificate Exception getting Certificate from certHolder."");",
examples/src/main/java/org/apache/pdfbox/examples/signature/validation/CertInformationHelper.java,39,logger-field,,private static final Log LOG = LogFactory.getLog(CertInformationHelper.class);,src/PdfBox.Net.Examples/Signature/Validation/CertInformationHelper.cs,migrated,src/PdfBox.Net.Examples/Signature/Validation/CertInformationHelper.cs:44: ILogger<CertInformationHelper> LOG => PdfBoxLogging.CreateLogger<CertInformationHelper>();,
examples/src/main/java/org/apache/pdfbox/examples/signature/validation/CertInformationHelper.java,60,call,error,"LOG.error(""No SHA-1 Algorithm found"", e);",src/PdfBox.Net.Examples/Signature/Validation/CertInformationHelper.cs,migrated,"src/PdfBox.Net.Examples/Signature/Validation/CertInformationHelper.cs:63: LOG.LogError(ex, ""No SHA-1 Algorithm found"");",
examples/src/main/java/org/apache/pdfbox/examples/util/PDFMergerExample.java,55,logger-field,,private static final Log LOG = LogFactory.getLog(PDFMergerExample.class);,src/PdfBox.Net.Examples/Util/PDFMergerExample.cs,migrated,src/PdfBox.Net.Examples/Util/PDFMergerExample.cs:39: ILogger<PDFMergerExample> LOG => PdfBoxLogging.CreateLogger<PDFMergerExample>();,
examples/src/main/java/org/apache/pdfbox/examples/util/PDFMergerExample.java,87,call,info,"LOG.info(""Merging "" + sources.size() + "" source documents into one PDF"");",src/PdfBox.Net.Examples/Util/PDFMergerExample.cs,migrated,"src/PdfBox.Net.Examples/Util/PDFMergerExample.cs:52: LOG.LogInformation(""Merging {SourceDocumentCount} source documents into one PDF"", inputFiles.Length);",
examples/src/main/java/org/apache/pdfbox/examples/util/PDFMergerExample.java,89,call,info,"LOG.info(""PDF merge successful, size = {"" + mergedPDFOutputStream.size() + ""} bytes"");",src/PdfBox.Net.Examples/Util/PDFMergerExample.cs,migrated,"src/PdfBox.Net.Examples/Util/PDFMergerExample.cs:62: LOG.LogInformation(""PDF merge successful, size = {MergedFileSize} bytes"", new FileInfo(destinationFileName).Length);",
examples/src/main/java/org/apache/pdfbox/examples/util/PDFMergerExample.java,106,call,info,"LOG.info(""Initialising PDF merge utility"");",src/PdfBox.Net.Examples/Util/PDFMergerExample.cs,migrated,"src/PdfBox.Net.Examples/Util/PDFMergerExample.cs:54: LOG.LogInformation(""Initialising PDF merge utility"");",
examples/src/main/java/org/apache/pdfbox/examples/util/PDFMergerExample.java,115,call,info,"LOG.info(""Setting document info (title, author, subject) for merged PDF"");",src/PdfBox.Net.Examples/Util/PDFMergerExample.cs,absent-region,,The Java document-information and XMP metadata setup regions containing these informational diagnostics are absent from the minimal merger example port.
examples/src/main/java/org/apache/pdfbox/examples/util/PDFMergerExample.java,126,call,info,"LOG.info(""Setting XMP metadata (title, author, subject) for merged PDF"");",src/PdfBox.Net.Examples/Util/PDFMergerExample.cs,absent-region,,The Java document-information and XMP metadata setup regions containing these informational diagnostics are absent from the minimal merger example port.
fontbox/src/main/java/org/apache/fontbox/cff/CFFParser.java,44,logger-field,,private static final Log LOG = LogFactory.getLog(CFFParser.class);,src/PdfBox.Net.FontBox/FontBox/CFF/CFFParser.cs,migrated,src/PdfBox.Net.FontBox/FontBox/CFF/CFFParser.cs:40: ILogger<CFFParser> LOG => PdfBoxLogging.CreateLogger<CFFParser>();,
fontbox/src/main/java/org/apache/fontbox/cff/CFFParser.java,476,call,warn,"LOG.warn(""duplicate 'E' ignored after "" + sb);",src/PdfBox.Net.FontBox/FontBox/CFF/CFFParser.cs,migrated,"src/PdfBox.Net.FontBox/FontBox/CFF/CFFParser.cs:839: LOG.LogWarning(""Duplicate 'E' ignored after {Number}"", sb);",
fontbox/src/main/java/org/apache/fontbox/cff/CFFParser.java,486,call,warn,"LOG.warn(""duplicate 'E-' ignored after "" + sb);",src/PdfBox.Net.FontBox/FontBox/CFF/CFFParser.cs,migrated,"src/PdfBox.Net.FontBox/FontBox/CFF/CFFParser.cs:851: LOG.LogWarning(""Duplicate 'E-' ignored after {Number}"", sb);",
fontbox/src/main/java/org/apache/fontbox/cff/CFFParser.java,638,call,debug,"LOG.debug(""Couldn't read CharStrings index - returning empty charset instead"");",src/PdfBox.Net.FontBox/FontBox/CFF/CFFParser.cs,migrated,"src/PdfBox.Net.FontBox/FontBox/CFF/CFFParser.cs:129: LOG.LogDebug(""Couldn't read CharStrings index - returning empty charset instead"");",
fontbox/src/main/java/org/apache/fontbox/cff/CFFParser.java,667,call,debug,"LOG.debug(""Couldn't read CharStrings index - parsing CIDFontDicts with number of char strings set to 0"");",src/PdfBox.Net.FontBox/FontBox/CFF/CFFParser.cs,migrated,"src/PdfBox.Net.FontBox/FontBox/CFF/CFFParser.cs:125: LOG.LogDebug(""Couldn't read CharStrings index - parsing CIDFontDicts with number of char strings set to 0"");",
fontbox/src/main/java/org/apache/fontbox/cff/CFFParser.java,1391,call,warn,"LOG.warn(""Expected boolean, got "" + operand + "", returning default "" + defaultValue);",src/PdfBox.Net.FontBox/FontBox/CFF/CFFParser.cs,absent-region,,The Java boolean-operand helper containing this warning has no corresponding implementation in the current port.
fontbox/src/main/java/org/apache/fontbox/cff/Type1CharString.java,41,logger-field,,private static final Log LOG = LogFactory.getLog(Type1CharString.class);,src/PdfBox.Net.FontBox/FontBox/CFF/Type1CharString.cs,migrated,src/PdfBox.Net.FontBox/FontBox/CFF/Type1CharString.cs:37: ILogger<Type1CharString> LOG => PdfBoxLogging.CreateLogger<Type1CharString>();,
fontbox/src/main/java/org/apache/fontbox/cff/Type1CharString.java,97,lock,,synchronized(LOG),src/PdfBox.Net.FontBox/FontBox/CFF/Type1CharString.cs,absent-region,,"The port does not yet contain the Java Type1CharString execution, lazy path-building, and seac-composition regions that own these diagnostics. The three synchronized(LOG) monitors are absent with those regions; no dynamic logger is used as a lock."
fontbox/src/main/java/org/apache/fontbox/cff/Type1CharString.java,113,lock,,synchronized(LOG),src/PdfBox.Net.FontBox/FontBox/CFF/Type1CharString.cs,absent-region,,"The port does not yet contain the Java Type1CharString execution, lazy path-building, and seac-composition regions that own these diagnostics. The three synchronized(LOG) monitors are absent with those regions; no dynamic logger is used as a lock."
fontbox/src/main/java/org/apache/fontbox/cff/Type1CharString.java,129,lock,,synchronized(LOG),src/PdfBox.Net.FontBox/FontBox/CFF/Type1CharString.cs,absent-region,,"The port does not yet contain the Java Type1CharString execution, lazy path-building, and seac-composition regions that own these diagnostics. The three synchronized(LOG) monitors are absent with those regions; no dynamic logger is used as a lock."
fontbox/src/main/java/org/apache/fontbox/cff/Type1CharString.java,167,call,warn,"LOG.warn(""Unknown charstring command in glyph "" + glyphName + "" of font "" + fontName);",src/PdfBox.Net.FontBox/FontBox/CFF/Type1CharString.cs,absent-region,,"The port does not yet contain the Java Type1CharString execution, lazy path-building, and seac-composition regions that own these diagnostics. The three synchronized(LOG) monitors are absent with those regions; no dynamic logger is used as a lock."
fontbox/src/main/java/org/apache/fontbox/cff/Type1CharString.java,317,call,warn,"LOG.warn(""Unexpected charstring command: "" + type1KeyWord + "" in glyph "" + glyphName + "" of font "" + fontName);",src/PdfBox.Net.FontBox/FontBox/CFF/Type1CharString.cs,absent-region,,"The port does not yet contain the Java Type1CharString execution, lazy path-building, and seac-composition regions that own these diagnostics. The three synchronized(LOG) monitors are absent with those regions; no dynamic logger is used as a lock."
fontbox/src/main/java/org/apache/fontbox/cff/Type1CharString.java,349,call,warn,"LOG.warn(""flex without moveTo in font "" + fontName + "", glyph "" + glyphName + "", command "" + commandCount);",src/PdfBox.Net.FontBox/FontBox/CFF/Type1CharString.cs,absent-region,,"The port does not yet contain the Java Type1CharString execution, lazy path-building, and seac-composition regions that own these diagnostics. The three synchronized(LOG) monitors are absent with those regions; no dynamic logger is used as a lock."
fontbox/src/main/java/org/apache/fontbox/cff/Type1CharString.java,385,call,warn,"LOG.warn(""Invalid callothersubr parameter: "" + num);",src/PdfBox.Net.FontBox/FontBox/CFF/Type1CharString.cs,absent-region,,"The port does not yet contain the Java Type1CharString execution, lazy path-building, and seac-composition regions that own these diagnostics. The three synchronized(LOG) monitors are absent with those regions; no dynamic logger is used as a lock."
fontbox/src/main/java/org/apache/fontbox/cff/Type1CharString.java,409,call,warn,"LOG.warn(""rlineTo without initial moveTo in font "" + fontName + "", glyph "" + glyphName);",src/PdfBox.Net.FontBox/FontBox/CFF/Type1CharString.cs,absent-region,,"The port does not yet contain the Java Type1CharString execution, lazy path-building, and seac-composition regions that own these diagnostics. The three synchronized(LOG) monitors are absent with those regions; no dynamic logger is used as a lock."
fontbox/src/main/java/org/apache/fontbox/cff/Type1CharString.java,433,call,warn,"LOG.warn(""rrcurveTo without initial moveTo in font "" + fontName + "", glyph "" + glyphName);",src/PdfBox.Net.FontBox/FontBox/CFF/Type1CharString.cs,absent-region,,"The port does not yet contain the Java Type1CharString execution, lazy path-building, and seac-composition regions that own these diagnostics. The three synchronized(LOG) monitors are absent with those regions; no dynamic logger is used as a lock."
fontbox/src/main/java/org/apache/fontbox/cff/Type1CharString.java,450,call,warn,"LOG.warn(""closepath without initial moveTo in font "" + fontName + "", glyph "" + glyphName);",src/PdfBox.Net.FontBox/FontBox/CFF/Type1CharString.cs,absent-region,,"The port does not yet contain the Java Type1CharString execution, lazy path-building, and seac-composition regions that own these diagnostics. The three synchronized(LOG) monitors are absent with those regions; no dynamic logger is used as a lock."
fontbox/src/main/java/org/apache/fontbox/cff/Type1CharString.java,476,call,warn,"LOG.warn(""invalid seac character in glyph "" + glyphName + "" of font "" + fontName, e);",src/PdfBox.Net.FontBox/FontBox/CFF/Type1CharString.cs,absent-region,,"The port does not yet contain the Java Type1CharString execution, lazy path-building, and seac-composition regions that own these diagnostics. The three synchronized(LOG) monitors are absent with those regions; no dynamic logger is used as a lock."
fontbox/src/main/java/org/apache/fontbox/cff/Type1CharString.java,488,call,warn,"LOG.warn(""Path for "" + baseName + "" and for accent "" + accentName + "" are same, ignored"");",src/PdfBox.Net.FontBox/FontBox/CFF/Type1CharString.cs,absent-region,,"The port does not yet contain the Java Type1CharString execution, lazy path-building, and seac-composition regions that own these diagnostics. The three synchronized(LOG) monitors are absent with those regions; no dynamic logger is used as a lock."
fontbox/src/main/java/org/apache/fontbox/cff/Type1CharString.java,498,call,warn,"LOG.warn(""invalid seac character in glyph "" + glyphName + "" of font "" + fontName, e);",src/PdfBox.Net.FontBox/FontBox/CFF/Type1CharString.cs,absent-region,,"The port does not yet contain the Java Type1CharString execution, lazy path-building, and seac-composition regions that own these diagnostics. The three synchronized(LOG) monitors are absent with those regions; no dynamic logger is used as a lock."
fontbox/src/main/java/org/apache/fontbox/cff/Type1CharStringParser.java,39,logger-field,,private static final Log LOG = LogFactory.getLog(Type1CharStringParser.class);,src/PdfBox.Net.FontBox/FontBox/CFF/Type1CharStringParser.cs,migrated,src/PdfBox.Net.FontBox/FontBox/CFF/Type1CharStringParser.cs:38: ILogger<Type1CharStringParser> LOG => PdfBoxLogging.CreateLogger<Type1CharStringParser>();,
fontbox/src/main/java/org/apache/fontbox/cff/Type1CharStringParser.java,114,call,warn,"LOG.warn(""Parameter "" + obj + "" for CALLSUBR is ignored, integer expected in glyph '"" + currentGlyph + ""' of font "" + fontName);",src/PdfBox.Net.FontBox/FontBox/CFF/Type1CharStringParser.cs,migrated,"src/PdfBox.Net.FontBox/FontBox/CFF/Type1CharStringParser.cs:99: LOG.LogWarning( ""Parameter {Parameter} for CALLSUBR is ignored, integer expected in glyph '{GlyphName}' of font {FontName}"", obj, _currentGlyph, _fontName);",
fontbox/src/main/java/org/apache/fontbox/cff/Type1CharStringParser.java,133,call,warn,"LOG.warn(""CALLSUBR is ignored, operand: "" + operand + "", subrs.size(): "" + subrs.size() + "" in glyph '"" + currentGlyph + ""' of font "" + fontName);",src/PdfBox.Net.FontBox/FontBox/CFF/Type1CharStringParser.cs,migrated,"src/PdfBox.Net.FontBox/FontBox/CFF/Type1CharStringParser.cs:118: LOG.LogWarning( ""CALLSUBR is ignored, operand: {Operand}, subrs.size(): {SubroutineCount} in glyph '{GlyphName}' of font {FontName}"", operand, subrs.Count, _currentGlyph, _fontName);",
fontbox/src/main/java/org/apache/fontbox/cff/Type1CharStringParser.java,191,call,warn,"LOG.warn(""Value left on the PostScript stack in glyph "" + currentGlyph + "" of font "" + fontName);",src/PdfBox.Net.FontBox/FontBox/CFF/Type1CharStringParser.cs,migrated,"src/PdfBox.Net.FontBox/FontBox/CFF/Type1CharStringParser.cs:172: LOG.LogWarning(""Value left on the PostScript stack in glyph {GlyphName} of font {FontName}"", _currentGlyph, _fontName);",
fontbox/src/main/java/org/apache/fontbox/cmap/CMap.java,36,logger-field,,private static final Log LOG = LogFactory.getLog(CMap.class);,src/PdfBox.Net.FontBox/FontBox/CMap/CMap.cs,migrated,src/PdfBox.Net.FontBox/FontBox/CMap/CMap.cs:41: ILogger<CMap> LOG => PdfBoxLogging.CreateLogger<CMap>();,
fontbox/src/main/java/org/apache/fontbox/cmap/CMap.java,189,guard,warning,LOG.isWarnEnabled(),src/PdfBox.Net.FontBox/FontBox/CMap/CMap.cs,migrated,src/PdfBox.Net.FontBox/FontBox/CMap/CMap.cs:159: LOG.IsEnabled(LogLevel.Warning),
fontbox/src/main/java/org/apache/fontbox/cmap/CMap.java,196,call,warn,"LOG.warn(""Invalid character code sequence "" + sb + ""in CMap "" + cmapName);",src/PdfBox.Net.FontBox/FontBox/CMap/CMap.cs,migrated,"src/PdfBox.Net.FontBox/FontBox/CMap/CMap.cs:167: LOG.LogWarning(""Invalid character code sequence {Sequence} in CMap {CMapName}"", sequence, _cmapName);",
fontbox/src/main/java/org/apache/fontbox/cmap/CMap.java,205,call,warn,"LOG.warn(""mark() and reset() not supported, "" + (maxCodeLength - 1) + "" bytes have been skipped"");",src/PdfBox.Net.FontBox/FontBox/CMap/CMap.cs,migrated,"src/PdfBox.Net.FontBox/FontBox/CMap/CMap.cs:177: LOG.LogWarning(""Mark and reset are not supported, {SkippedByteCount} bytes have been skipped"", _maxCodeLength - 1);",
fontbox/src/main/java/org/apache/fontbox/cmap/CMap.java,367,call,warn,"LOG.warn(""Mappings with more than 4 bytes aren't supported yet"");",src/PdfBox.Net.FontBox/FontBox/CMap/CMap.cs,migrated,"src/PdfBox.Net.FontBox/FontBox/CMap/CMap.cs:302: LOG.LogWarning(""Mappings with more than 4 bytes (here: {CodeLength}) aren't supported yet"", codes.Length);",
fontbox/src/main/java/org/apache/fontbox/pfb/PfbParser.java,41,logger-field,,private static final Log LOG = LogFactory.getLog(PfbParser.class);,src/PdfBox.Net.FontBox/FontBox/Pfb/PfbParser.cs,migrated,src/PdfBox.Net.FontBox/FontBox/Pfb/PfbParser.cs:37: ILogger<PfbParser> LOG => PdfBoxLogging.CreateLogger<PfbParser>();,
fontbox/src/main/java/org/apache/fontbox/pfb/PfbParser.java,162,guard,debug,LOG.isDebugEnabled(),src/PdfBox.Net.FontBox/FontBox/Pfb/PfbParser.cs,migrated,src/PdfBox.Net.FontBox/FontBox/Pfb/PfbParser.cs:119: LOG.IsEnabled(LogLevel.Debug),
fontbox/src/main/java/org/apache/fontbox/pfb/PfbParser.java,164,call,debug,"LOG.debug(""record type: "" + recordType + "", segment size: "" + size);",src/PdfBox.Net.FontBox/FontBox/Pfb/PfbParser.cs,migrated,"src/PdfBox.Net.FontBox/FontBox/Pfb/PfbParser.cs:121: LOG.LogDebug(""Record type: {RecordType}, segment size: {SegmentSize}"", recordType, size);",
fontbox/src/main/java/org/apache/fontbox/ttf/CmapSubtable.java,39,logger-field,,private static final Log LOG = LogFactory.getLog(CmapSubtable.class);,src/PdfBox.Net.FontBox/FontBox/TTF/CmapSubtable.cs,migrated,src/PdfBox.Net.FontBox/FontBox/TTF/CmapSubtable.cs:39: ILogger<CmapSubtable> LOG => PdfBoxLogging.CreateLogger<CmapSubtable>();,
fontbox/src/main/java/org/apache/fontbox/ttf/CmapSubtable.java,148,call,warn,"LOG.warn(""subtable has no glyphs"");",src/PdfBox.Net.FontBox/FontBox/TTF/CmapSubtable.cs,migrated,"src/PdfBox.Net.FontBox/FontBox/TTF/CmapSubtable.cs:133: LOG.LogWarning(""Subtable has no glyphs"");",
fontbox/src/main/java/org/apache/fontbox/ttf/CmapSubtable.java,248,call,warn,"LOG.warn(""subtable has no glyphs"");",src/PdfBox.Net.FontBox/FontBox/TTF/CmapSubtable.cs,migrated,"src/PdfBox.Net.FontBox/FontBox/TTF/CmapSubtable.cs:208: LOG.LogWarning(""Subtable has no glyphs"");",
fontbox/src/main/java/org/apache/fontbox/ttf/CmapSubtable.java,275,call,warn,"LOG.warn(""Format 12 cmap contains an invalid glyph index"");",src/PdfBox.Net.FontBox/FontBox/TTF/CmapSubtable.cs,migrated,"src/PdfBox.Net.FontBox/FontBox/TTF/CmapSubtable.cs:234: LOG.LogWarning(""Format 12 cmap contains an invalid glyph index"");",
fontbox/src/main/java/org/apache/fontbox/ttf/CmapSubtable.java,281,call,warn,"LOG.warn(""Format 12 cmap contains character beyond UCS-4"");",src/PdfBox.Net.FontBox/FontBox/TTF/CmapSubtable.cs,migrated,"src/PdfBox.Net.FontBox/FontBox/TTF/CmapSubtable.cs:240: LOG.LogWarning(""Format 12 cmap contains character beyond UCS-4"");",
fontbox/src/main/java/org/apache/fontbox/ttf/CmapSubtable.java,305,call,warn,"LOG.warn(""subtable has no glyphs"");",src/PdfBox.Net.FontBox/FontBox/TTF/CmapSubtable.cs,migrated,"src/PdfBox.Net.FontBox/FontBox/TTF/CmapSubtable.cs:258: LOG.LogWarning(""Subtable has no glyphs"");",
fontbox/src/main/java/org/apache/fontbox/ttf/CmapSubtable.java,316,call,warn,"LOG.warn(""Format 13 cmap contains an invalid glyph index"");",src/PdfBox.Net.FontBox/FontBox/TTF/CmapSubtable.cs,migrated,"src/PdfBox.Net.FontBox/FontBox/TTF/CmapSubtable.cs:270: LOG.LogWarning(""Format 13 cmap contains an invalid glyph index"");",
fontbox/src/main/java/org/apache/fontbox/ttf/CmapSubtable.java,340,call,warn,"LOG.warn(""Format 13 cmap contains character beyond UCS-4"");",src/PdfBox.Net.FontBox/FontBox/TTF/CmapSubtable.cs,migrated,"src/PdfBox.Net.FontBox/FontBox/TTF/CmapSubtable.cs:294: LOG.LogWarning(""Format 13 cmap contains character beyond UCS-4"");",
fontbox/src/main/java/org/apache/fontbox/ttf/CmapSubtable.java,360,call,warn,"LOG.warn(""Format 14 cmap table is not supported and will be ignored"");",src/PdfBox.Net.FontBox/FontBox/TTF/CmapSubtable.cs,migrated,"src/PdfBox.Net.FontBox/FontBox/TTF/CmapSubtable.cs:305: LOG.LogWarning(""Format 14 cmap table is not supported and will be ignored"");",
fontbox/src/main/java/org/apache/fontbox/ttf/CmapSubtable.java,453,call,warn,"LOG.warn(""cmap format 4 subtable is empty"");",src/PdfBox.Net.FontBox/FontBox/TTF/CmapSubtable.cs,migrated,"src/PdfBox.Net.FontBox/FontBox/TTF/CmapSubtable.cs:380: LOG.LogWarning(""Cmap format 4 subtable is empty"");",
fontbox/src/main/java/org/apache/fontbox/ttf/CmapSubtable.java,519,call,warn,"LOG.warn(""subtable has no glyphs"");",src/PdfBox.Net.FontBox/FontBox/TTF/CmapSubtable.cs,migrated,"src/PdfBox.Net.FontBox/FontBox/TTF/CmapSubtable.cs:438: LOG.LogWarning(""Subtable has no glyphs"");",
fontbox/src/main/java/org/apache/fontbox/ttf/CmapSubtable.java,557,call,warn,"LOG.warn(""glyphId "" + p + "" for charcode "" + charCode + "" ignored, numGlyphs is "" + numGlyphs);",src/PdfBox.Net.FontBox/FontBox/TTF/CmapSubtable.cs,migrated,"src/PdfBox.Net.FontBox/FontBox/TTF/CmapSubtable.cs:469: LOG.LogWarning(""GlyphId {GlyphId} for charcode {CharacterCode} ignored, numGlyphs is {GlyphCount}"", p, charCode, numGlyphs);",
fontbox/src/main/java/org/apache/fontbox/ttf/CmapSubtable.java,561,call,warn,"LOG.warn(""too many bad glyphIds, more won't be reported for this table"");",src/PdfBox.Net.FontBox/FontBox/TTF/CmapSubtable.cs,migrated,"src/PdfBox.Net.FontBox/FontBox/TTF/CmapSubtable.cs:474: LOG.LogWarning(""Too many bad glyphIds, more won't be reported for this table"");",
fontbox/src/main/java/org/apache/fontbox/ttf/GlyfCompositeDescript.java,42,logger-field,,private static final Log LOG = LogFactory.getLog(GlyfCompositeDescript.class);,src/PdfBox.Net.FontBox/FontBox/TTF/GlyfCompositeDescript.cs,migrated,src/PdfBox.Net.FontBox/FontBox/TTF/GlyfCompositeDescript.cs:37: ILogger<GlyfCompositeDescript> LOG => PdfBoxLogging.CreateLogger<GlyfCompositeDescript>();,
fontbox/src/main/java/org/apache/fontbox/ttf/GlyfCompositeDescript.java,95,call,error,"LOG.error(""Circular reference in GlyfCompositeDesc"");",src/PdfBox.Net.FontBox/FontBox/TTF/GlyfCompositeDescript.cs,migrated,"src/PdfBox.Net.FontBox/FontBox/TTF/GlyfCompositeDescript.cs:75: LOG.LogError(""Circular reference in GlyfCompositeDesc"");",
fontbox/src/main/java/org/apache/fontbox/ttf/GlyfCompositeDescript.java,203,call,error,"LOG.error(""getPointCount called on unresolved GlyfCompositeDescript"");",src/PdfBox.Net.FontBox/FontBox/TTF/GlyfCompositeDescript.cs,migrated,"src/PdfBox.Net.FontBox/FontBox/TTF/GlyfCompositeDescript.cs:154: LOG.LogError(""GetPointCount called on unresolved GlyfCompositeDescript"");",
fontbox/src/main/java/org/apache/fontbox/ttf/GlyfCompositeDescript.java,211,call,error,"LOG.error(""GlyphDescription for index "" + c.getGlyphIndex() + "" is null, returning 0"");",src/PdfBox.Net.FontBox/FontBox/TTF/GlyfCompositeDescript.cs,migrated,"src/PdfBox.Net.FontBox/FontBox/TTF/GlyfCompositeDescript.cs:166: LOG.LogError(""GlyphDescription for index {GlyphIndex} is null, returning 0"", c.GlyphIndex);",
fontbox/src/main/java/org/apache/fontbox/ttf/GlyfCompositeDescript.java,230,call,error,"LOG.error(""getContourCount called on unresolved GlyfCompositeDescript"");",src/PdfBox.Net.FontBox/FontBox/TTF/GlyfCompositeDescript.cs,migrated,"src/PdfBox.Net.FontBox/FontBox/TTF/GlyfCompositeDescript.cs:178: LOG.LogError(""GetContourCount called on unresolved GlyfCompositeDescript"");",
fontbox/src/main/java/org/apache/fontbox/ttf/GlyfCompositeDescript.java,238,call,error,"LOG.error(""missing glyph description for index "" + c.getGlyphIndex());",src/PdfBox.Net.FontBox/FontBox/TTF/GlyfCompositeDescript.cs,migrated,"src/PdfBox.Net.FontBox/FontBox/TTF/GlyfCompositeDescript.cs:190: LOG.LogError(""Missing glyph description for index {GlyphIndex}"", c.GlyphIndex);",
fontbox/src/main/java/org/apache/fontbox/ttf/GlyfCompositeDescript.java,310,call,error,LOG.error(e);,src/PdfBox.Net.FontBox/FontBox/TTF/GlyfCompositeDescript.cs,migrated,"src/PdfBox.Net.FontBox/FontBox/TTF/GlyfCompositeDescript.cs:248: LOG.LogError(ex, ""Could not resolve glyph description"");",
fontbox/src/main/java/org/apache/fontbox/ttf/GlyfSimpleDescript.java,33,logger-field,,private static final Log LOG = LogFactory.getLog(GlyfSimpleDescript.class);,src/PdfBox.Net.FontBox/FontBox/TTF/GlyfSimpleDescript.cs,migrated,src/PdfBox.Net.FontBox/FontBox/TTF/GlyfSimpleDescript.cs:37: ILogger<GlyfSimpleDescript> LOG => PdfBoxLogging.CreateLogger<GlyfSimpleDescript>();,
fontbox/src/main/java/org/apache/fontbox/ttf/GlyphRenderer.java,42,logger-field,,private static final Log LOG = LogFactory.getLog(GlyphRenderer.class);,src/PdfBox.Net.FontBox/FontBox/TTF/GlyphRenderer.cs,migrated,src/PdfBox.Net.FontBox/FontBox/TTF/GlyphRenderer.cs:37: ILogger<GlyphRenderer> LOG => PdfBoxLogging.CreateLogger<GlyphRenderer>();,
fontbox/src/main/java/org/apache/fontbox/ttf/GlyphRenderer.java,154,guard,trace,LOG.isTraceEnabled(),src/PdfBox.Net.FontBox/FontBox/TTF/GlyphRenderer.cs,migrated,src/PdfBox.Net.FontBox/FontBox/TTF/GlyphRenderer.cs:132: LOG.IsEnabled(LogLevel.Trace),
fontbox/src/main/java/org/apache/fontbox/ttf/GlyphRenderer.java,156,call,trace,"LOG.trace(""moveTo: "" + String.format(Locale.US, ""%d,%d"", point.x, point.y));",src/PdfBox.Net.FontBox/FontBox/TTF/GlyphRenderer.cs,migrated,"src/PdfBox.Net.FontBox/FontBox/TTF/GlyphRenderer.cs:134: LOG.LogTrace(""moveTo: {X},{Y}"", point.X, point.Y);",
fontbox/src/main/java/org/apache/fontbox/ttf/GlyphRenderer.java,163,guard,trace,LOG.isTraceEnabled(),src/PdfBox.Net.FontBox/FontBox/TTF/GlyphRenderer.cs,migrated,src/PdfBox.Net.FontBox/FontBox/TTF/GlyphRenderer.cs:141: LOG.IsEnabled(LogLevel.Trace),
fontbox/src/main/java/org/apache/fontbox/ttf/GlyphRenderer.java,165,call,trace,"LOG.trace(""lineTo: "" + String.format(Locale.US, ""%d,%d"", point.x, point.y));",src/PdfBox.Net.FontBox/FontBox/TTF/GlyphRenderer.cs,migrated,"src/PdfBox.Net.FontBox/FontBox/TTF/GlyphRenderer.cs:143: LOG.LogTrace(""lineTo: {X},{Y}"", point.X, point.Y);",
fontbox/src/main/java/org/apache/fontbox/ttf/GlyphRenderer.java,172,guard,trace,LOG.isTraceEnabled(),src/PdfBox.Net.FontBox/FontBox/TTF/GlyphRenderer.cs,migrated,src/PdfBox.Net.FontBox/FontBox/TTF/GlyphRenderer.cs:150: LOG.IsEnabled(LogLevel.Trace),
fontbox/src/main/java/org/apache/fontbox/ttf/GlyphRenderer.java,174,call,trace,"LOG.trace(""quadTo: "" + String.format(Locale.US, ""%d,%d %d,%d"", ctrlPoint.x, ctrlPoint.y, point.x, point.y));",src/PdfBox.Net.FontBox/FontBox/TTF/GlyphRenderer.cs,migrated,"src/PdfBox.Net.FontBox/FontBox/TTF/GlyphRenderer.cs:152: LOG.LogTrace(""quadTo: {ControlX},{ControlY} {X},{Y}"", ctrlPoint.X, ctrlPoint.Y, point.X, point.Y);",
fontbox/src/main/java/org/apache/fontbox/ttf/GlyphSubstitutionTable.java,65,logger-field,,private static final Log LOG = LogFactory.getLog(GlyphSubstitutionTable.class);,src/PdfBox.Net.FontBox/FontBox/TTF/GlyphSubstitutionTable.cs,migrated,src/PdfBox.Net.FontBox/FontBox/TTF/GlyphSubstitutionTable.cs:41: ILogger<GlyphSubstitutionTable> LOG => PdfBoxLogging.CreateLogger<GlyphSubstitutionTable>();,
fontbox/src/main/java/org/apache/fontbox/ttf/GlyphSubstitutionTable.java,120,call,warn,"LOG.warn(""lookupListOffset is 0, LookupListTable is considered empty"");",src/PdfBox.Net.FontBox/FontBox/TTF/GlyphSubstitutionTable.cs,migrated,"src/PdfBox.Net.FontBox/FontBox/TTF/GlyphSubstitutionTable.cs:78: LOG.LogWarning(""LookupListOffset is 0, LookupListTable is considered empty"");",
fontbox/src/main/java/org/apache/fontbox/ttf/GlyphSubstitutionTable.java,147,call,error,"LOG.error(""scriptOffsets["" + i + ""]: "" + scriptOffsets[i] + "" implausible: data.getCurrentPosition() - offset = "" + (data.getCurrentPosition() - offset));",src/PdfBox.Net.FontBox/FontBox/TTF/GlyphSubstitutionTable.cs,migrated,"src/PdfBox.Net.FontBox/FontBox/TTF/GlyphSubstitutionTable.cs:124: LOG.LogError( ""ScriptOffsets[{Index}]: {ScriptOffset} implausible: data.GetCurrentPosition() - offset = {MinimumOffset}"", i, scriptOffsets[i], data.GetCurrentPosition() - offset);",
fontbox/src/main/java/org/apache/fontbox/ttf/GlyphSubstitutionTable.java,180,call,error,"LOG.error(""langSysOffsets["" + i + ""]: "" + langSysOffsets[i] + "" implausible: data.getCurrentPosition() - offset = "" + (data.getCurrentPosition() - offset));",src/PdfBox.Net.FontBox/FontBox/TTF/GlyphSubstitutionTable.cs,migrated,"src/PdfBox.Net.FontBox/FontBox/TTF/GlyphSubstitutionTable.cs:158: LOG.LogError( ""LangSysOffsets[{Index}]: {LangSysOffset} implausible: data.GetCurrentPosition() - offset = {MinimumOffset}"", i, langSysOffsets[i], data.GetCurrentPosition() - offset);",
fontbox/src/main/java/org/apache/fontbox/ttf/GlyphSubstitutionTable.java,189,call,error,"LOG.error(""LangSysRecords not alphabetically sorted by LangSys tag: "" + langSysTags[i] + "" < "" + langSysTags[i - 1]);",src/PdfBox.Net.FontBox/FontBox/TTF/GlyphSubstitutionTable.cs,migrated,"src/PdfBox.Net.FontBox/FontBox/TTF/GlyphSubstitutionTable.cs:165: LOG.LogError(""LangSysRecords not alphabetically sorted by LangSys tag: {CurrentTag} < {PreviousTag}"", langSysTags[i], langSysTags[i - 1]);",
fontbox/src/main/java/org/apache/fontbox/ttf/GlyphSubstitutionTable.java,244,call,debug,"LOG.debug(""FeatureRecord array not alphabetically sorted by FeatureTag: "" + featureTags[i] + "" < "" + featureTags[i - 1]);",src/PdfBox.Net.FontBox/FontBox/TTF/GlyphSubstitutionTable.cs,migrated,"src/PdfBox.Net.FontBox/FontBox/TTF/GlyphSubstitutionTable.cs:216: LOG.LogDebug(""FeatureRecord array not alphabetically sorted by FeatureTag: {CurrentTag} < {PreviousTag}"", featureTags[i], featureTags[i - 1]);",
fontbox/src/main/java/org/apache/fontbox/ttf/GlyphSubstitutionTable.java,249,call,warn,"LOG.warn(""FeatureRecord array not alphabetically sorted by FeatureTag: "" + featureTags[i] + "" < "" + featureTags[i - 1]);",src/PdfBox.Net.FontBox/FontBox/TTF/GlyphSubstitutionTable.cs,migrated,"src/PdfBox.Net.FontBox/FontBox/TTF/GlyphSubstitutionTable.cs:211: LOG.LogWarning(""FeatureRecord array not alphabetically sorted by FeatureTag: {CurrentTag} < {PreviousTag}"", featureTags[i], featureTags[i - 1]);",
fontbox/src/main/java/org/apache/fontbox/ttf/GlyphSubstitutionTable.java,287,call,error,"LOG.error(""lookups["" + i + ""] is 0 at offset "" + (data.getCurrentPosition() - 2));",src/PdfBox.Net.FontBox/FontBox/TTF/GlyphSubstitutionTable.cs,migrated,"src/PdfBox.Net.FontBox/FontBox/TTF/GlyphSubstitutionTable.cs:255: LOG.LogError(""Lookups[{Index}] is 0 at offset {Offset}"", i, data.GetCurrentPosition() - 2);",
fontbox/src/main/java/org/apache/fontbox/ttf/GlyphSubstitutionTable.java,291,call,error,"LOG.error((offset + lookups[i]) + "" > "" + data.getOriginalDataSize());",src/PdfBox.Net.FontBox/FontBox/TTF/GlyphSubstitutionTable.cs,migrated,"src/PdfBox.Net.FontBox/FontBox/TTF/GlyphSubstitutionTable.cs:259: LOG.LogError(""Lookup address {LookupAddress} is past the original data size {OriginalDataSize}"", offset + lookups[i], data.GetOriginalDataSize());",
fontbox/src/main/java/org/apache/fontbox/ttf/GlyphSubstitutionTable.java,335,call,debug,"LOG.debug(""Type "" + lookupType + "" GSUB lookup table is not supported and will be ignored"");",src/PdfBox.Net.FontBox/FontBox/TTF/GlyphSubstitutionTable.cs,migrated,"src/PdfBox.Net.FontBox/FontBox/TTF/GlyphSubstitutionTable.cs:283: LOG.LogDebug(""Type {LookupType} GSUB lookup table is not supported and will be ignored"", lookupType);",
fontbox/src/main/java/org/apache/fontbox/ttf/GlyphSubstitutionTable.java,359,call,error,"LOG.error(""subTableOffsets["" + i + ""] is 0 at offset "" + (data.getCurrentPosition() - 2));",src/PdfBox.Net.FontBox/FontBox/TTF/GlyphSubstitutionTable.cs,migrated,"src/PdfBox.Net.FontBox/FontBox/TTF/GlyphSubstitutionTable.cs:309: LOG.LogError(""SubTableOffsets[{Index}] is 0 at offset {Offset}"", i, data.GetCurrentPosition() - 2);",
fontbox/src/main/java/org/apache/fontbox/ttf/GlyphSubstitutionTable.java,364,call,error,"LOG.error((offset + subTableOffsets[i]) + "" > "" + data.getOriginalDataSize());",src/PdfBox.Net.FontBox/FontBox/TTF/GlyphSubstitutionTable.cs,migrated,"src/PdfBox.Net.FontBox/FontBox/TTF/GlyphSubstitutionTable.cs:315: LOG.LogError(""Subtable address {SubtableAddress} is past the original data size {OriginalDataSize}"", offset + subTableOffsets[i], data.GetOriginalDataSize());",
fontbox/src/main/java/org/apache/fontbox/ttf/GlyphSubstitutionTable.java,399,call,error,"LOG.error(""The expected SubstFormat for ExtensionSubstFormat1 subtable is "" + substFormat + "" but should be 1 at offset "" + (offset + subTableOffsets[i]));",src/PdfBox.Net.FontBox/FontBox/TTF/GlyphSubstitutionTable.cs,migrated,"src/PdfBox.Net.FontBox/FontBox/TTF/GlyphSubstitutionTable.cs:345: LOG.LogError( ""The expected SubstFormat for ExtensionSubstFormat1 subtable is {SubstitutionFormat} but should be 1 at offset {Offset}"", substFormat, offset + subTableOffsets[i]);",
fontbox/src/main/java/org/apache/fontbox/ttf/GlyphSubstitutionTable.java,408,call,error,"LOG.error(""extensionLookupType changed from "" + lookupType + "" to "" + extensionLookupType + "" at offset "" + (offset + subTableOffsets[i] + 2));",src/PdfBox.Net.FontBox/FontBox/TTF/GlyphSubstitutionTable.cs,migrated,"src/PdfBox.Net.FontBox/FontBox/TTF/GlyphSubstitutionTable.cs:353: LOG.LogError(""ExtensionLookupType changed from {LookupType} to {ExtensionLookupType} at offset {Offset}"", lookupType, extensionLookupType, offset + subTableOffsets[i] + 2);",
fontbox/src/main/java/org/apache/fontbox/ttf/GlyphSubstitutionTable.java,420,call,debug,"LOG.debug(""Type "" + lookupType + "" GSUB lookup table is not supported and will be ignored"");",src/PdfBox.Net.FontBox/FontBox/TTF/GlyphSubstitutionTable.cs,migrated,"src/PdfBox.Net.FontBox/FontBox/TTF/GlyphSubstitutionTable.cs:368: LOG.LogDebug(""Type {LookupType} GSUB lookup table is not supported and will be ignored"", lookupType);",
fontbox/src/main/java/org/apache/fontbox/ttf/GlyphSubstitutionTable.java,456,call,warn,"LOG.warn(""Unknown substFormat: "" + substFormat);",src/PdfBox.Net.FontBox/FontBox/TTF/GlyphSubstitutionTable.cs,migrated,"src/PdfBox.Net.FontBox/FontBox/TTF/GlyphSubstitutionTable.cs:401: LOG.LogWarning(""Unknown substitution format: {SubstitutionFormat}"", substFormat);",
fontbox/src/main/java/org/apache/fontbox/ttf/GlyphSubstitutionTable.java,819,call,warn,"LOG.warn(""Skipping GSUB feature '"" + featureRecord.getFeatureTag() + ""' with invalid lookupListIndex "" + lookupListIndex + "" (len: "" + lookups.length + "")"");",src/PdfBox.Net.FontBox/FontBox/TTF/GlyphSubstitutionTable.cs,migrated,"src/PdfBox.Net.FontBox/FontBox/TTF/GlyphSubstitutionTable.cs:696: LOG.LogWarning(""Skipping GSUB feature '{FeatureTag}' with invalid lookupListIndex {LookupListIndex} (len: {LookupCount})"", featureRecord.GetFeatureTag(), lookupListIndex, lookups.Length);",
fontbox/src/main/java/org/apache/fontbox/ttf/GlyphSubstitutionTable.java,827,call,warn,"LOG.warn(""Skipping GSUB feature '"" + featureRecord.getFeatureTag() + ""' because it requires unsupported lookup table type "" + lookupTable.getLookupType());",src/PdfBox.Net.FontBox/FontBox/TTF/GlyphSubstitutionTable.cs,migrated,"src/PdfBox.Net.FontBox/FontBox/TTF/GlyphSubstitutionTable.cs:703: LOG.LogWarning( ""Skipping GSUB feature '{FeatureTag}' because it requires unsupported lookup table type {LookupType}"", featureRecord.GetFeatureTag(), lookupTable.GetLookupType());",
fontbox/src/main/java/org/apache/fontbox/ttf/GlyphSubstitutionTable.java,906,call,warn,"LOG.warn(""Trying to un-substitute a never-before-seen gid: "" + sgid);",src/PdfBox.Net.FontBox/FontBox/TTF/GlyphSubstitutionTable.cs,migrated,"src/PdfBox.Net.FontBox/FontBox/TTF/GlyphSubstitutionTable.cs:757: LOG.LogWarning(""Trying to un-substitute a never-before-seen gid: {SubstitutedGlyphId}"", sgid);",
fontbox/src/main/java/org/apache/fontbox/ttf/KerningSubtable.java,33,logger-field,,private static final Log LOG = LogFactory.getLog(KerningSubtable.class);,src/PdfBox.Net.FontBox/FontBox/TTF/KerningSubtable.cs,migrated,src/PdfBox.Net.FontBox/FontBox/TTF/KerningSubtable.cs:38: ILogger<KerningSubtable> LOG => PdfBoxLogging.CreateLogger<KerningSubtable>();,
fontbox/src/main/java/org/apache/fontbox/ttf/KerningSubtable.java,158,call,warn,"LOG.warn(""No kerning subtable data available due to an unsupported kerning subtable version"");",src/PdfBox.Net.FontBox/FontBox/TTF/KerningSubtable.cs,migrated,"src/PdfBox.Net.FontBox/FontBox/TTF/KerningSubtable.cs:87: LOG.LogWarning(""No kerning subtable data available due to an unsupported kerning subtable version"");",
fontbox/src/main/java/org/apache/fontbox/ttf/KerningSubtable.java,174,call,warn,"LOG.warn(""No kerning subtable data available due to an unsupported kerning subtable version"");",src/PdfBox.Net.FontBox/FontBox/TTF/KerningSubtable.cs,migrated,"src/PdfBox.Net.FontBox/FontBox/TTF/KerningSubtable.cs:117: LOG.LogWarning(""No kerning subtable data available due to an unsupported kerning subtable version"");",
fontbox/src/main/java/org/apache/fontbox/ttf/KerningSubtable.java,185,call,info,"LOG.info(""Unsupported kerning sub-table version: "" + version);",src/PdfBox.Net.FontBox/FontBox/TTF/KerningSubtable.cs,migrated,"src/PdfBox.Net.FontBox/FontBox/TTF/KerningSubtable.cs:129: LOG.LogInformation(""Unsupported kerning sub-table version: {Version}"", version);",
fontbox/src/main/java/org/apache/fontbox/ttf/KerningSubtable.java,191,call,warn,"LOG.warn(""Kerning sub-table too short, got "" + length + "" bytes, expect 6 or more."");",src/PdfBox.Net.FontBox/FontBox/TTF/KerningSubtable.cs,migrated,"src/PdfBox.Net.FontBox/FontBox/TTF/KerningSubtable.cs:136: LOG.LogWarning(""Kerning sub-table too short, got {Length} bytes, expect 6 or more"", length);",
fontbox/src/main/java/org/apache/fontbox/ttf/KerningSubtable.java,218,call,debug,"LOG.debug(""Skipped kerning subtable due to an unsupported kerning subtable version: "" + format);",src/PdfBox.Net.FontBox/FontBox/TTF/KerningSubtable.cs,migrated,"src/PdfBox.Net.FontBox/FontBox/TTF/KerningSubtable.cs:164: LOG.LogDebug(""Skipped kerning subtable due to an unsupported kerning subtable version: {Format}"", format);",
fontbox/src/main/java/org/apache/fontbox/ttf/KerningSubtable.java,230,call,info,"LOG.info(""Kerning subtable format 2 not yet supported."");",src/PdfBox.Net.FontBox/FontBox/TTF/KerningSubtable.cs,migrated,"src/PdfBox.Net.FontBox/FontBox/TTF/KerningSubtable.cs:178: LOG.LogInformation(""Kerning subtable format 2 not yet supported"");",
fontbox/src/main/java/org/apache/fontbox/ttf/KerningSubtable.java,235,call,info,"LOG.info(""Kerning subtable format 1 not yet supported."");",src/PdfBox.Net.FontBox/FontBox/TTF/KerningSubtable.cs,migrated,"src/PdfBox.Net.FontBox/FontBox/TTF/KerningSubtable.cs:183: LOG.LogInformation(""Kerning subtable format 1 not yet supported"");",
fontbox/src/main/java/org/apache/fontbox/ttf/KerningTable.java,32,logger-field,,private static final Log LOG = LogFactory.getLog(KerningTable.class);,src/PdfBox.Net.FontBox/FontBox/TTF/KerningTable.cs,migrated,src/PdfBox.Net.FontBox/FontBox/TTF/KerningTable.cs:35: ILogger<KerningTable> LOG => PdfBoxLogging.CreateLogger<KerningTable>();,
fontbox/src/main/java/org/apache/fontbox/ttf/KerningTable.java,72,call,debug,"LOG.debug(""Skipped kerning table due to an unsupported kerning table version: "" + version);",src/PdfBox.Net.FontBox/FontBox/TTF/KerningTable.cs,migrated,"src/PdfBox.Net.FontBox/FontBox/TTF/KerningTable.cs:58: LOG.LogDebug(""Skipped kerning table due to an unsupported kerning table version: {Version}"", version);",
fontbox/src/main/java/org/apache/fontbox/ttf/OS2WindowsMetricsTable.java,37,logger-field,,private static final Log LOG = LogFactory.getLog(OS2WindowsMetricsTable.class);,src/PdfBox.Net.FontBox/FontBox/TTF/OS2WindowsMetricsTable.cs,migrated,src/PdfBox.Net.FontBox/FontBox/TTF/OS2WindowsMetricsTable.cs:37: ILogger<OS2WindowsMetricsTable> LOG => PdfBoxLogging.CreateLogger<OS2WindowsMetricsTable>();,
fontbox/src/main/java/org/apache/fontbox/ttf/OS2WindowsMetricsTable.java,844,call,debug,"LOG.debug(""EOF, probably some legacy TrueType font"");",src/PdfBox.Net.FontBox/FontBox/TTF/OS2WindowsMetricsTable.cs,migrated,"src/PdfBox.Net.FontBox/FontBox/TTF/OS2WindowsMetricsTable.cs:226: LOG.LogDebug(""EOF, probably some legacy TrueType font"");",
fontbox/src/main/java/org/apache/fontbox/ttf/OS2WindowsMetricsTable.java,858,call,warn,"LOG.warn(""Could not read all expected parts of version >= 1, setting version to 0"", ex);",src/PdfBox.Net.FontBox/FontBox/TTF/OS2WindowsMetricsTable.cs,migrated,"src/PdfBox.Net.FontBox/FontBox/TTF/OS2WindowsMetricsTable.cs:241: LOG.LogWarning(exception, ""Could not read all expected parts of version >= 1, setting version to 0"");",
fontbox/src/main/java/org/apache/fontbox/ttf/OS2WindowsMetricsTable.java,876,call,warn,"LOG.warn(""Could not read all expected parts of version >= 2, setting version to 1"", ex);",src/PdfBox.Net.FontBox/FontBox/TTF/OS2WindowsMetricsTable.cs,migrated,"src/PdfBox.Net.FontBox/FontBox/TTF/OS2WindowsMetricsTable.cs:261: LOG.LogWarning(exception, ""Could not read all expected parts of version >= 2, setting version to 1"");",
fontbox/src/main/java/org/apache/fontbox/ttf/OpenTypeScript.java,46,logger-field,,private static final Log LOG = LogFactory.getLog(OpenTypeScript.class);,src/PdfBox.Net.FontBox/FontBox/TTF/OpenTypeScript.cs,migrated,src/PdfBox.Net.FontBox/FontBox/TTF/OpenTypeScript.cs:39: ILogger<OpenTypeScript> LOG => PdfBoxLogging.CreateLogger<OpenTypeScript>();,
fontbox/src/main/java/org/apache/fontbox/ttf/OpenTypeScript.java,230,call,warn,"LOG.warn(""Could not parse Scripts.txt, mirroring char map will be empty: "" + e.getMessage(), e);",src/PdfBox.Net.FontBox/FontBox/TTF/OpenTypeScript.cs,migrated,"src/PdfBox.Net.FontBox/FontBox/TTF/OpenTypeScript.cs:211: LOG.LogWarning(exception, ""Could not parse Scripts.txt, mirroring char map will be empty: {Message}"", exception.Message);",
fontbox/src/main/java/org/apache/fontbox/ttf/PostScriptTable.java,30,logger-field,,private static final Log LOG = LogFactory.getLog(PostScriptTable.class);,src/PdfBox.Net.FontBox/FontBox/TTF/PostScriptTable.cs,migrated,src/PdfBox.Net.FontBox/FontBox/TTF/PostScriptTable.cs:38: ILogger<PostScriptTable> LOG => PdfBoxLogging.CreateLogger<PostScriptTable>();,
fontbox/src/main/java/org/apache/fontbox/ttf/PostScriptTable.java,74,call,warn,"LOG.warn(""No PostScript name data is provided for the font "" + ttf.getName());",src/PdfBox.Net.FontBox/FontBox/TTF/PostScriptTable.cs,migrated,"src/PdfBox.Net.FontBox/FontBox/TTF/PostScriptTable.cs:68: LOG.LogWarning(""No PostScript name data is provided for the font {FontName}"", font.GetName());",
fontbox/src/main/java/org/apache/fontbox/ttf/PostScriptTable.java,112,call,warn,"LOG.warn(""Error reading names in PostScript table at entry "" + i + "" of "" + nameArray.length + "", setting remaining entries to .notdef"", ex);",src/PdfBox.Net.FontBox/FontBox/TTF/PostScriptTable.cs,migrated,"src/PdfBox.Net.FontBox/FontBox/TTF/PostScriptTable.cs:104: LOG.LogWarning(ex, ""Error reading names in PostScript table at entry {Entry} of {EntryCount}, setting remaining entries to .notdef"", i, nameArray.Length);",
fontbox/src/main/java/org/apache/fontbox/ttf/PostScriptTable.java,163,call,debug,"LOG.debug(""incorrect glyph name index "" + index + "", valid numbers 0.."" + WGL4Names.NUMBER_OF_MAC_GLYPHS);",src/PdfBox.Net.FontBox/FontBox/TTF/PostScriptTable.cs,migrated,"src/PdfBox.Net.FontBox/FontBox/TTF/PostScriptTable.cs:157: LOG.LogDebug(""Incorrect glyph name index {GlyphNameIndex}, valid numbers 0..{MaximumGlyphNameIndex}"", index, WGL4Names.NumberOfMacGlyphs);",
fontbox/src/main/java/org/apache/fontbox/ttf/PostScriptTable.java,171,call,debug,"LOG.debug(""No PostScript name information is provided for the font "" + ttf.getName());",src/PdfBox.Net.FontBox/FontBox/TTF/PostScriptTable.cs,migrated,"src/PdfBox.Net.FontBox/FontBox/TTF/PostScriptTable.cs:164: LOG.LogDebug(""No PostScript name information is provided for the font {FontName}"", font.GetName());",
fontbox/src/main/java/org/apache/fontbox/ttf/RandomAccessReadDataStream.java,36,logger-field,,private static final Log LOG = LogFactory.getLog(RandomAccessReadDataStream.class);,src/PdfBox.Net.FontBox/FontBox/TTF/MemoryTTFDataStream.cs;src/PdfBox.Net.FontBox/FontBox/TTF/RandomAccessReadDataStream.cs,migrated,src/PdfBox.Net.FontBox/FontBox/TTF/RandomAccessReadDataStream.cs:42: ILogger<RandomAccessReadDataStream> LOG => PdfBoxLogging.CreateLogger<RandomAccessReadDataStream>();,
fontbox/src/main/java/org/apache/fontbox/ttf/RandomAccessReadDataStream.java,198,call,warn,"LOG.warn(""Could not create a SubView"", e);",src/PdfBox.Net.FontBox/FontBox/TTF/MemoryTTFDataStream.cs;src/PdfBox.Net.FontBox/FontBox/TTF/RandomAccessReadDataStream.cs,migrated,"src/PdfBox.Net.FontBox/FontBox/TTF/RandomAccessReadDataStream.cs:167: LOG.LogWarning(exception, ""Could not create a SubView"");",
fontbox/src/main/java/org/apache/fontbox/ttf/TTFParser.java,32,logger-field,,private static final Log LOG = LogFactory.getLog(TTFParser.class);,src/PdfBox.Net.FontBox/FontBox/TTF/TTFSupportStubs.cs;src/PdfBox.Net.FontBox/FontBox/TTF/TTFParser.cs,migrated,src/PdfBox.Net.FontBox/FontBox/TTF/TTFParser.cs:40: ILogger<TTFParser> LOG => PdfBoxLogging.CreateLogger<TTFParser>();,
fontbox/src/main/java/org/apache/fontbox/ttf/TTFParser.java,148,call,warn,"LOG.warn(""Skip table '"" + table.getTag() + ""' which goes past the file size; offset: "" + table.getOffset() + "", size: "" + table.getLength() + "", font size: "" + font.getOriginalDataSize());",src/PdfBox.Net.FontBox/FontBox/TTF/TTFSupportStubs.cs;src/PdfBox.Net.FontBox/FontBox/TTF/TTFParser.cs,migrated,"src/PdfBox.Net.FontBox/FontBox/TTF/TTFParser.cs:117: LOG.LogWarning( ""Skip table '{TableTag}' which goes past the file size; offset: {TableOffset}, size: {TableLength}, font size: {FontSize}"", table.GetTag(), table.GetOffset(), table.GetLength(), font.GetOriginalDataSize());",
fontbox/src/main/java/org/apache/fontbox/ttf/TTFSubsetter.java,54,logger-field,,private static final Log LOG = LogFactory.getLog(TTFSubsetter.class);,src/PdfBox.Net.FontBox/FontBox/TTF/TTFSubsetter.cs,migrated,src/PdfBox.Net.FontBox/FontBox/TTF/TTFSubsetter.cs:43: ILogger<TTFSubsetter> LOG => PdfBoxLogging.CreateLogger<TTFSubsetter>();,
fontbox/src/main/java/org/apache/fontbox/ttf/TTFSubsetter.java,514,call,debug,"LOG.debug(""Tried skipping "" + g.getOffset() + "" bytes but skipped only "" + isResult + "" bytes"");",src/PdfBox.Net.FontBox/FontBox/TTF/TTFSubsetter.cs,migrated,"src/PdfBox.Net.FontBox/FontBox/TTF/TTFSubsetter.cs:416: LOG.LogDebug(""Tried skipping {RequestedByteCount} bytes but skipped only {SkippedByteCount} bytes"", g.GetOffset(), skipped);",
fontbox/src/main/java/org/apache/fontbox/ttf/TTFSubsetter.java,526,call,debug,"LOG.debug(""Tried skipping "" + (offset - lastOff) + "" bytes but skipped only "" + isResult + "" bytes"");",src/PdfBox.Net.FontBox/FontBox/TTF/TTFSubsetter.cs,migrated,"src/PdfBox.Net.FontBox/FontBox/TTF/TTFSubsetter.cs:428: LOG.LogDebug(""Tried skipping {RequestedByteCount} bytes but skipped only {SkippedByteCount} bytes"", offset - lastOff, skipped);",
fontbox/src/main/java/org/apache/fontbox/ttf/TTFSubsetter.java,533,call,debug,"LOG.debug(""Tried reading "" + length + "" bytes but only "" + isResult + "" bytes read"");",src/PdfBox.Net.FontBox/FontBox/TTF/TTFSubsetter.cs,migrated,"src/PdfBox.Net.FontBox/FontBox/TTF/TTFSubsetter.cs:435: LOG.LogDebug(""Tried reading {RequestedByteCount} bytes but only {ReadByteCount} bytes read"", buf.Length, bytesRead);",
fontbox/src/main/java/org/apache/fontbox/ttf/TTFSubsetter.java,608,call,debug,"LOG.debug(""Tried skipping "" + g.getOffset() + "" bytes but skipped only "" + isResult + "" bytes"");",src/PdfBox.Net.FontBox/FontBox/TTF/TTFSubsetter.cs,migrated,"src/PdfBox.Net.FontBox/FontBox/TTF/TTFSubsetter.cs:501: LOG.LogDebug(""Tried skipping {RequestedByteCount} bytes but skipped only {SkippedByteCount} bytes"", g.GetOffset(), skipped);",
fontbox/src/main/java/org/apache/fontbox/ttf/TTFSubsetter.java,626,call,debug,"LOG.debug(""Tried skipping "" + (offset - lastOff) + "" bytes but skipped only "" + isResult + "" bytes"");",src/PdfBox.Net.FontBox/FontBox/TTF/TTFSubsetter.cs,migrated,"src/PdfBox.Net.FontBox/FontBox/TTF/TTFSubsetter.cs:516: LOG.LogDebug(""Tried skipping {RequestedByteCount} bytes but skipped only {SkippedByteCount} bytes"", offset - lastOff, skipped);",
fontbox/src/main/java/org/apache/fontbox/ttf/TTFSubsetter.java,642,call,debug,"LOG.debug(""Tried reading "" + length + "" bytes but only "" + isResult + "" bytes read"");",src/PdfBox.Net.FontBox/FontBox/TTF/TTFSubsetter.cs,migrated,"src/PdfBox.Net.FontBox/FontBox/TTF/TTFSubsetter.cs:530: LOG.LogDebug(""Tried reading {RequestedByteCount} bytes but only {ReadByteCount} bytes read"", buf.Length, bytesRead);",
fontbox/src/main/java/org/apache/fontbox/ttf/TTFSubsetter.java,939,call,debug,"LOG.debug(""Tried skipping "" + hm.getOffset() + "" bytes but only "" + isResult + "" bytes skipped"");",src/PdfBox.Net.FontBox/FontBox/TTF/TTFSubsetter.cs,migrated,"src/PdfBox.Net.FontBox/FontBox/TTF/TTFSubsetter.cs:774: LOG.LogDebug(""Tried skipping {RequestedByteCount} bytes but only {SkippedByteCount} bytes skipped"", hm.GetOffset(), skipped);",
fontbox/src/main/java/org/apache/fontbox/ttf/TTFSubsetter.java,1018,call,info,"LOG.info(""font subset is empty"");",src/PdfBox.Net.FontBox/FontBox/TTF/TTFSubsetter.cs,migrated,"src/PdfBox.Net.FontBox/FontBox/TTF/TTFSubsetter.cs:833: LOG.LogInformation(""Font subset is empty"");",
fontbox/src/main/java/org/apache/fontbox/ttf/TrueTypeFont.java,45,logger-field,,private static final Log LOG = LogFactory.getLog(TrueTypeFont.class);,src/PdfBox.Net.FontBox/FontBox/TTF/TrueTypeFont.cs,migrated,src/PdfBox.Net.FontBox/FontBox/TTF/TrueTypeFont.cs:43: ILogger<TrueTypeFont> LOG => PdfBoxLogging.CreateLogger<TrueTypeFont>();,
fontbox/src/main/java/org/apache/fontbox/ttf/TrueTypeFont.java,864,call,debug,"LOG.debug(""Error getting the NamingTable for the font"", e);",src/PdfBox.Net.FontBox/FontBox/TTF/TrueTypeFont.cs,migrated,"src/PdfBox.Net.FontBox/FontBox/TTF/TrueTypeFont.cs:405: LOG.LogDebug(e, ""Error getting the NamingTable for the font"");",
fontbox/src/main/java/org/apache/fontbox/ttf/gsub/DefaultGsubWorker.java,35,logger-field,,private static final Log LOG = LogFactory.getLog(DefaultGsubWorker.class);,src/PdfBox.Net.FontBox/FontBox/TTF/GSub/DefaultGsubWorker.cs,migrated,src/PdfBox.Net.FontBox/FontBox/TTF/GSub/DefaultGsubWorker.cs:40: ILogger<DefaultGsubWorker> LOG => PdfBoxLogging.CreateLogger<DefaultGsubWorker>();,
fontbox/src/main/java/org/apache/fontbox/ttf/gsub/DefaultGsubWorker.java,40,call,warn,"LOG.warn(getClass().getSimpleName() + "" class does not perform actual GSUB substitutions. "" + ""Perhaps the selected language is not yet supported by the FontBox library."");",src/PdfBox.Net.FontBox/FontBox/TTF/GSub/DefaultGsubWorker.cs,migrated,"src/PdfBox.Net.FontBox/FontBox/TTF/GSub/DefaultGsubWorker.cs:44: LOG.LogWarning( ""{WorkerType} class does not perform actual GSUB substitutions. Perhaps the selected language is not yet supported by the FontBox library."", GetType().Name);",
fontbox/src/main/java/org/apache/fontbox/ttf/gsub/GlyphSubstitutionDataExtractor.java,59,logger-field,,private static final Log LOG = LogFactory.getLog(GlyphSubstitutionDataExtractor.class);,src/PdfBox.Net.FontBox/FontBox/TTF/GSub/GlyphSubstitutionDataExtractor.cs,migrated,src/PdfBox.Net.FontBox/FontBox/TTF/GSub/GlyphSubstitutionDataExtractor.cs:44: ILogger<GlyphSubstitutionDataExtractor> LOG => PdfBoxLogging.CreateLogger<GlyphSubstitutionDataExtractor>();,
fontbox/src/main/java/org/apache/fontbox/ttf/gsub/GlyphSubstitutionDataExtractor.java,124,guard,debug,LOG.isDebugEnabled(),src/PdfBox.Net.FontBox/FontBox/TTF/GSub/GlyphSubstitutionDataExtractor.cs,migrated,src/PdfBox.Net.FontBox/FontBox/TTF/GSub/GlyphSubstitutionDataExtractor.cs:100: LOG.IsEnabled(LogLevel.Debug),
fontbox/src/main/java/org/apache/fontbox/ttf/gsub/GlyphSubstitutionDataExtractor.java,126,call,debug,"LOG.debug(""Language decided: "" + lang + "" "" + scriptName);",src/PdfBox.Net.FontBox/FontBox/TTF/GSub/GlyphSubstitutionDataExtractor.cs,migrated,"src/PdfBox.Net.FontBox/FontBox/TTF/GSub/GlyphSubstitutionDataExtractor.cs:102: LOG.LogDebug(""Language decided: {Language} {ScriptName}"", lang, scriptName);",
fontbox/src/main/java/org/apache/fontbox/ttf/gsub/GlyphSubstitutionDataExtractor.java,162,guard,debug,LOG.isDebugEnabled(),src/PdfBox.Net.FontBox/FontBox/TTF/GSub/GlyphSubstitutionDataExtractor.cs,migrated,src/PdfBox.Net.FontBox/FontBox/TTF/GSub/GlyphSubstitutionDataExtractor.cs:138: LOG.IsEnabled(LogLevel.Debug),
fontbox/src/main/java/org/apache/fontbox/ttf/gsub/GlyphSubstitutionDataExtractor.java,164,call,debug,"LOG.debug(""*********** extracting GSUB data for the feature: "" + featureRecord.getFeatureTag() + "", glyphSubstitutionMap: "" + glyphSubstitutionMap);",src/PdfBox.Net.FontBox/FontBox/TTF/GSub/GlyphSubstitutionDataExtractor.cs,migrated,"src/PdfBox.Net.FontBox/FontBox/TTF/GSub/GlyphSubstitutionDataExtractor.cs:140: LOG.LogDebug( ""*********** extracting GSUB data for the feature: {FeatureTag}, glyphSubstitutionMap: {GlyphSubstitutionMap}"", featureRecord.GetFeatureTag(), glyphSubstitutionMap);",
fontbox/src/main/java/org/apache/fontbox/ttf/gsub/GlyphSubstitutionDataExtractor.java,204,guard,debug,LOG.isDebugEnabled(),src/PdfBox.Net.FontBox/FontBox/TTF/GSub/GlyphSubstitutionDataExtractor.cs,migrated,src/PdfBox.Net.FontBox/FontBox/TTF/GSub/GlyphSubstitutionDataExtractor.cs:172: LOG.IsEnabled(LogLevel.Debug),
fontbox/src/main/java/org/apache/fontbox/ttf/gsub/GlyphSubstitutionDataExtractor.java,207,call,debug,"LOG.debug(""The type "" + lookupSubTable + "" is not yet supported, will be ignored"");",src/PdfBox.Net.FontBox/FontBox/TTF/GSub/GlyphSubstitutionDataExtractor.cs,migrated,"src/PdfBox.Net.FontBox/FontBox/TTF/GSub/GlyphSubstitutionDataExtractor.cs:175: LOG.LogDebug(""The type {LookupSubTable} is not yet supported, will be ignored"", lookupSubTable);",
fontbox/src/main/java/org/apache/fontbox/ttf/gsub/GlyphSubstitutionDataExtractor.java,236,call,warn,"LOG.warn(""The coverage table size ("" + coverageTable.getSize() + "") should be the same as the count of the substituteGlyphIDs tables ("" + singleSubstTableFormat2.getSubstituteGlyphIDs().length + "")"");",src/PdfBox.Net.FontBox/FontBox/TTF/GSub/GlyphSubstitutionDataExtractor.cs,migrated,"src/PdfBox.Net.FontBox/FontBox/TTF/GSub/GlyphSubstitutionDataExtractor.cs:204: LOG.LogWarning( ""The coverage table size ({CoverageTableSize}) should be the same as the count of the substituteGlyphIDs tables ({SubstituteGlyphIdCount})"", coverageTable.GetSize(), singleSubstTableFormat2.GetSubstituteGlyphIDs().Length);",
fontbox/src/main/java/org/apache/fontbox/ttf/gsub/GlyphSubstitutionDataExtractor.java,259,call,warn,"LOG.warn(""The coverage table size ("" + coverageTable.getSize() + "") should be the same as the count of the sequence tables ("" + multipleSubstFormat1Subtable.getSequenceTables().length + "")"");",src/PdfBox.Net.FontBox/FontBox/TTF/GSub/GlyphSubstitutionDataExtractor.cs,migrated,"src/PdfBox.Net.FontBox/FontBox/TTF/GSub/GlyphSubstitutionDataExtractor.cs:228: LOG.LogWarning( ""The coverage table size ({CoverageTableSize}) should be the same as the count of the sequence tables ({SequenceTableCount})"", coverageTable.GetSize(), multipleSubstFormat1Subtable.GetSequenceTables().Length);",
fontbox/src/main/java/org/apache/fontbox/ttf/gsub/GlyphSubstitutionDataExtractor.java,300,call,warn,"LOG.warn(""The coverage table size ("" + coverageTable.getSize() + "") should be the same as the count of the atlternate set tables ("" + alternateSubstitutionFormat1.getAlternateSetTables().length + "")"");",src/PdfBox.Net.FontBox/FontBox/TTF/GSub/GlyphSubstitutionDataExtractor.cs,migrated,"src/PdfBox.Net.FontBox/FontBox/TTF/GSub/GlyphSubstitutionDataExtractor.cs:271: LOG.LogWarning( ""The coverage table size ({CoverageTableSize}) should be the same as the count of the alternate set tables ({AlternateSetTableCount})"", coverageTable.GetSize(), alternateSubstitutionFormat1.GetAlternateSetTables().Length);",
fontbox/src/main/java/org/apache/fontbox/ttf/gsub/GlyphSubstitutionDataExtractor.java,335,guard,debug,LOG.isDebugEnabled(),src/PdfBox.Net.FontBox/FontBox/TTF/GSub/GlyphSubstitutionDataExtractor.cs,migrated,src/PdfBox.Net.FontBox/FontBox/TTF/GSub/GlyphSubstitutionDataExtractor.cs:302: LOG.IsEnabled(LogLevel.Debug),
fontbox/src/main/java/org/apache/fontbox/ttf/gsub/GlyphSubstitutionDataExtractor.java,337,call,debug,"LOG.debug(""glyphsToBeSubstituted: "" + glyphsToBeSubstituted);",src/PdfBox.Net.FontBox/FontBox/TTF/GSub/GlyphSubstitutionDataExtractor.cs,migrated,"src/PdfBox.Net.FontBox/FontBox/TTF/GSub/GlyphSubstitutionDataExtractor.cs:304: LOG.LogDebug(""glyphsToBeSubstituted: {GlyphsToBeSubstituted}"", glyphsToBeSubstituted);",
fontbox/src/main/java/org/apache/fontbox/ttf/gsub/GlyphSubstitutionDataExtractor.java,350,guard,debug,LOG.isDebugEnabled(),src/PdfBox.Net.FontBox/FontBox/TTF/GSub/GlyphSubstitutionDataExtractor.cs,migrated,src/PdfBox.Net.FontBox/FontBox/TTF/GSub/GlyphSubstitutionDataExtractor.cs:319: LOG.IsEnabled(LogLevel.Debug),
fontbox/src/main/java/org/apache/fontbox/ttf/gsub/GlyphSubstitutionDataExtractor.java,354,call,debug,LOG.debug(message);,src/PdfBox.Net.FontBox/FontBox/TTF/GSub/GlyphSubstitutionDataExtractor.cs,migrated,"src/PdfBox.Net.FontBox/FontBox/TTF/GSub/GlyphSubstitutionDataExtractor.cs:321: LOG.LogDebug( ""For the newGlyph: {NewGlyphList}, newValue: {GlyphsToBeSubstituted} is trying to override the oldValue {OldValues}"", newGlyphList, glyphsToBeSubstituted, oldValues);",
fontbox/src/main/java/org/apache/fontbox/ttf/gsub/GsubWorkerFactory.java,34,logger-field,,private static final Log LOG = LogFactory.getLog(GsubWorkerFactory.class);,src/PdfBox.Net.FontBox/FontBox/TTF/GSub/GsubWorkerFactory.cs,migrated,src/PdfBox.Net.FontBox/FontBox/TTF/GSub/GsubWorkerFactory.cs:40: ILogger<GsubWorkerFactory> LOG => PdfBoxLogging.CreateLogger<GsubWorkerFactory>();,
fontbox/src/main/java/org/apache/fontbox/ttf/gsub/GsubWorkerFactory.java,40,guard,debug,LOG.isDebugEnabled(),src/PdfBox.Net.FontBox/FontBox/TTF/GSub/GsubWorkerFactory.cs,migrated,src/PdfBox.Net.FontBox/FontBox/TTF/GSub/GsubWorkerFactory.cs:49: LOG.IsEnabled(LogLevel.Debug),
fontbox/src/main/java/org/apache/fontbox/ttf/gsub/GsubWorkerFactory.java,42,call,debug,"LOG.debug(""Language: "" + gsubData.getLanguage());",src/PdfBox.Net.FontBox/FontBox/TTF/GSub/GsubWorkerFactory.cs,migrated,"src/PdfBox.Net.FontBox/FontBox/TTF/GSub/GsubWorkerFactory.cs:51: LOG.LogDebug(""Language: {Language}"", gsubData.GetLanguage());",
fontbox/src/main/java/org/apache/fontbox/ttf/gsub/GsubWorkerForBengali.java,45,logger-field,,private static final Log LOG = LogFactory.getLog(GsubWorkerForBengali.class);,src/PdfBox.Net.FontBox/FontBox/TTF/GSub/GsubWorkerForBengali.cs,migrated,src/PdfBox.Net.FontBox/FontBox/TTF/GSub/GsubWorkerForBengali.cs:40: ILogger<GsubWorkerForBengali> LOG => PdfBoxLogging.CreateLogger<GsubWorkerForBengali>();,
fontbox/src/main/java/org/apache/fontbox/ttf/gsub/GsubWorkerForBengali.java,87,call,debug,"LOG.debug(""the feature "" + feature + "" was not found"");",src/PdfBox.Net.FontBox/FontBox/TTF/GSub/GsubWorkerForBengali.cs,migrated,"src/PdfBox.Net.FontBox/FontBox/TTF/GSub/GsubWorkerForBengali.cs:85: LOG.LogDebug(""The feature {Feature} was not found"", feature);",
fontbox/src/main/java/org/apache/fontbox/ttf/gsub/GsubWorkerForBengali.java,91,call,debug,"LOG.debug(""applying the feature "" + feature);",src/PdfBox.Net.FontBox/FontBox/TTF/GSub/GsubWorkerForBengali.cs,migrated,"src/PdfBox.Net.FontBox/FontBox/TTF/GSub/GsubWorkerForBengali.cs:89: LOG.LogDebug(""Applying the feature {Feature}"", feature);",
fontbox/src/main/java/org/apache/fontbox/ttf/gsub/GsubWorkerForBengali.java,155,call,debug,"LOG.debug(""getAllGlyphIdsForSubstitution() for "" + scriptFeature.getName() + "" is empty"");",src/PdfBox.Net.FontBox/FontBox/TTF/GSub/GsubWorkerForBengali.cs,migrated,"src/PdfBox.Net.FontBox/FontBox/TTF/GSub/GsubWorkerForBengali.cs:143: LOG.LogDebug(""GetAllGlyphIdsForSubstitution() for {FeatureName} is empty"", scriptFeature.GetName());",
fontbox/src/main/java/org/apache/fontbox/ttf/gsub/GsubWorkerForBengali.java,180,call,debug,"LOG.debug(""originalGlyphs: "" + originalGlyphs + "", gsubProcessedGlyphs: "" + gsubProcessedGlyphs);",src/PdfBox.Net.FontBox/FontBox/TTF/GSub/GsubWorkerForBengali.cs,migrated,"src/PdfBox.Net.FontBox/FontBox/TTF/GSub/GsubWorkerForBengali.cs:169: LOG.LogDebug(""OriginalGlyphs: {OriginalGlyphs}, GsubProcessedGlyphs: {ProcessedGlyphs}"", originalGlyphs, gsubProcessedGlyphs);",
fontbox/src/main/java/org/apache/fontbox/ttf/gsub/GsubWorkerForDevanagari.java,43,logger-field,,private static final Log LOG = LogFactory.getLog(GsubWorkerForDevanagari.class);,src/PdfBox.Net.FontBox/FontBox/TTF/GSub/GsubWorkerForDevanagari.cs,migrated,src/PdfBox.Net.FontBox/FontBox/TTF/GSub/GsubWorkerForDevanagari.cs:40: ILogger<GsubWorkerForDevanagari> LOG => PdfBoxLogging.CreateLogger<GsubWorkerForDevanagari>();,
fontbox/src/main/java/org/apache/fontbox/ttf/gsub/GsubWorkerForDevanagari.java,98,guard,debug,LOG.isDebugEnabled(),src/PdfBox.Net.FontBox/FontBox/TTF/GSub/GsubWorkerForDevanagari.cs,migrated,src/PdfBox.Net.FontBox/FontBox/TTF/GSub/GsubWorkerForDevanagari.cs:87: LOG.IsEnabled(LogLevel.Debug),
fontbox/src/main/java/org/apache/fontbox/ttf/gsub/GsubWorkerForDevanagari.java,100,call,debug,"LOG.debug(""the feature "" + feature + "" was not found"");",src/PdfBox.Net.FontBox/FontBox/TTF/GSub/GsubWorkerForDevanagari.cs,migrated,"src/PdfBox.Net.FontBox/FontBox/TTF/GSub/GsubWorkerForDevanagari.cs:89: LOG.LogDebug(""The feature {Feature} was not found"", feature);",
fontbox/src/main/java/org/apache/fontbox/ttf/gsub/GsubWorkerForDevanagari.java,105,guard,debug,LOG.isDebugEnabled(),src/PdfBox.Net.FontBox/FontBox/TTF/GSub/GsubWorkerForDevanagari.cs,migrated,src/PdfBox.Net.FontBox/FontBox/TTF/GSub/GsubWorkerForDevanagari.cs:94: LOG.IsEnabled(LogLevel.Debug),
fontbox/src/main/java/org/apache/fontbox/ttf/gsub/GsubWorkerForDevanagari.java,107,call,debug,"LOG.debug(""applying the feature "" + feature);",src/PdfBox.Net.FontBox/FontBox/TTF/GSub/GsubWorkerForDevanagari.cs,migrated,"src/PdfBox.Net.FontBox/FontBox/TTF/GSub/GsubWorkerForDevanagari.cs:96: LOG.LogDebug(""Applying the feature {Feature}"", feature);",
fontbox/src/main/java/org/apache/fontbox/ttf/gsub/GsubWorkerForDevanagari.java,122,guard,debug,LOG.isDebugEnabled(),src/PdfBox.Net.FontBox/FontBox/TTF/GSub/GsubWorkerForDevanagari.cs,migrated,src/PdfBox.Net.FontBox/FontBox/TTF/GSub/GsubWorkerForDevanagari.cs:152: LOG.IsEnabled(LogLevel.Debug),
fontbox/src/main/java/org/apache/fontbox/ttf/gsub/GsubWorkerForDevanagari.java,124,call,debug,"LOG.debug(""Glyph substitution list for "" + rkrfGlyphsForSubstitution.getName() + "" is empty."");",src/PdfBox.Net.FontBox/FontBox/TTF/GSub/GsubWorkerForDevanagari.cs,absent-region,,The special RKR glyph-substitution region containing these diagnostics is not present in the current port.
fontbox/src/main/java/org/apache/fontbox/ttf/gsub/GsubWorkerForDevanagari.java,141,call,debug,"LOG.debug(""Cannot find rkrf candidate. The rkrfGlyphIds doesn't contain lists of two elements."");",src/PdfBox.Net.FontBox/FontBox/TTF/GSub/GsubWorkerForDevanagari.cs,absent-region,,The special RKR glyph-substitution region containing these diagnostics is not present in the current port.
fontbox/src/main/java/org/apache/fontbox/ttf/gsub/GsubWorkerForDevanagari.java,225,guard,debug,LOG.isDebugEnabled(),src/PdfBox.Net.FontBox/FontBox/TTF/GSub/GsubWorkerForDevanagari.cs,migrated,src/PdfBox.Net.FontBox/FontBox/TTF/GSub/GsubWorkerForDevanagari.cs:174: LOG.IsEnabled(LogLevel.Debug),
fontbox/src/main/java/org/apache/fontbox/ttf/gsub/GsubWorkerForDevanagari.java,227,call,debug,"LOG.debug(""getAllGlyphIdsForSubstitution() for "" + scriptFeature.getName() + "" is empty"");",src/PdfBox.Net.FontBox/FontBox/TTF/GSub/GsubWorkerForDevanagari.cs,migrated,"src/PdfBox.Net.FontBox/FontBox/TTF/GSub/GsubWorkerForDevanagari.cs:154: LOG.LogDebug(""GetAllGlyphIdsForSubstitution() for {FeatureName} is empty"", scriptFeature.GetName());",
fontbox/src/main/java/org/apache/fontbox/ttf/gsub/GsubWorkerForDevanagari.java,247,guard,debug,LOG.isDebugEnabled(),src/PdfBox.Net.FontBox/FontBox/TTF/GSub/GsubWorkerForDevanagari.cs,absent-region,,The special RKR glyph-substitution region containing these diagnostics is not present in the current port.
fontbox/src/main/java/org/apache/fontbox/ttf/gsub/GsubWorkerForDevanagari.java,249,call,debug,"LOG.debug(""originalGlyphs: "" + originalGlyphs + "" gsubProcessedGlyphs: "" + gsubProcessedGlyphs);",src/PdfBox.Net.FontBox/FontBox/TTF/GSub/GsubWorkerForDevanagari.cs,migrated,"src/PdfBox.Net.FontBox/FontBox/TTF/GSub/GsubWorkerForDevanagari.cs:176: LOG.LogDebug(""OriginalGlyphs: {OriginalGlyphs}, GsubProcessedGlyphs: {ProcessedGlyphs}"", originalGlyphs, gsubProcessedGlyphs);",
fontbox/src/main/java/org/apache/fontbox/ttf/gsub/GsubWorkerForDflt.java,52,logger-field,,private static final Log LOG = LogFactory.getLog(GsubWorkerForDflt.class);,src/PdfBox.Net.FontBox/FontBox/TTF/GSub/GsubWorkerForDflt.cs,migrated,src/PdfBox.Net.FontBox/FontBox/TTF/GSub/GsubWorkerForDflt.cs:51: ILogger<GsubWorkerForDflt> LOG => PdfBoxLogging.CreateLogger<GsubWorkerForDflt>();,
fontbox/src/main/java/org/apache/fontbox/ttf/gsub/GsubWorkerForDflt.java,87,call,debug,"LOG.debug(""the feature "" + feature + "" was not found"");",src/PdfBox.Net.FontBox/FontBox/TTF/GSub/GsubWorkerForDflt.cs,migrated,"src/PdfBox.Net.FontBox/FontBox/TTF/GSub/GsubWorkerForDflt.cs:79: LOG.LogDebug(""The feature {Feature} was not found"", feature);",
fontbox/src/main/java/org/apache/fontbox/ttf/gsub/GsubWorkerForDflt.java,91,call,debug,"LOG.debug(""applying the feature "" + feature);",src/PdfBox.Net.FontBox/FontBox/TTF/GSub/GsubWorkerForDflt.cs,migrated,"src/PdfBox.Net.FontBox/FontBox/TTF/GSub/GsubWorkerForDflt.cs:83: LOG.LogDebug(""Applying the feature {Feature}"", feature);",
fontbox/src/main/java/org/apache/fontbox/ttf/gsub/GsubWorkerForDflt.java,108,call,debug,"LOG.debug(""getAllGlyphIdsForSubstitution() for "" + scriptFeature.getName() + "" is empty"");",src/PdfBox.Net.FontBox/FontBox/TTF/GSub/GsubWorkerForDflt.cs,migrated,"src/PdfBox.Net.FontBox/FontBox/TTF/GSub/GsubWorkerForDflt.cs:95: LOG.LogDebug(""GetAllGlyphIdsForSubstitution() for {FeatureName} is empty"", scriptFeature.GetName());",
fontbox/src/main/java/org/apache/fontbox/ttf/gsub/GsubWorkerForDflt.java,132,call,debug,"LOG.debug(""originalGlyphs: "" + originalGlyphs + "", gsubProcessedGlyphs: "" + gsubProcessedGlyphs);",src/PdfBox.Net.FontBox/FontBox/TTF/GSub/GsubWorkerForDflt.cs,migrated,"src/PdfBox.Net.FontBox/FontBox/TTF/GSub/GsubWorkerForDflt.cs:122: LOG.LogDebug(""OriginalGlyphs: {OriginalGlyphs}, GsubProcessedGlyphs: {ProcessedGlyphs}"", originalGlyphs, gsubProcessedGlyphs);",
fontbox/src/main/java/org/apache/fontbox/ttf/gsub/GsubWorkerForGujarati.java,43,logger-field,,private static final Log LOG = LogFactory.getLog(GsubWorkerForGujarati.class);,src/PdfBox.Net.FontBox/FontBox/TTF/GSub/GsubWorkerForGujarati.cs,migrated,src/PdfBox.Net.FontBox/FontBox/TTF/GSub/GsubWorkerForGujarati.cs:40: ILogger<GsubWorkerForGujarati> LOG => PdfBoxLogging.CreateLogger<GsubWorkerForGujarati>();,
fontbox/src/main/java/org/apache/fontbox/ttf/gsub/GsubWorkerForGujarati.java,98,guard,debug,LOG.isDebugEnabled(),src/PdfBox.Net.FontBox/FontBox/TTF/GSub/GsubWorkerForGujarati.cs,migrated,src/PdfBox.Net.FontBox/FontBox/TTF/GSub/GsubWorkerForGujarati.cs:83: LOG.IsEnabled(LogLevel.Debug),
fontbox/src/main/java/org/apache/fontbox/ttf/gsub/GsubWorkerForGujarati.java,100,call,debug,"LOG.debug(""the feature "" + feature + "" was not found"");",src/PdfBox.Net.FontBox/FontBox/TTF/GSub/GsubWorkerForGujarati.cs,migrated,"src/PdfBox.Net.FontBox/FontBox/TTF/GSub/GsubWorkerForGujarati.cs:85: LOG.LogDebug(""The feature {Feature} was not found"", feature);",
fontbox/src/main/java/org/apache/fontbox/ttf/gsub/GsubWorkerForGujarati.java,104,guard,debug,LOG.isDebugEnabled(),src/PdfBox.Net.FontBox/FontBox/TTF/GSub/GsubWorkerForGujarati.cs,migrated,src/PdfBox.Net.FontBox/FontBox/TTF/GSub/GsubWorkerForGujarati.cs:90: LOG.IsEnabled(LogLevel.Debug),
fontbox/src/main/java/org/apache/fontbox/ttf/gsub/GsubWorkerForGujarati.java,106,call,debug,"LOG.debug(""applying the feature "" + feature);",src/PdfBox.Net.FontBox/FontBox/TTF/GSub/GsubWorkerForGujarati.cs,migrated,"src/PdfBox.Net.FontBox/FontBox/TTF/GSub/GsubWorkerForGujarati.cs:92: LOG.LogDebug(""Applying the feature {Feature}"", feature);",
fontbox/src/main/java/org/apache/fontbox/ttf/gsub/GsubWorkerForGujarati.java,121,guard,debug,LOG.isDebugEnabled(),src/PdfBox.Net.FontBox/FontBox/TTF/GSub/GsubWorkerForGujarati.cs,migrated,src/PdfBox.Net.FontBox/FontBox/TTF/GSub/GsubWorkerForGujarati.cs:147: LOG.IsEnabled(LogLevel.Debug),
fontbox/src/main/java/org/apache/fontbox/ttf/gsub/GsubWorkerForGujarati.java,123,call,debug,"LOG.debug(""Glyph substitution list for "" + rkrfGlyphsForSubstitution.getName() + "" is empty."");",src/PdfBox.Net.FontBox/FontBox/TTF/GSub/GsubWorkerForGujarati.cs,absent-region,,The special RKR glyph-substitution region containing these diagnostics is not present in the current port.
fontbox/src/main/java/org/apache/fontbox/ttf/gsub/GsubWorkerForGujarati.java,140,call,debug,"LOG.debug(""Cannot find rkrf candidate. The rkrfGlyphIds doesn't contain lists of two elements."");",src/PdfBox.Net.FontBox/FontBox/TTF/GSub/GsubWorkerForGujarati.cs,absent-region,,The special RKR glyph-substitution region containing these diagnostics is not present in the current port.
fontbox/src/main/java/org/apache/fontbox/ttf/gsub/GsubWorkerForGujarati.java,224,guard,debug,LOG.isDebugEnabled(),src/PdfBox.Net.FontBox/FontBox/TTF/GSub/GsubWorkerForGujarati.cs,migrated,src/PdfBox.Net.FontBox/FontBox/TTF/GSub/GsubWorkerForGujarati.cs:169: LOG.IsEnabled(LogLevel.Debug),
fontbox/src/main/java/org/apache/fontbox/ttf/gsub/GsubWorkerForGujarati.java,226,call,debug,"LOG.debug(""getAllGlyphIdsForSubstitution() for "" + scriptFeature.getName() + "" is empty"");",src/PdfBox.Net.FontBox/FontBox/TTF/GSub/GsubWorkerForGujarati.cs,migrated,"src/PdfBox.Net.FontBox/FontBox/TTF/GSub/GsubWorkerForGujarati.cs:149: LOG.LogDebug(""GetAllGlyphIdsForSubstitution() for {FeatureName} is empty"", scriptFeature.GetName());",
fontbox/src/main/java/org/apache/fontbox/ttf/gsub/GsubWorkerForGujarati.java,246,guard,debug,LOG.isDebugEnabled(),src/PdfBox.Net.FontBox/FontBox/TTF/GSub/GsubWorkerForGujarati.cs,absent-region,,The special RKR glyph-substitution region containing these diagnostics is not present in the current port.
fontbox/src/main/java/org/apache/fontbox/ttf/gsub/GsubWorkerForGujarati.java,248,call,debug,"LOG.debug(""originalGlyphs: "" + originalGlyphs + "" gsubProcessedGlyphs: "" + gsubProcessedGlyphs);",src/PdfBox.Net.FontBox/FontBox/TTF/GSub/GsubWorkerForGujarati.cs,migrated,"src/PdfBox.Net.FontBox/FontBox/TTF/GSub/GsubWorkerForGujarati.cs:171: LOG.LogDebug(""OriginalGlyphs: {OriginalGlyphs}, GsubProcessedGlyphs: {ProcessedGlyphs}"", originalGlyphs, gsubProcessedGlyphs);",
fontbox/src/main/java/org/apache/fontbox/ttf/gsub/GsubWorkerForLatin.java,43,logger-field,,private static final Log LOG = LogFactory.getLog(GsubWorkerForLatin.class);,src/PdfBox.Net.FontBox/FontBox/TTF/GSub/GsubWorkerForLatin.cs,migrated,src/PdfBox.Net.FontBox/FontBox/TTF/GSub/GsubWorkerForLatin.cs:40: ILogger<GsubWorkerForLatin> LOG => PdfBoxLogging.CreateLogger<GsubWorkerForLatin>();,
fontbox/src/main/java/org/apache/fontbox/ttf/gsub/GsubWorkerForLatin.java,69,call,debug,"LOG.debug(""the feature "" + feature + "" was not found"");",src/PdfBox.Net.FontBox/FontBox/TTF/GSub/GsubWorkerForLatin.cs,migrated,"src/PdfBox.Net.FontBox/FontBox/TTF/GSub/GsubWorkerForLatin.cs:65: LOG.LogDebug(""The feature {Feature} was not found"", feature);",
fontbox/src/main/java/org/apache/fontbox/ttf/gsub/GsubWorkerForLatin.java,73,call,debug,"LOG.debug(""applying the feature "" + feature);",src/PdfBox.Net.FontBox/FontBox/TTF/GSub/GsubWorkerForLatin.cs,migrated,"src/PdfBox.Net.FontBox/FontBox/TTF/GSub/GsubWorkerForLatin.cs:69: LOG.LogDebug(""Applying the feature {Feature}"", feature);",
fontbox/src/main/java/org/apache/fontbox/ttf/gsub/GsubWorkerForLatin.java,90,call,debug,"LOG.debug(""getAllGlyphIdsForSubstitution() for "" + scriptFeature.getName() + "" is empty"");",src/PdfBox.Net.FontBox/FontBox/TTF/GSub/GsubWorkerForLatin.cs,migrated,"src/PdfBox.Net.FontBox/FontBox/TTF/GSub/GsubWorkerForLatin.cs:81: LOG.LogDebug(""GetAllGlyphIdsForSubstitution() for {FeatureName} is empty"", scriptFeature.GetName());",
fontbox/src/main/java/org/apache/fontbox/ttf/gsub/GsubWorkerForLatin.java,114,call,debug,"LOG.debug(""originalGlyphs: "" + originalGlyphs + "", gsubProcessedGlyphs: "" + gsubProcessedGlyphs);",src/PdfBox.Net.FontBox/FontBox/TTF/GSub/GsubWorkerForLatin.cs,migrated,"src/PdfBox.Net.FontBox/FontBox/TTF/GSub/GsubWorkerForLatin.cs:108: LOG.LogDebug(""OriginalGlyphs: {OriginalGlyphs}, GsubProcessedGlyphs: {ProcessedGlyphs}"", originalGlyphs, gsubProcessedGlyphs);",
fontbox/src/main/java/org/apache/fontbox/type1/Type1Lexer.java,51,logger-field,,private static final Log LOG = LogFactory.getLog(Type1Lexer.class);,src/PdfBox.Net.FontBox/FontBox/Type1/Type1Lexer.cs,migrated,src/PdfBox.Net.FontBox/FontBox/Type1/Type1Lexer.cs:39: ILogger<Type1Lexer> LOG => PdfBoxLogging.CreateLogger<Type1Lexer>();,
fontbox/src/main/java/org/apache/fontbox/type1/Type1Lexer.java,204,call,warn,"LOG.warn(""NULL byte in font, skipped"");",src/PdfBox.Net.FontBox/FontBox/Type1/Type1Lexer.cs,migrated,"src/PdfBox.Net.FontBox/FontBox/Type1/Type1Lexer.cs:95: LOG.LogWarning(""NULL byte in font, skipped"");",
fontbox/src/main/java/org/apache/fontbox/util/autodetect/FontFileFinder.java,34,logger-field,,private static final Log LOG = LogFactory.getLog(FontFileFinder.class);,src/PdfBox.Net.FontBox/FontBox/Util/Autodetect/FontFileFinder.cs,migrated,src/PdfBox.Net.FontBox/FontBox/Util/Autodetect/FontFileFinder.cs:42: ILogger<FontFileFinder> LOG => PdfBoxLogging.CreateLogger<FontFileFinder>();,
fontbox/src/main/java/org/apache/fontbox/util/autodetect/FontFileFinder.java,125,guard,debug,LOG.isDebugEnabled(),src/PdfBox.Net.FontBox/FontBox/Util/Autodetect/FontFileFinder.cs,migrated,src/PdfBox.Net.FontBox/FontBox/Util/Autodetect/FontFileFinder.cs:147: LOG.IsEnabled(LogLevel.Debug),
fontbox/src/main/java/org/apache/fontbox/util/autodetect/FontFileFinder.java,127,call,debug,"LOG.debug(""skip hidden directory "" + file);",src/PdfBox.Net.FontBox/FontBox/Util/Autodetect/FontFileFinder.cs,migrated,"src/PdfBox.Net.FontBox/FontBox/Util/Autodetect/FontFileFinder.cs:149: LOG.LogDebug(""skip hidden directory {Directory}"", childDirectory);",
fontbox/src/main/java/org/apache/fontbox/util/autodetect/FontFileFinder.java,135,guard,debug,LOG.isDebugEnabled(),src/PdfBox.Net.FontBox/FontBox/Util/Autodetect/FontFileFinder.cs,migrated,src/PdfBox.Net.FontBox/FontBox/Util/Autodetect/FontFileFinder.cs:158: LOG.IsEnabled(LogLevel.Debug),
fontbox/src/main/java/org/apache/fontbox/util/autodetect/FontFileFinder.java,137,call,debug,"LOG.debug(""checkFontfile check "" + file);",src/PdfBox.Net.FontBox/FontBox/Util/Autodetect/FontFileFinder.cs,migrated,"src/PdfBox.Net.FontBox/FontBox/Util/Autodetect/FontFileFinder.cs:160: LOG.LogDebug(""checkFontfile check {File}"", fontFile);",
fontbox/src/main/java/org/apache/fontbox/util/autodetect/FontFileFinder.java,141,guard,debug,LOG.isDebugEnabled(),src/PdfBox.Net.FontBox/FontBox/Util/Autodetect/FontFileFinder.cs,migrated,src/PdfBox.Net.FontBox/FontBox/Util/Autodetect/FontFileFinder.cs:164: LOG.IsEnabled(LogLevel.Debug),
fontbox/src/main/java/org/apache/fontbox/util/autodetect/FontFileFinder.java,143,call,debug,"LOG.debug(""checkFontfile found "" + file);",src/PdfBox.Net.FontBox/FontBox/Util/Autodetect/FontFileFinder.cs,migrated,"src/PdfBox.Net.FontBox/FontBox/Util/Autodetect/FontFileFinder.cs:166: LOG.LogDebug(""checkFontfile found {File}"", fontFile);",
fontbox/src/main/java/org/apache/fontbox/util/autodetect/NativeFontDirFinder.java,33,logger-field,,private static final Log LOG = LogFactory.getLog(NativeFontDirFinder.class);,src/PdfBox.Net.FontBox/FontBox/Util/Autodetect/NativeFontDirFinder.cs,migrated,src/PdfBox.Net.FontBox/FontBox/Util/Autodetect/NativeFontDirFinder.cs:41: ILogger<NativeFontDirFinder> LOG => PdfBoxLogging.CreateLogger<NativeFontDirFinder>();,
fontbox/src/main/java/org/apache/fontbox/util/autodetect/NativeFontDirFinder.java,59,call,debug,"LOG.debug(""Couldn't get native font directories - ignoring"", e);",src/PdfBox.Net.FontBox/FontBox/Util/Autodetect/NativeFontDirFinder.cs,migrated,"src/PdfBox.Net.FontBox/FontBox/Util/Autodetect/NativeFontDirFinder.cs:68: LOG.LogDebug(exception, ""Couldn't get native font directories - ignoring"");",
fontbox/src/main/java/org/apache/fontbox/util/autodetect/WindowsFontDirFinder.java,34,logger-field,,private static final Log LOG = LogFactory.getLog(WindowsFontDirFinder.class);,src/PdfBox.Net.FontBox/FontBox/Util/Autodetect/WindowsFontDirFinder.cs,migrated,src/PdfBox.Net.FontBox/FontBox/Util/Autodetect/WindowsFontDirFinder.cs:43: ILogger<WindowsFontDirFinder> LOG => PdfBoxLogging.CreateLogger<WindowsFontDirFinder>();,
fontbox/src/main/java/org/apache/fontbox/util/autodetect/WindowsFontDirFinder.java,52,call,debug,"LOG.debug(""Couldn't get Windows font directories - ignoring"", e);",src/PdfBox.Net.FontBox/FontBox/Util/Autodetect/WindowsFontDirFinder.cs,absent-region,,The port consolidates the two Java Windows-directory lookups and the repeated drive-directory checks into shared .NET helpers. One diagnostic remains at each consolidated failure site; these duplicate Java source sites have no separate target statement.
fontbox/src/main/java/org/apache/fontbox/util/autodetect/WindowsFontDirFinder.java,63,call,debug,"LOG.debug(""Couldn't get Windows font directories - ignoring"", e);",src/PdfBox.Net.FontBox/FontBox/Util/Autodetect/WindowsFontDirFinder.cs,absent-region,,The port consolidates the two Java Windows-directory lookups and the repeated drive-directory checks into shared .NET helpers. One diagnostic remains at each consolidated failure site; these duplicate Java source sites have no separate target statement.
fontbox/src/main/java/org/apache/fontbox/util/autodetect/WindowsFontDirFinder.java,106,call,debug,"LOG.debug(""Couldn't get Windows font directories - ignoring"", e);",src/PdfBox.Net.FontBox/FontBox/Util/Autodetect/WindowsFontDirFinder.cs,migrated,"src/PdfBox.Net.FontBox/FontBox/Util/Autodetect/WindowsFontDirFinder.cs:59: LOG.LogDebug(exception, ""Couldn't get Windows font directories - ignoring"");",
fontbox/src/main/java/org/apache/fontbox/util/autodetect/WindowsFontDirFinder.java,124,call,debug,"LOG.debug(""Couldn't get Windows font directories - ignoring"", e);",src/PdfBox.Net.FontBox/FontBox/Util/Autodetect/WindowsFontDirFinder.cs,migrated,"src/PdfBox.Net.FontBox/FontBox/Util/Autodetect/WindowsFontDirFinder.cs:156: LOG.LogDebug(exception, ""Couldn't get Windows font directories - ignoring"");",
fontbox/src/main/java/org/apache/fontbox/util/autodetect/WindowsFontDirFinder.java,145,call,debug,"LOG.debug(""Couldn't get LOCALAPPDATA directory - ignoring"", e);",src/PdfBox.Net.FontBox/FontBox/Util/Autodetect/WindowsFontDirFinder.cs,migrated,"src/PdfBox.Net.FontBox/FontBox/Util/Autodetect/WindowsFontDirFinder.cs:100: LOG.LogDebug(exception, ""Couldn't get LOCALAPPDATA directory - ignoring"");",
io/src/main/java/org/apache/pdfbox/io/IOUtils.java,80,logger-field,,private static final Log LOG = LogFactory.getLog(IOUtils.class);,src/PdfBox.Net.IO/IO/IOUtils.cs,migrated,src/PdfBox.Net.IO/IO/IOUtils.cs:43: ILogger<IOUtils> LOG => PdfBoxLogging.CreateLogger<IOUtils>();,
io/src/main/java/org/apache/pdfbox/io/IOUtils.java,187,call,debug,"LOG.debug(""An exception occurred while trying to close - ignoring"", ioe);",src/PdfBox.Net.IO/IO/IOUtils.cs,migrated,"src/PdfBox.Net.IO/IO/IOUtils.cs:88: LOG.LogDebug(exception, ""An exception occurred while trying to close - ignoring"");",
io/src/main/java/org/apache/pdfbox/io/IOUtils.java,244,call,error,"LOG.error(""Unable to unmap ByteBuffer."", e);",src/PdfBox.Net.IO/IO/IOUtils.cs,absent-region,,These diagnostics belong to JVM-specific ByteBuffer unmapping and reflection code. The .NET port has no corresponding JVM unmap region.
io/src/main/java/org/apache/pdfbox/io/IOUtils.java,310,call,error,"LOG.error( ""Unmapping is not supported because of missing permissions. Please grant at least the following permissions: RuntimePermission(\""accessClassInPackage.sun.misc\"") "" + "" and ReflectPermission(\""suppressAccessChecks\"")"", se);",src/PdfBox.Net.IO/IO/IOUtils.cs,absent-region,,These diagnostics belong to JVM-specific ByteBuffer unmapping and reflection code. The .NET port has no corresponding JVM unmap region.
io/src/main/java/org/apache/pdfbox/io/IOUtils.java,318,call,error,"LOG.error(""Unmapping is not supported."", e);",src/PdfBox.Net.IO/IO/IOUtils.cs,absent-region,,These diagnostics belong to JVM-specific ByteBuffer unmapping and reflection code. The .NET port has no corresponding JVM unmap region.
io/src/main/java/org/apache/pdfbox/io/IOUtils.java,351,call,error,"LOG.error(""Unable to unmap the mapped buffer"", e);",src/PdfBox.Net.IO/IO/IOUtils.cs,absent-region,,These diagnostics belong to JVM-specific ByteBuffer unmapping and reflection code. The .NET port has no corresponding JVM unmap region.
io/src/main/java/org/apache/pdfbox/io/IOUtils.java,532,call,warn,"LOG.warn(""Unable to set owner-only permissions on: "" + path + "". "" + ""Please ensure that the file or directory is protected against unauthorized access."");",src/PdfBox.Net.IO/IO/IOUtils.cs,migrated,"src/PdfBox.Net.IO/IO/IOUtils.cs:242: LOG.LogWarning( ""Unable to set owner-only permissions on: {Path}. Please ensure that the file or directory is protected against unauthorized access."", path);",
io/src/main/java/org/apache/pdfbox/io/IOUtils.java,204,logger-parameter,,Log logger,src/PdfBox.Net.IO/IO/IOUtils.cs,migrated,src/PdfBox.Net.IO/IO/IOUtils.cs:119: ILogger? logger,
io/src/main/java/org/apache/pdfbox/io/IOUtils.java,212,parameter-call,warn,"logger.warn(""Error closing "" + resourceName, ioe);",src/PdfBox.Net.IO/IO/IOUtils.cs,migrated,"src/PdfBox.Net.IO/IO/IOUtils.cs:128: logger?.LogWarning(exception, ""Error closing {ResourceName}"", resourceName);",
io/src/main/java/org/apache/pdfbox/io/NonSeekableRandomAccessReadInputStream.java,39,logger-field,,private static final Log LOG = LogFactory.getLog(NonSeekableRandomAccessReadInputStream.class);,src/PdfBox.Net.IO/IO/NonSeekableRandomAccessReadInputStream.cs,migrated,src/PdfBox.Net.IO/IO/NonSeekableRandomAccessReadInputStream.cs:42: ILogger<NonSeekableRandomAccessReadInputStream> LOG => PdfBoxLogging.CreateLogger<NonSeekableRandomAccessReadInputStream>();,
io/src/main/java/org/apache/pdfbox/io/NonSeekableRandomAccessReadInputStream.java,266,call,warn,"LOG.warn(""premature end of stream, some data could be read "", exception);",src/PdfBox.Net.IO/IO/NonSeekableRandomAccessReadInputStream.cs,migrated,"src/PdfBox.Net.IO/IO/NonSeekableRandomAccessReadInputStream.cs:231: LOG.LogWarning(exception, ""Premature end of stream, some data could be read"");",
io/src/main/java/org/apache/pdfbox/io/RandomAccessInputStream.java,33,logger-field,,private static final Log LOG = LogFactory.getLog(RandomAccessInputStream.class);,src/PdfBox.Net.IO/IO/RandomAccessInputStream.cs,migrated,src/PdfBox.Net.IO/IO/RandomAccessInputStream.cs:41: ILogger<RandomAccessInputStream> LOG => PdfBoxLogging.CreateLogger<RandomAccessInputStream>();,
io/src/main/java/org/apache/pdfbox/io/RandomAccessInputStream.java,78,call,error,"LOG.error(""read() returns -1, assumed position: "" + position + "", actual position: "" + input.getPosition());",src/PdfBox.Net.IO/IO/RandomAccessInputStream.cs,migrated,"src/PdfBox.Net.IO/IO/RandomAccessInputStream.cs:120: LOG.LogError(""Read returns -1, assumed position: {AssumedPosition}, actual position: {ActualPosition}"", _position, _input.GetPosition());",
io/src/main/java/org/apache/pdfbox/io/RandomAccessInputStream.java,101,call,error,"LOG.error(""read() returns -1, assumed position: "" + position + "", actual position: "" + input.getPosition());",src/PdfBox.Net.IO/IO/RandomAccessInputStream.cs,migrated,"src/PdfBox.Net.IO/IO/RandomAccessInputStream.cs:144: LOG.LogError(""Read returns -1, assumed position: {AssumedPosition}, actual position: {ActualPosition}"", _position, _input.GetPosition());",
io/src/main/java/org/apache/pdfbox/io/ScratchFile.java,54,logger-field,,private static final Log LOG = LogFactory.getLog(ScratchFile.class);,src/PdfBox.Net.IO/IO/ScratchFile.cs,migrated,src/PdfBox.Net.IO/IO/ScratchFile.cs:57: ILogger<ScratchFile> LOG => PdfBoxLogging.CreateLogger<ScratchFile>();,
io/src/main/java/org/apache/pdfbox/io/ScratchFile.java,159,call,error,"LOG.error(""Unexpected exception occurred creating main memory scratch file instance: "" + ioe.getMessage(), ioe);",src/PdfBox.Net.IO/IO/ScratchFile.cs,migrated,"src/PdfBox.Net.IO/IO/ScratchFile.cs:164: LOG.LogError(exception, ""Unexpected exception occurred creating main memory scratch file instance: {Message}"", exception.Message);",
io/src/main/java/org/apache/pdfbox/io/ScratchFile.java,182,call,error,"LOG.error(""Unexpected exception occurred creating main memory scratch file instance: "" + ioe.getMessage(), ioe);",src/PdfBox.Net.IO/IO/ScratchFile.cs,migrated,"src/PdfBox.Net.IO/IO/ScratchFile.cs:186: LOG.LogError(exception, ""Unexpected exception occurred creating main memory scratch file instance: {Message}"", exception.Message);",
io/src/main/java/org/apache/pdfbox/io/ScratchFile.java,268,call,warn,"LOG.warn(""Error deleting scratch file: "" + file.getAbsolutePath());",src/PdfBox.Net.IO/IO/ScratchFile.cs,migrated,"src/PdfBox.Net.IO/IO/ScratchFile.cs:353: LOG.LogWarning(""Error deleting scratch file: {ScratchFile}"", tempPath);",
pdfbox/src/main/java/org/apache/pdfbox/contentstream/PDFStreamEngine.java,80,logger-field,,private static final Log LOG = LogFactory.getLog(PDFStreamEngine.class);,src/PdfBox.Net/ContentStream/PDFStreamEngine.cs,migrated,src/PdfBox.Net/ContentStream/PDFStreamEngine.cs:61: ILogger<PDFStreamEngine> LOG => PdfBoxLogging.CreateLogger<PDFStreamEngine>();,
pdfbox/src/main/java/org/apache/pdfbox/contentstream/PDFStreamEngine.java,713,call,error,"LOG.error(""Nested arrays are not allowed in an array for TJ operation: "" + obj);",src/PdfBox.Net/ContentStream/PDFStreamEngine.cs,migrated,"src/PdfBox.Net/ContentStream/PDFStreamEngine.cs:538: LOG.LogError(""Nested arrays are not allowed in an array for TJ operation: {Object}"", obj);",
pdfbox/src/main/java/org/apache/pdfbox/contentstream/PDFStreamEngine.java,717,call,error,"LOG.error(""Unknown type "" + obj.getClass().getSimpleName() + "" in array for TJ operation: "" + obj);",src/PdfBox.Net/ContentStream/PDFStreamEngine.cs,migrated,"src/PdfBox.Net/ContentStream/PDFStreamEngine.cs:543: LOG.LogError(""Unknown type {TypeName} in array for TJ operation: {Object}"", obj?.GetType().Name ?? ""null"", obj);",
pdfbox/src/main/java/org/apache/pdfbox/contentstream/PDFStreamEngine.java,751,call,warn,"LOG.warn(""No current font, will use default"");",src/PdfBox.Net/ContentStream/PDFStreamEngine.cs,migrated,"src/PdfBox.Net/ContentStream/PDFStreamEngine.cs:484: LOG.LogWarning(""No current font, will use default"");",
pdfbox/src/main/java/org/apache/pdfbox/contentstream/PDFStreamEngine.java,973,call,error,"LOG.error(exception.getMessage(), exception);",src/PdfBox.Net/ContentStream/PDFStreamEngine.cs,migrated,"src/PdfBox.Net/ContentStream/PDFStreamEngine.cs:250: LOG.LogError(exception, ""{Message}"", exception.Message);",
pdfbox/src/main/java/org/apache/pdfbox/contentstream/PDFStreamEngine.java,977,call,warn,"LOG.warn(exception.getMessage(), exception);",src/PdfBox.Net/ContentStream/PDFStreamEngine.cs,migrated,"src/PdfBox.Net/ContentStream/PDFStreamEngine.cs:254: LOG.LogWarning(exception, ""{Message}"", exception.Message);",
pdfbox/src/main/java/org/apache/pdfbox/contentstream/PDFStreamEngine.java,983,call,warn,"LOG.warn(exception.getMessage(), exception);",src/PdfBox.Net/ContentStream/PDFStreamEngine.cs,migrated,"src/PdfBox.Net/ContentStream/PDFStreamEngine.cs:258: LOG.LogWarning(exception, ""{Message}"", exception.Message);",
pdfbox/src/main/java/org/apache/pdfbox/contentstream/PDFStreamEngine.java,987,call,warn,"LOG.warn(exception.getMessage(), exception);",src/PdfBox.Net/ContentStream/PDFStreamEngine.cs,migrated,"src/PdfBox.Net/ContentStream/PDFStreamEngine.cs:262: LOG.LogWarning(exception, ""{Message}"", exception.Message);",
pdfbox/src/main/java/org/apache/pdfbox/contentstream/PDFStreamEngine.java,1182,call,error,"LOG.error(""level is "" + level);",src/PdfBox.Net/ContentStream/PDFStreamEngine.cs,absent-region,,The current port does not contain the Java stream-recursion level tracking API or its negative-level diagnostic.
pdfbox/src/main/java/org/apache/pdfbox/contentstream/operator/DrawObject.java,38,logger-field,,private static final Log LOG = LogFactory.getLog(DrawObject.class);,src/PdfBox.Net/ContentStream/Operator/DrawObject.cs,migrated,src/PdfBox.Net/ContentStream/Operator/DrawObject.cs:42: ILogger<DrawObject> LOG => PdfBoxLogging.CreateLogger<DrawObject>();,
pdfbox/src/main/java/org/apache/pdfbox/contentstream/operator/DrawObject.java,75,call,error,"LOG.error(""recursion is too deep, skipping form XObject"");",src/PdfBox.Net/ContentStream/Operator/DrawObject.cs,absent-region,,The current port does not contain the Java stream-recursion level tracking region that owns this diagnostic.
pdfbox/src/main/java/org/apache/pdfbox/contentstream/operator/graphics/ClosePath.java,36,logger-field,,private static final Log LOG = LogFactory.getLog(ClosePath.class);,src/PdfBox.Net/ContentStream/Operator/Graphics/ClosePath.cs,migrated,src/PdfBox.Net/ContentStream/Operator/Graphics/ClosePath.cs:19: ILogger<ClosePath> LOG => PdfBoxLogging.CreateLogger<ClosePath>();,
pdfbox/src/main/java/org/apache/pdfbox/contentstream/operator/graphics/ClosePath.java,49,call,warn,"LOG.warn(""ClosePath without initial MoveTo"");",src/PdfBox.Net/ContentStream/Operator/Graphics/ClosePath.cs,migrated,"src/PdfBox.Net/ContentStream/Operator/Graphics/ClosePath.cs:27: LOG.LogWarning(""ClosePath without initial MoveTo"");",
pdfbox/src/main/java/org/apache/pdfbox/contentstream/operator/graphics/CurveTo.java,39,logger-field,,private static final Log LOG = LogFactory.getLog(CurveTo.class);,src/PdfBox.Net/ContentStream/Operator/Graphics/CurveTo.cs,migrated,src/PdfBox.Net/ContentStream/Operator/Graphics/CurveTo.cs:19: ILogger<CurveTo> LOG => PdfBoxLogging.CreateLogger<CurveTo>();,
pdfbox/src/main/java/org/apache/pdfbox/contentstream/operator/graphics/CurveTo.java,71,call,warn,"LOG.warn(""curveTo ("" + point3.x + "","" + point3.y + "") without initial MoveTo"");",src/PdfBox.Net/ContentStream/Operator/Graphics/CurveTo.cs,migrated,"src/PdfBox.Net/ContentStream/Operator/Graphics/CurveTo.cs:37: LOG.LogWarning(""curveTo ({X},{Y}) without initial MoveTo"", x3.FloatValue(), y3.FloatValue());",
pdfbox/src/main/java/org/apache/pdfbox/contentstream/operator/graphics/CurveToReplicateFinalPoint.java,40,logger-field,,private static final Log LOG = LogFactory.getLog(CurveToReplicateFinalPoint.class);,src/PdfBox.Net/ContentStream/Operator/Graphics/CurveToReplicateFinalPoint.cs,migrated,src/PdfBox.Net/ContentStream/Operator/Graphics/CurveToReplicateFinalPoint.cs:19: ILogger<CurveToReplicateFinalPoint> LOG => PdfBoxLogging.CreateLogger<CurveToReplicateFinalPoint>();,
pdfbox/src/main/java/org/apache/pdfbox/contentstream/operator/graphics/CurveToReplicateFinalPoint.java,71,call,warn,"LOG.warn(""curveTo ("" + point3.x + "","" + point3.y + "") without initial MoveTo"");",src/PdfBox.Net/ContentStream/Operator/Graphics/CurveToReplicateFinalPoint.cs,migrated,"src/PdfBox.Net/ContentStream/Operator/Graphics/CurveToReplicateFinalPoint.cs:32: LOG.LogWarning(""curveTo ({X},{Y}) without initial MoveTo"", x3.FloatValue(), y3.FloatValue());",
pdfbox/src/main/java/org/apache/pdfbox/contentstream/operator/graphics/CurveToReplicateInitialPoint.java,39,logger-field,,private static final Log LOG = LogFactory.getLog(CurveToReplicateInitialPoint.class);,src/PdfBox.Net/ContentStream/Operator/Graphics/CurveToReplicateInitialPoint.cs,migrated,src/PdfBox.Net/ContentStream/Operator/Graphics/CurveToReplicateInitialPoint.cs:19: ILogger<CurveToReplicateInitialPoint> LOG => PdfBoxLogging.CreateLogger<CurveToReplicateInitialPoint>();,
pdfbox/src/main/java/org/apache/pdfbox/contentstream/operator/graphics/CurveToReplicateInitialPoint.java,70,call,warn,"LOG.warn(""curveTo ("" + point3.x + "","" + point3.y + "") without initial MoveTo"");",src/PdfBox.Net/ContentStream/Operator/Graphics/CurveToReplicateInitialPoint.cs,migrated,"src/PdfBox.Net/ContentStream/Operator/Graphics/CurveToReplicateInitialPoint.cs:38: LOG.LogWarning(""curveTo ({X},{Y}) without initial MoveTo"", x3.FloatValue(), y3.FloatValue());",
pdfbox/src/main/java/org/apache/pdfbox/contentstream/operator/graphics/DrawObject.java,44,logger-field,,private static final Log LOG = LogFactory.getLog(DrawObject.class);,src/PdfBox.Net/ContentStream/Operator/DrawObject.cs,migrated,src/PdfBox.Net/ContentStream/Operator/DrawObject.cs:42: ILogger<DrawObject> LOG => PdfBoxLogging.CreateLogger<DrawObject>();,
pdfbox/src/main/java/org/apache/pdfbox/contentstream/operator/graphics/DrawObject.java,87,call,error,"LOG.error(""recursion is too deep, skipping form XObject"");",src/PdfBox.Net/ContentStream/Operator/DrawObject.cs,absent-region,,The current port does not contain the Java stream-recursion level tracking region that owns this diagnostic.
pdfbox/src/main/java/org/apache/pdfbox/contentstream/operator/graphics/LineTo.java,39,logger-field,,private static final Log LOG = LogFactory.getLog(LineTo.class);,src/PdfBox.Net/ContentStream/Operator/Graphics/LineTo.cs,migrated,src/PdfBox.Net/ContentStream/Operator/Graphics/LineTo.cs:19: ILogger<LineTo> LOG => PdfBoxLogging.CreateLogger<LineTo>();,
pdfbox/src/main/java/org/apache/pdfbox/contentstream/operator/graphics/LineTo.java,72,call,warn,"LOG.warn(""LineTo ("" + pos.x + "","" + pos.y + "") without initial MoveTo"");",src/PdfBox.Net/ContentStream/Operator/Graphics/LineTo.cs,migrated,"src/PdfBox.Net/ContentStream/Operator/Graphics/LineTo.cs:33: LOG.LogWarning(""LineTo ({X},{Y}) without initial MoveTo"", x.FloatValue(), y.FloatValue());",
pdfbox/src/main/java/org/apache/pdfbox/contentstream/operator/markedcontent/DrawObject.java,44,logger-field,,private static final Log LOG = LogFactory.getLog(DrawObject.class);,src/PdfBox.Net/ContentStream/Operator/MarkedContent/DrawObject.cs,migrated,src/PdfBox.Net/ContentStream/Operator/MarkedContent/DrawObject.cs:37: ILogger<DrawObject> LOG => PdfBoxLogging.CreateLogger<DrawObject>();,
pdfbox/src/main/java/org/apache/pdfbox/contentstream/operator/markedcontent/DrawObject.java,75,call,error,"LOG.error(""recursion is too deep, skipping form XObject"");",src/PdfBox.Net/ContentStream/Operator/MarkedContent/DrawObject.cs,absent-region,,The current port does not contain the Java stream-recursion level tracking region that owns this diagnostic.
pdfbox/src/main/java/org/apache/pdfbox/contentstream/operator/state/SetGraphicsStateParameters.java,40,logger-field,,private static final Log LOG = LogFactory.getLog(SetGraphicsStateParameters.class);,src/PdfBox.Net/ContentStream/Operator/State/SetGraphicsStateParameters.cs,migrated,src/PdfBox.Net/ContentStream/Operator/State/SetGraphicsStateParameters.cs:44: ILogger<SetGraphicsStateParameters> LOG => PdfBoxLogging.CreateLogger<SetGraphicsStateParameters>();,
pdfbox/src/main/java/org/apache/pdfbox/contentstream/operator/state/SetGraphicsStateParameters.java,66,call,error,"LOG.error(""name for 'gs' operator not found in resources: /"" + graphicsName.getName());",src/PdfBox.Net/ContentStream/Operator/State/SetGraphicsStateParameters.cs,migrated,"src/PdfBox.Net/ContentStream/Operator/State/SetGraphicsStateParameters.cs:67: LOG.LogError(""name for 'gs' operator not found in resources: /{GraphicsName}"", graphicsName.GetName());",
pdfbox/src/main/java/org/apache/pdfbox/contentstream/operator/state/SetLineDashPattern.java,39,logger-field,,private static final Log LOG = LogFactory.getLog(SetLineDashPattern.class);,src/PdfBox.Net/ContentStream/Operator/State/SetLineDashPattern.cs,migrated,src/PdfBox.Net/ContentStream/Operator/State/SetLineDashPattern.cs:19: ILogger<SetLineDashPattern> LOG => PdfBoxLogging.CreateLogger<SetLineDashPattern>();,
pdfbox/src/main/java/org/apache/pdfbox/contentstream/operator/state/SetLineDashPattern.java,78,call,warn,"LOG.warn(""dash array has non number element "" + base + "", ignored"");",src/PdfBox.Net/ContentStream/Operator/State/SetLineDashPattern.cs,migrated,"src/PdfBox.Net/ContentStream/Operator/State/SetLineDashPattern.cs:44: LOG.LogWarning(""dash array has non number element {Element}, ignored"", item);",
pdfbox/src/main/java/org/apache/pdfbox/contentstream/operator/text/MoveText.java,39,logger-field,,private static final Log LOG = LogFactory.getLog(MoveText.class);,src/PdfBox.Net/ContentStream/Operator/Text/MoveText.cs,migrated,src/PdfBox.Net/ContentStream/Operator/Text/MoveText.cs:42: ILogger<MoveText> LOG => PdfBoxLogging.CreateLogger<MoveText>();,
pdfbox/src/main/java/org/apache/pdfbox/contentstream/operator/text/MoveText.java,57,call,warn,"LOG.warn(""TextLineMatrix is null, "" + getName() + "" operator will be ignored"");",src/PdfBox.Net/ContentStream/Operator/Text/MoveText.cs,migrated,"src/PdfBox.Net/ContentStream/Operator/Text/MoveText.cs:60: LOG.LogWarning(""TextLineMatrix is null, {OperatorName} operator will be ignored"", GetName());",
pdfbox/src/main/java/org/apache/pdfbox/contentstream/operator/text/SetFontAndSize.java,44,logger-field,,private static final Log LOG = LogFactory.getLog(SetFontAndSize.class);,src/PdfBox.Net/ContentStream/Operator/Text/SetFontAndSize.cs,migrated,src/PdfBox.Net/ContentStream/Operator/Text/SetFontAndSize.cs:43: ILogger<SetFontAndSize> LOG => PdfBoxLogging.CreateLogger<SetFontAndSize>();,
pdfbox/src/main/java/org/apache/pdfbox/contentstream/operator/text/SetFontAndSize.java,79,call,warn,"LOG.warn(""font '"" + fontName.getName() + ""' not found in resources"");",src/PdfBox.Net/ContentStream/Operator/Text/SetFontAndSize.cs,migrated,"src/PdfBox.Net/ContentStream/Operator/Text/SetFontAndSize.cs:71: LOG.LogWarning(""font '{FontName}' not found in resources"", fontName.GetName());",
pdfbox/src/main/java/org/apache/pdfbox/cos/COSDictionary.java,52,logger-field,,private static final Log LOG = LogFactory.getLog(COSDictionary.class);,src/PdfBox.Net/COS/COSDictionary.cs,migrated,src/PdfBox.Net/COS/COSDictionary.cs:35: ILogger<COSDictionary> LOG => PdfBoxLogging.CreateLogger<COSDictionary>();,
pdfbox/src/main/java/org/apache/pdfbox/cos/COSDictionary.java,1356,call,debug,"LOG.debug(""An exception occurred trying - returning error message instead"", e);",src/PdfBox.Net/COS/COSDictionary.cs,migrated,"src/PdfBox.Net/COS/COSDictionary.cs:685: LOG.LogDebug(exception, ""An exception occurred trying - returning error message instead"");",
pdfbox/src/main/java/org/apache/pdfbox/cos/COSDocument.java,47,logger-field,,private static final Log LOG = LogFactory.getLog(COSDocument.class);,src/PdfBox.Net/COS/COSDocument.cs,migrated,src/PdfBox.Net/COS/COSDocument.cs:41: ILogger<COSDocument> LOG => PdfBoxLogging.CreateLogger<COSDocument>();,
pdfbox/src/main/java/org/apache/pdfbox/cos/COSDocument.java,152,call,warn,"LOG.warn( ""An error occurred when creating stream cache. Using memory only cache as fallback."", exception1);",src/PdfBox.Net/COS/COSDocument.cs,migrated,"src/PdfBox.Net/COS/COSDocument.cs:139: LOG.LogWarning(exception1, ""An error occurred when creating stream cache. Using memory only cache as fallback."");",
pdfbox/src/main/java/org/apache/pdfbox/cos/COSDocument.java,162,call,warn,"LOG.warn(""An error occurred when creating stream cache for fallback."", exception2);",src/PdfBox.Net/COS/COSDocument.cs,migrated,"src/PdfBox.Net/COS/COSDocument.cs:148: LOG.LogWarning(exception2, ""An error occurred when creating stream cache for fallback."");",
pdfbox/src/main/java/org/apache/pdfbox/cos/COSDocument.java,469,helper-pass,,"IOUtils.closeAndLogException((COSStream) cosObject, LOG, ""COSStream"", firstException);",src/PdfBox.Net/COS/COSDocument.cs,migrated,"src/PdfBox.Net/COS/COSDocument.cs:433: IOUtils.CloseAndLogException(cosStream, LOG, ""COSStream"", firstException);",
pdfbox/src/main/java/org/apache/pdfbox/cos/COSDocument.java,477,helper-pass,,"IOUtils.closeAndLogException(stream, LOG, ""COSStream"", firstException);",src/PdfBox.Net/COS/COSDocument.cs,migrated,"src/PdfBox.Net/COS/COSDocument.cs:440: IOUtils.CloseAndLogException(stream, LOG, ""COSStream"", firstException);",
pdfbox/src/main/java/org/apache/pdfbox/cos/COSDocument.java,482,helper-pass,,"IOUtils.closeAndLogException(streamCache, LOG, ""Stream Cache"", firstException);",src/PdfBox.Net/COS/COSDocument.cs,migrated,"src/PdfBox.Net/COS/COSDocument.cs:445: IOUtils.CloseAndLogException(_streamCache, LOG, ""Stream Cache"", firstException);",
pdfbox/src/main/java/org/apache/pdfbox/cos/COSObject.java,37,logger-field,,private static final Log LOG = LogFactory.getLog(COSObject.class);,src/PdfBox.Net/COS/COSObject.cs,migrated,src/PdfBox.Net/COS/COSObject.cs:39: ILogger<COSObject> LOG => PdfBoxLogging.CreateLogger<COSObject>();,
pdfbox/src/main/java/org/apache/pdfbox/cos/COSObject.java,122,call,error,"LOG.error(""Can't dereference "" + this, e);",src/PdfBox.Net/COS/COSObject.cs,migrated,"src/PdfBox.Net/COS/COSObject.cs:129: LOG.LogError(e, ""Can't dereference {Object}"", this);",
pdfbox/src/main/java/org/apache/pdfbox/cos/COSStream.java,59,logger-field,,private static final Log LOG = LogFactory.getLog(COSStream.class);,src/PdfBox.Net/COS/COSStream.cs,migrated,src/PdfBox.Net/COS/COSStream.cs:38: ILogger<COSStream> LOG => PdfBoxLogging.CreateLogger<COSStream>();,
pdfbox/src/main/java/org/apache/pdfbox/cos/COSStream.java,373,call,debug,"LOG.debug(""An exception occurred trying to get the content - returning empty string instead"", e);",src/PdfBox.Net/COS/COSStream.cs,migrated,"src/PdfBox.Net/COS/COSStream.cs:242: LOG.LogDebug(exception, ""An exception occurred trying to get the content - returning empty string instead"");",
pdfbox/src/main/java/org/apache/pdfbox/cos/COSString.java,48,logger-field,,private static final Log LOG = LogFactory.getLog(COSString.class);,src/PdfBox.Net/COS/COSString.cs,migrated,src/PdfBox.Net/COS/COSString.cs:36: ILogger<COSString> LOG => PdfBoxLogging.CreateLogger<COSString>();,
pdfbox/src/main/java/org/apache/pdfbox/cos/COSString.java,167,call,warn,"LOG.warn(""Encountered a malformed hex string"");",src/PdfBox.Net/COS/COSString.cs,migrated,"src/PdfBox.Net/COS/COSString.cs:121: LOG.LogWarning(""Encountered a malformed hex string"");",
pdfbox/src/main/java/org/apache/pdfbox/cos/COSString.java,184,call,warn,"LOG.warn(""Encountered a malformed hex string"");",src/PdfBox.Net/COS/COSString.cs,migrated,"src/PdfBox.Net/COS/COSString.cs:139: LOG.LogWarning(""Encountered a malformed hex string"");",
pdfbox/src/main/java/org/apache/pdfbox/filter/ASCIIHexFilter.java,35,logger-field,,private static final Log LOG = LogFactory.getLog(ASCIIHexFilter.class);,src/PdfBox.Net/Filter/ASCIIHexFilter.cs,migrated,src/PdfBox.Net/Filter/ASCIIHexFilter.cs:19: ILogger<ASCIIHexFilter> LOG => PdfBoxLogging.CreateLogger<ASCIIHexFilter>();,
pdfbox/src/main/java/org/apache/pdfbox/filter/ASCIIHexFilter.java,85,call,error,"LOG.error(""Invalid hex, int: "" + firstByte + "" char: "" + ((char) firstByte) + "" (1st byte)"");",src/PdfBox.Net/Filter/ASCIIHexFilter.cs,migrated,"src/PdfBox.Net/Filter/ASCIIHexFilter.cs:37: LOG.LogError(""Invalid hex, int: {ByteValue} char: {Character} (1st byte)"", firstByte, (char)firstByte);",
pdfbox/src/main/java/org/apache/pdfbox/filter/ASCIIHexFilter.java,98,call,error,"LOG.error(""Invalid hex, int: "" + secondByte + "" char: "" + ((char) secondByte) + "" (2nd byte)"");",src/PdfBox.Net/Filter/ASCIIHexFilter.cs,migrated,"src/PdfBox.Net/Filter/ASCIIHexFilter.cs:50: LOG.LogError(""Invalid hex, int: {ByteValue} char: {Character} (2nd byte)"", secondByte, (char)secondByte);",
pdfbox/src/main/java/org/apache/pdfbox/filter/DCTFilter.java,53,logger-field,,private static final Log LOG = LogFactory.getLog(DCTFilter.class);,src/PdfBox.Net/Filter/DCTFilter.cs,migrated,src/PdfBox.Net/Filter/DCTFilter.cs:25: ILogger<DCTFilter> LOG => PdfBoxLogging.CreateLogger<DCTFilter>();,
pdfbox/src/main/java/org/apache/pdfbox/filter/DCTFilter.java,93,call,debug,"LOG.debug(""Couldn't read usíng getAdobeTransform() - using getAdobeTransformByBruteForce() as fallback"", e);",src/PdfBox.Net/Filter/DCTFilter.cs,absent-region,,"These diagnostics are inside Java ImageIO transform, raster fallback, and metadata paths. The current port uses a different decoder backend and has no corresponding regions."
pdfbox/src/main/java/org/apache/pdfbox/filter/DCTFilter.java,105,call,warn,"LOG.warn(""There is no 4 channel YCbCr, using YCCK"");",src/PdfBox.Net/Filter/DCTFilter.cs,absent-region,,"These diagnostics are inside Java ImageIO transform, raster fallback, and metadata paths. The current port uses a different decoder backend and has no corresponding regions."
pdfbox/src/main/java/org/apache/pdfbox/filter/DCTFilter.java,160,call,debug,"LOG.debug(""Couldn't read use read() for RGB image - using readRaster() as fallback"", e);",src/PdfBox.Net/Filter/DCTFilter.cs,absent-region,,"These diagnostics are inside Java ImageIO transform, raster fallback, and metadata paths. The current port uses a different decoder backend and has no corresponding regions."
pdfbox/src/main/java/org/apache/pdfbox/filter/DCTFilter.java,193,call,warn,"LOG.warn(""app14Adobe entry appears several times, using the last one"");",src/PdfBox.Net/Filter/DCTFilter.cs,absent-region,,"These diagnostics are inside Java ImageIO transform, raster fallback, and metadata paths. The current port uses a different decoder backend and has no corresponding regions."
pdfbox/src/main/java/org/apache/pdfbox/filter/DCTFilter.java,331,call,debug,"LOG.debug(""Couldn't read metadata - returning empty string"", e);",src/PdfBox.Net/Filter/DCTFilter.cs,absent-region,,"These diagnostics are inside Java ImageIO transform, raster fallback, and metadata paths. The current port uses a different decoder backend and has no corresponding regions."
pdfbox/src/main/java/org/apache/pdfbox/filter/Filter.java,53,logger-field,,private static final Log LOG = LogFactory.getLog(Filter.class);,src/PdfBox.Net/Filter/Filter.cs,migrated,src/PdfBox.Net/Filter/Filter.cs:37: ILogger<Filter> LOG => PdfBoxLogging.CreateLogger<Filter>();,
pdfbox/src/main/java/org/apache/pdfbox/filter/Filter.java,155,call,error,"LOG.error(""Expected DecodeParams to be an Array or Dictionary but found "" + obj.getClass().getName());",src/PdfBox.Net/Filter/Filter.cs,migrated,"src/PdfBox.Net/Filter/Filter.cs:131: LOG.LogError(""Expected DecodeParams to be an Array or Dictionary but found {TypeName}"", decodeParams.GetType().FullName);",
pdfbox/src/main/java/org/apache/pdfbox/filter/Filter.java,223,call,warn,"LOG.warn(ex.getMessage(), ex);",src/PdfBox.Net/Filter/Filter.cs,migrated,"src/PdfBox.Net/Filter/Filter.cs:149: LOG.LogWarning(exception, ""{Message}"", exception.Message);",
pdfbox/src/main/java/org/apache/pdfbox/filter/Filter.java,266,call,warn,"LOG.warn(""Removed duplicated filter entries"");",src/PdfBox.Net/Filter/Filter.cs,migrated,"src/PdfBox.Net/Filter/Filter.cs:76: LOG.LogWarning(""Removed duplicated filter entries"");",
pdfbox/src/main/java/org/apache/pdfbox/filter/FlateFilterDecoderStream.java,38,logger-field,,private static final Log LOG = LogFactory.getLog(FlateFilterDecoderStream.class);,src/PdfBox.Net/Filter/FlateFilterDecoderStream.cs,migrated,src/PdfBox.Net/Filter/FlateFilterDecoderStream.cs:35: ILogger<FlateFilterDecoderStream> LOG => PdfBoxLogging.CreateLogger<FlateFilterDecoderStream>();,
pdfbox/src/main/java/org/apache/pdfbox/filter/FlateFilterDecoderStream.java,111,call,warn,"LOG.warn(""FlateFilter: premature end of stream due to a DataFormatException = "" + exception.getMessage());",src/PdfBox.Net/Filter/FlateFilterDecoderStream.cs,migrated,"src/PdfBox.Net/Filter/FlateFilterDecoderStream.cs:90: LOG.LogWarning( ""FlateFilter: premature end of stream due to a DataFormatException = {Message}"", exception.Message);",
pdfbox/src/main/java/org/apache/pdfbox/filter/JBIG2Filter.java,48,logger-field,,private static final Log LOG = LogFactory.getLog(JBIG2Filter.class);,src/PdfBox.Net/Filter/JBIG2Filter.cs,migrated,src/PdfBox.Net/Filter/JBIG2Filter.cs:41: ILogger<JBIG2Filter> LOG => PdfBoxLogging.CreateLogger<JBIG2Filter>();,
pdfbox/src/main/java/org/apache/pdfbox/filter/JBIG2Filter.java,56,call,info,"LOG.info(""The Levigo JBIG2 plugin has been donated to the Apache Foundation"");",src/PdfBox.Net/Filter/JBIG2Filter.cs,absent-region,,These notices refer specifically to the Java Levigo ImageIO plug-in. The .NET port uses JBig2Decoder.NETStandard and has no corresponding plug-in discovery region.
pdfbox/src/main/java/org/apache/pdfbox/filter/JBIG2Filter.java,57,call,info,"LOG.info(""and an improved version is available for download at "" + ""https://pdfbox.apache.org/download.cgi"");",src/PdfBox.Net/Filter/JBIG2Filter.cs,absent-region,,These notices refer specifically to the Java Levigo ImageIO plug-in. The .NET port uses JBig2Decoder.NETStandard and has no corresponding plug-in discovery region.
pdfbox/src/main/java/org/apache/pdfbox/filter/JBIG2Filter.java,113,call,warn,"LOG.warn(""Attempting to handle a JBIG2 with more than 1-bit depth"");",src/PdfBox.Net/Filter/JBIG2Filter.cs,migrated,"src/PdfBox.Net/Filter/JBIG2Filter.cs:63: LOG.LogWarning(""Attempting to handle a JBIG2 with more than 1-bit depth"");",
pdfbox/src/main/java/org/apache/pdfbox/filter/LZWFilter.java,46,logger-field,,private static final Log LOG = LogFactory.getLog(LZWFilter.class);,src/PdfBox.Net/Filter/LZWFilter.cs,migrated,src/PdfBox.Net/Filter/LZWFilter.cs:19: ILogger<LZWFilter> LOG => PdfBoxLogging.CreateLogger<LZWFilter>();,
pdfbox/src/main/java/org/apache/pdfbox/filter/LZWFilter.java,128,call,warn,"LOG.warn(""Premature EOF in LZW stream, EOD code missing"", ex);",src/PdfBox.Net/Filter/LZWFilter.cs,migrated,"src/PdfBox.Net/Filter/LZWFilter.cs:167: LOG.LogWarning(exception, ""Premature EOF in LZW stream, EOD code missing"");",
pdfbox/src/main/java/org/apache/pdfbox/multipdf/LayerUtility.java,56,logger-field,,private static final Log LOG = LogFactory.getLog(LayerUtility.class);,src/PdfBox.Net/MultiPdf/LayerUtility.cs,migrated,src/PdfBox.Net/MultiPdf/LayerUtility.cs:47: ILogger<LayerUtility> LOG => PdfBoxLogging.CreateLogger<LayerUtility>();,
pdfbox/src/main/java/org/apache/pdfbox/multipdf/LayerUtility.java,267,call,warn,"LOG.warn(""Negative cropBox "" + cropBox + "" and identity transform may make your form invisible"");",src/PdfBox.Net/MultiPdf/LayerUtility.cs,migrated,"src/PdfBox.Net/MultiPdf/LayerUtility.cs:200: LOG.LogWarning( ""Negative cropBox {CropBox} and identity transform may make your form invisible"", cropBox);",
pdfbox/src/main/java/org/apache/pdfbox/multipdf/Overlay.java,60,logger-field,,private static final Log LOG = LogFactory.getLog(Overlay.class);,src/PdfBox.Net/MultiPdf/Overlay.cs,migrated,src/PdfBox.Net/MultiPdf/Overlay.cs:47: ILogger<Overlay> LOG => PdfBoxLogging.CreateLogger<Overlay>();,
pdfbox/src/main/java/org/apache/pdfbox/multipdf/Overlay.java,618,guard,debug,LOG.isDebugEnabled(),src/PdfBox.Net/MultiPdf/Overlay.cs,migrated,src/PdfBox.Net/MultiPdf/Overlay.cs:711: LOG.IsEnabled(LogLevel.Debug),
pdfbox/src/main/java/org/apache/pdfbox/multipdf/Overlay.java,620,call,debug,"LOG.debug(""Overlay position: ("" + hShift + "","" + vShift + "")"");",src/PdfBox.Net/MultiPdf/Overlay.cs,migrated,"src/PdfBox.Net/MultiPdf/Overlay.cs:713: LOG.LogDebug(""Overlay position: ({HorizontalShift},{VerticalShift})"", hShift, vShift);",
pdfbox/src/main/java/org/apache/pdfbox/multipdf/PDFCloneUtility.java,44,logger-field,,private static final Log LOG = LogFactory.getLog(PDFCloneUtility.class);,src/PdfBox.Net/MultiPdf/PDFCloneUtility.cs,migrated,src/PdfBox.Net/MultiPdf/PDFCloneUtility.cs:40: ILogger<PDFCloneUtility> LOG => PdfBoxLogging.CreateLogger<PDFCloneUtility>();,
pdfbox/src/main/java/org/apache/pdfbox/multipdf/PDFCloneUtility.java,255,call,warn,"LOG.warn(parent.getClass().getSimpleName() + "" object has a reference to itself: "" + cosObj.getKey());",src/PdfBox.Net/MultiPdf/PDFCloneUtility.cs,migrated,"src/PdfBox.Net/MultiPdf/PDFCloneUtility.cs:256: LOG.LogWarning(""{ParentType} object has a reference to itself: {ObjectKey}"", parent.GetType().Name, objectValue.GetKey());",
pdfbox/src/main/java/org/apache/pdfbox/multipdf/PDFMergerUtility.java,93,logger-field,,private static final Log LOG = LogFactory.getLog(PDFMergerUtility.class);,src/PdfBox.Net/MultiPdf/PDFMergerUtility.cs,migrated,src/PdfBox.Net/MultiPdf/PDFMergerUtility.cs:43: ILogger<PDFMergerUtility> LOG => PdfBoxLogging.CreateLogger<PDFMergerUtility>();,
pdfbox/src/main/java/org/apache/pdfbox/multipdf/PDFMergerUtility.java,475,helper-pass,,"IOUtils.closeAndLogException(sourceDoc, LOG, ""PDDocument"", null);",src/PdfBox.Net/MultiPdf/PDFMergerUtility.cs,absent-region,,"The current merger port does not contain the Java legacy-close helper flow or the advanced names, outline, labels, metadata, action, IDTree, RoleMap, and structure-tree merge regions that own these diagnostics."
pdfbox/src/main/java/org/apache/pdfbox/multipdf/PDFMergerUtility.java,575,call,warn,"LOG.warn(""Removed /IDTree from /Names dictionary, doesn't belong there"");",src/PdfBox.Net/MultiPdf/PDFMergerUtility.cs,absent-region,,"The current merger port does not contain the Java legacy-close helper flow or the advanced names, outline, labels, metadata, action, IDTree, RoleMap, and structure-tree merge regions that own these diagnostics."
pdfbox/src/main/java/org/apache/pdfbox/multipdf/PDFMergerUtility.java,612,call,warn,"LOG.warn(""Outline ignored: "" + destLastOutlineItem.getCOSObject());",src/PdfBox.Net/MultiPdf/PDFMergerUtility.cs,absent-region,,"The current merger port does not contain the Java legacy-close helper flow or the advanced names, outline, labels, metadata, action, IDTree, RoleMap, and structure-tree merge regions that own these diagnostics."
pdfbox/src/main/java/org/apache/pdfbox/multipdf/PDFMergerUtility.java,669,call,error,"LOG.error(""page labels ignored, index "" + i + "" should be a number, but is "" + base);",src/PdfBox.Net/MultiPdf/PDFMergerUtility.cs,absent-region,,"The current merger port does not contain the Java legacy-close helper flow or the advanced names, outline, labels, metadata, action, IDTree, RoleMap, and structure-tree merge regions that own these diagnostics."
pdfbox/src/main/java/org/apache/pdfbox/multipdf/PDFMergerUtility.java,699,call,error,"LOG.error(""Metadata skipped because it could not be read"", ex);",src/PdfBox.Net/MultiPdf/PDFMergerUtility.cs,absent-region,,"The current merger port does not contain the Java legacy-close helper flow or the advanced names, outline, labels, metadata, action, IDTree, RoleMap, and structure-tree merge regions that own these diagnostics."
pdfbox/src/main/java/org/apache/pdfbox/multipdf/PDFMergerUtility.java,867,call,error,"LOG.error(""Invalid OpenAction ignored"", ex);",src/PdfBox.Net/MultiPdf/PDFMergerUtility.cs,absent-region,,"The current merger port does not contain the Java legacy-close helper flow or the advanced names, outline, labels, metadata, action, IDTree, RoleMap, and structure-tree merge regions that own these diagnostics."
pdfbox/src/main/java/org/apache/pdfbox/multipdf/PDFMergerUtility.java,892,call,warn,"LOG.warn(""OpenAction entry ignored because destination page doesn't exist"");",src/PdfBox.Net/MultiPdf/PDFMergerUtility.cs,absent-region,,"The current merger port does not contain the Java legacy-close helper flow or the advanced names, outline, labels, metadata, action, IDTree, RoleMap, and structure-tree merge regions that own these diagnostics."
pdfbox/src/main/java/org/apache/pdfbox/multipdf/PDFMergerUtility.java,1113,call,warn,"LOG.warn(""key '"" + entry.getKey() + ""' already exists in destination IDTree"");",src/PdfBox.Net/MultiPdf/PDFMergerUtility.cs,absent-region,,"The current merger port does not contain the Java legacy-close helper flow or the advanced names, outline, labels, metadata, action, IDTree, RoleMap, and structure-tree merge regions that own these diagnostics."
pdfbox/src/main/java/org/apache/pdfbox/multipdf/PDFMergerUtility.java,1218,call,warn,"LOG.warn(""key '"" + entry.getKey() + ""' already exists in destination RoleMap"");",src/PdfBox.Net/MultiPdf/PDFMergerUtility.cs,absent-region,,"The current merger port does not contain the Java legacy-close helper flow or the advanced names, outline, labels, metadata, action, IDTree, RoleMap, and structure-tree merge regions that own these diagnostics."
pdfbox/src/main/java/org/apache/pdfbox/multipdf/PDFMergerUtility.java,1455,call,debug,"LOG.debug(""clone potential orphan object in structure tree: "" + item + "", Type: "" + objDict.getNameAsString(COSName.TYPE) + "", Subtype: "" + objDict.getNameAsString(COSName.SUBTYPE) + "", T: "" + objDict.getNameAsString(COSName.T));",src/PdfBox.Net/MultiPdf/PDFMergerUtility.cs,absent-region,,"The current merger port does not contain the Java legacy-close helper flow or the advanced names, outline, labels, metadata, action, IDTree, RoleMap, and structure-tree merge regions that own these diagnostics."
pdfbox/src/main/java/org/apache/pdfbox/multipdf/PDFMergerUtility.java,1463,call,debug,"LOG.debug(""clone potential orphan object in structure tree"" + "", Type: "" + objDict.getNameAsString(COSName.TYPE) + "", Subtype: "" + objDict.getNameAsString(COSName.SUBTYPE) + "", T: "" + objDict.getNameAsString(COSName.T));",src/PdfBox.Net/MultiPdf/PDFMergerUtility.cs,absent-region,,"The current merger port does not contain the Java legacy-close helper flow or the advanced names, outline, labels, metadata, action, IDTree, RoleMap, and structure-tree merge regions that own these diagnostics."
pdfbox/src/main/java/org/apache/pdfbox/multipdf/Splitter.java,75,logger-field,,private static final Log LOG = LogFactory.getLog(Splitter.class);,src/PdfBox.Net/MultiPdf/Splitter.cs,migrated,src/PdfBox.Net/MultiPdf/Splitter.cs:40: ILogger<Splitter> LOG => PdfBoxLogging.CreateLogger<Splitter>();,
pdfbox/src/main/java/org/apache/pdfbox/multipdf/Splitter.java,335,call,warn,"LOG.warn(""ParentTree index "" + sp + "" dictionary not found in /K"");",src/PdfBox.Net/MultiPdf/Splitter.cs,absent-region,,"The current splitter port does not contain the Java structure-tree, document-information, resource-import, bead, and link-destination regions that own these diagnostics."
pdfbox/src/main/java/org/apache/pdfbox/multipdf/Splitter.java,340,call,warn,"LOG.warn(""tree element neither dictionary nor array, but "" + (actualSrcObj == null ? ""(null)"" : actualSrcObj.getClass().getSimpleName()));",src/PdfBox.Net/MultiPdf/Splitter.cs,absent-region,,"The current splitter port does not contain the Java structure-tree, document-information, resource-import, bead, and link-destination regions that own these diagnostics."
pdfbox/src/main/java/org/apache/pdfbox/multipdf/Splitter.java,577,call,warn,"LOG.warn(""An annotation OBJ that isn't in the page has been removed from the structure tree"");",src/PdfBox.Net/MultiPdf/Splitter.cs,absent-region,,"The current splitter port does not contain the Java structure-tree, document-information, resource-import, bead, and link-destination regions that own these diagnostics."
pdfbox/src/main/java/org/apache/pdfbox/multipdf/Splitter.java,763,call,warn,"LOG.warn(""Nested entry for key '"" + key.getName() + ""' skipped in document information dictionary"");",src/PdfBox.Net/MultiPdf/Splitter.cs,absent-region,,"The current splitter port does not contain the Java structure-tree, document-information, resource-import, bead, and link-destination regions that own these diagnostics."
pdfbox/src/main/java/org/apache/pdfbox/multipdf/Splitter.java,768,call,warn,"LOG.warn(""/Root and /Info share the same dictionary"");",src/PdfBox.Net/MultiPdf/Splitter.cs,absent-region,,"The current splitter port does not contain the Java structure-tree, document-information, resource-import, bead, and link-destination regions that own these diagnostics."
pdfbox/src/main/java/org/apache/pdfbox/multipdf/Splitter.java,806,call,info,"LOG.info(""Resources imported in Splitter"");",src/PdfBox.Net/MultiPdf/Splitter.cs,absent-region,,"The current splitter port does not contain the Java structure-tree, document-information, resource-import, bead, and link-destination regions that own these diagnostics."
pdfbox/src/main/java/org/apache/pdfbox/multipdf/Splitter.java,811,call,warn,"LOG.warn(""/B entry (beads) removed by splitter"");",src/PdfBox.Net/MultiPdf/Splitter.cs,absent-region,,"The current splitter port does not contain the Java structure-tree, document-information, resource-import, bead, and link-destination regions that own these diagnostics."
pdfbox/src/main/java/org/apache/pdfbox/multipdf/Splitter.java,851,call,warn,"LOG.warn(""Incorrect destination in link annotation on page "" + (currentPageNumber + 1) + "" is removed"", ex);",src/PdfBox.Net/MultiPdf/Splitter.cs,absent-region,,"The current splitter port does not contain the Java structure-tree, document-information, resource-import, bead, and link-destination regions that own these diagnostics."
pdfbox/src/main/java/org/apache/pdfbox/multipdf/Splitter.java,868,call,warn,"LOG.warn(""GoToAction with incorrect destination in link annotation on page "" + (currentPageNumber + 1) + "" is removed"", ex);",src/PdfBox.Net/MultiPdf/Splitter.cs,absent-region,,"The current splitter port does not contain the Java structure-tree, document-information, resource-import, bead, and link-destination regions that own these diagnostics."
pdfbox/src/main/java/org/apache/pdfbox/pdfparser/BaseParser.java,60,logger-field,,private static final Log LOG = LogFactory.getLog(BaseParser.class);,src/PdfBox.Net/PdfParser/BaseParser.cs;src/PdfBox.Net/PdfParser/COSParser.cs,migrated,src/PdfBox.Net/PdfParser/COSParser.cs:44: ILogger<COSParser> LOG => PdfBoxLogging.CreateLogger<COSParser>();,
pdfbox/src/main/java/org/apache/pdfbox/pdfparser/BaseParser.java,89,call,warn,"LOG.warn(""Charset is not supported: "" + charsetName + "", falling back to "" + cs.name(), e);",src/PdfBox.Net/PdfParser/BaseParser.cs;src/PdfBox.Net/PdfParser/COSParser.cs,absent-region,,"The release branch retains low-level token parsing in COSParser; the adapted BaseParser compatibility surface does not contain the Java charset fallback, indirect-object header validation, UTF-8 decoder fallback, and direct-object recovery regions that own these diagnostics."
pdfbox/src/main/java/org/apache/pdfbox/pdfparser/BaseParser.java,233,call,error,"LOG.error(""expected number, actual="" + value + "" at offset "" + numOffset);",src/PdfBox.Net/PdfParser/BaseParser.cs;src/PdfBox.Net/PdfParser/COSParser.cs,absent-region,,"The release branch retains low-level token parsing in COSParser; the adapted BaseParser compatibility surface does not contain the Java charset fallback, indirect-object header validation, UTF-8 decoder fallback, and direct-object recovery regions that own these diagnostics."
pdfbox/src/main/java/org/apache/pdfbox/pdfparser/BaseParser.java,238,call,error,"LOG.error(""expected number, actual="" + generationNumber + "" at offset "" + genOffset);",src/PdfBox.Net/PdfParser/BaseParser.cs;src/PdfBox.Net/PdfParser/COSParser.cs,absent-region,,"The release branch retains low-level token parsing in COSParser; the adapted BaseParser compatibility surface does not contain the Java charset fallback, indirect-object header validation, UTF-8 decoder fallback, and direct-object recovery regions that own these diagnostics."
pdfbox/src/main/java/org/apache/pdfbox/pdfparser/BaseParser.java,244,call,warn,"LOG.warn(""invalid object number value ="" + objNumber + "" at offset "" + numOffset);",src/PdfBox.Net/PdfParser/BaseParser.cs;src/PdfBox.Net/PdfParser/COSParser.cs,absent-region,,"The release branch retains low-level token parsing in COSParser; the adapted BaseParser compatibility surface does not contain the Java charset fallback, indirect-object header validation, UTF-8 decoder fallback, and direct-object recovery regions that own these diagnostics."
pdfbox/src/main/java/org/apache/pdfbox/pdfparser/BaseParser.java,250,call,error,"LOG.error(""invalid generation number value ="" + genNumber + "" at offset "" + numOffset);",src/PdfBox.Net/PdfParser/BaseParser.cs;src/PdfBox.Net/PdfParser/COSParser.cs,absent-region,,"The release branch retains low-level token parsing in COSParser; the adapted BaseParser compatibility surface does not contain the Java charset fallback, indirect-object header validation, UTF-8 decoder fallback, and direct-object recovery regions that own these diagnostics."
pdfbox/src/main/java/org/apache/pdfbox/pdfparser/BaseParser.java,310,call,warn,"LOG.warn(""Invalid dictionary, found: '"" + c + ""' but expected: '/' at offset "" + source.getPosition());",src/PdfBox.Net/PdfParser/BaseParser.cs;src/PdfBox.Net/PdfParser/COSParser.cs,migrated,"src/PdfBox.Net/PdfParser/COSParser.cs:152: LOG.LogWarning( ""Invalid dictionary, found: '{Token}' but expected: '/' at offset {Offset}"", keyToken, GetCurrentPositionForLogging());",
pdfbox/src/main/java/org/apache/pdfbox/pdfparser/BaseParser.java,326,call,warn,"LOG.warn(""Invalid dictionary, can't find end of dictionary at offset "" + source.getPosition());",src/PdfBox.Net/PdfParser/BaseParser.cs;src/PdfBox.Net/PdfParser/COSParser.cs,migrated,"src/PdfBox.Net/PdfParser/COSParser.cs:484: LOG.LogWarning(""Invalid dictionary, can't find end of dictionary at offset {Offset}"", GetCurrentPositionForLogging());",
pdfbox/src/main/java/org/apache/pdfbox/pdfparser/BaseParser.java,389,call,warn,"LOG.warn(""Empty COSName at offset "" + source.getPosition());",src/PdfBox.Net/PdfParser/BaseParser.cs;src/PdfBox.Net/PdfParser/COSParser.cs,migrated,"src/PdfBox.Net/PdfParser/COSParser.cs:247: LOG.LogWarning(""Empty COSName at offset {Offset}"", GetCurrentPositionForLogging());",
pdfbox/src/main/java/org/apache/pdfbox/pdfparser/BaseParser.java,395,call,warn,"LOG.warn(""Bad dictionary declaration at offset "" + source.getPosition());",src/PdfBox.Net/PdfParser/BaseParser.cs;src/PdfBox.Net/PdfParser/COSParser.cs,migrated,"src/PdfBox.Net/PdfParser/COSParser.cs:166: LOG.LogWarning(""Bad dictionary declaration at offset {Offset}"", GetCurrentPositionForLogging());",
pdfbox/src/main/java/org/apache/pdfbox/pdfparser/BaseParser.java,400,call,warn,"LOG.warn(""Skipped out of range number value at offset "" + source.getPosition());",src/PdfBox.Net/PdfParser/BaseParser.cs;src/PdfBox.Net/PdfParser/COSParser.cs,migrated,"src/PdfBox.Net/PdfParser/COSParser.cs:387: LOG.LogWarning(""Skipped out of range number value at offset {Offset}"", GetCurrentPositionForLogging());",
pdfbox/src/main/java/org/apache/pdfbox/pdfparser/BaseParser.java,801,call,warn,"LOG.warn(""Invalid value(s) for an object key "" + number.longValue() + "" "" + genNumber.intValue());",src/PdfBox.Net/PdfParser/BaseParser.cs;src/PdfBox.Net/PdfParser/COSParser.cs,absent-region,,"The release branch retains low-level token parsing in COSParser; the adapted BaseParser compatibility surface does not contain the Java charset fallback, indirect-object header validation, UTF-8 decoder fallback, and direct-object recovery regions that own these diagnostics."
pdfbox/src/main/java/org/apache/pdfbox/pdfparser/BaseParser.java,811,call,warn,"LOG.warn(""Corrupt array element at offset "" + source.getPosition() + "", start offset: "" + startPosition);",src/PdfBox.Net/PdfParser/BaseParser.cs;src/PdfBox.Net/PdfParser/COSParser.cs,migrated,"src/PdfBox.Net/PdfParser/COSParser.cs:201: LOG.LogWarning(""Corrupt array element at offset {Offset}, start offset: {StartOffset}"", GetCurrentPositionForLogging(), startPosition);",
pdfbox/src/main/java/org/apache/pdfbox/pdfparser/BaseParser.java,918,call,error,"LOG.error(""Premature EOF in BaseParser#parseCOSName"");",src/PdfBox.Net/PdfParser/BaseParser.cs;src/PdfBox.Net/PdfParser/COSParser.cs,migrated,"src/PdfBox.Net/PdfParser/COSParser.cs:228: LOG.LogError(""Premature EOF in BaseParser#parseCOSName"");",
pdfbox/src/main/java/org/apache/pdfbox/pdfparser/BaseParser.java,956,call,debug,"LOG.debug(""Buffer could not be decoded using StandardCharsets.UTF_8 - "" + ""trying "" + ALTERNATIVE_CHARSET.name(), e);",src/PdfBox.Net/PdfParser/BaseParser.cs;src/PdfBox.Net/PdfParser/COSParser.cs,absent-region,,"The release branch retains low-level token parsing in COSParser; the adapted BaseParser compatibility surface does not contain the Java charset fallback, indirect-object header validation, UTF-8 decoder fallback, and direct-object recovery regions that own these diagnostics."
pdfbox/src/main/java/org/apache/pdfbox/pdfparser/BaseParser.java,1038,call,warn,"LOG.warn(""Skipped unexpected dir object = '"" + badString + ""' at offset "" + source.getPosition() + "" (start offset: "" + startOffset + "")"");",src/PdfBox.Net/PdfParser/BaseParser.cs;src/PdfBox.Net/PdfParser/COSParser.cs,absent-region,,"The release branch retains low-level token parsing in COSParser; the adapted BaseParser compatibility surface does not contain the Java charset fallback, indirect-object header validation, UTF-8 decoder fallback, and direct-object recovery regions that own these diagnostics."
pdfbox/src/main/java/org/apache/pdfbox/pdfparser/BruteForceParser.java,72,logger-field,,private static final Log LOG = LogFactory.getLog(BruteForceParser.class);,src/PdfBox.Net/PdfParser/BruteForceParser.cs,migrated,src/PdfBox.Net/PdfParser/BruteForceParser.cs:34: ILogger<BruteForceParser> LOG => PdfBoxLogging.CreateLogger<BruteForceParser>();,
pdfbox/src/main/java/org/apache/pdfbox/pdfparser/BruteForceParser.java,313,call,warn,"LOG.warn( ""Skipped incomplete object stream:"" + o.getValue() + "" at "" + o.getKey())",src/PdfBox.Net/PdfParser/BruteForceParser.cs,absent-region,,"The C# class is currently a forwarding stub; the Java brute-force object-stream, trailer, EOF, dictionary, and xref-repair implementation regions that own these diagnostics are absent."
pdfbox/src/main/java/org/apache/pdfbox/pdfparser/BruteForceParser.java,360,call,debug,"LOG.debug(""Skipped corrupt stream: ("" + stmObjNumber + "" 0 at offset "" + offset, exception);",src/PdfBox.Net/PdfParser/BruteForceParser.cs,absent-region,,"The C# class is currently a forwarding stub; the Java brute-force object-stream, trailer, EOF, dictionary, and xref-repair implementation regions that own these diagnostics are absent."
pdfbox/src/main/java/org/apache/pdfbox/pdfparser/BruteForceParser.java,437,call,debug,"LOG.debug(""An exception occurred during brute force search for trailer - ignoring"", exception);",src/PdfBox.Net/PdfParser/BruteForceParser.cs,absent-region,,"The C# class is currently a forwarding stub; the Java brute-force object-stream, trailer, EOF, dictionary, and xref-repair implementation regions that own these diagnostics are absent."
pdfbox/src/main/java/org/apache/pdfbox/pdfparser/BruteForceParser.java,541,call,debug,"LOG.debug(""An exception occurred during brute force for last EOF - ignoring"", exception);",src/PdfBox.Net/PdfParser/BruteForceParser.cs,absent-region,,"The C# class is currently a forwarding stub; the Java brute-force object-stream, trailer, EOF, dictionary, and xref-repair implementation regions that own these diagnostics are absent."
pdfbox/src/main/java/org/apache/pdfbox/pdfparser/BruteForceParser.java,613,call,debug,"LOG.debug(""Dictionary start for object stream -> "" + newOffset);",src/PdfBox.Net/PdfParser/BruteForceParser.cs,absent-region,,"The C# class is currently a forwarding stub; the Java brute-force object-stream, trailer, EOF, dictionary, and xref-repair implementation regions that own these diagnostics are absent."
pdfbox/src/main/java/org/apache/pdfbox/pdfparser/BruteForceParser.java,710,call,debug,"LOG.debug(""Fixed reference for xref stream "" + xrefOffset + "" -> "" + newOffset);",src/PdfBox.Net/PdfParser/BruteForceParser.cs,absent-region,,"The C# class is currently a forwarding stub; the Java brute-force object-stream, trailer, EOF, dictionary, and xref-repair implementation regions that own these diagnostics are absent."
pdfbox/src/main/java/org/apache/pdfbox/pdfparser/COSParser.java,147,logger-field,,private static final Log LOG = LogFactory.getLog(COSParser.class);,src/PdfBox.Net/PdfParser/COSParser.cs;src/PdfBox.Net/PdfParser/PDFParser.cs;src/PdfBox.Net/PdfParser/PDFDocumentParser.cs,migrated,src/PdfBox.Net/PdfParser/COSParser.cs:44: ILogger<COSParser> LOG => PdfBoxLogging.CreateLogger<COSParser>();,
pdfbox/src/main/java/org/apache/pdfbox/pdfparser/COSParser.java,216,call,warn,"LOG.warn(""System property "" + SYSPROP_EOFLOOKUPRANGE + "" does not contain an integer value, but: '"" + eofLookupRangeStr + ""'"");",src/PdfBox.Net/PdfParser/COSParser.cs;src/PdfBox.Net/PdfParser/PDFParser.cs;src/PdfBox.Net/PdfParser/PDFDocumentParser.cs,absent-region,,"The Java system-property setup, /XRefStm offset correction, token-specific stream-terminator repair, indirect-object-number recovery, trailer-line scanning, charset setup, lenient indirect-reference repair, header defaulting, and decoder fallback regions that own these diagnostics are absent from the adapted parser port."
pdfbox/src/main/java/org/apache/pdfbox/pdfparser/COSParser.java,378,call,warn,"LOG.warn(""/XRefStm offset "" + streamOffset + "" is incorrect, corrected to "" + fixedOffset);",src/PdfBox.Net/PdfParser/COSParser.cs;src/PdfBox.Net/PdfParser/PDFParser.cs;src/PdfBox.Net/PdfParser/PDFDocumentParser.cs,absent-region,,"The Java system-property setup, /XRefStm offset correction, token-specific stream-terminator repair, indirect-object-number recovery, trailer-line scanning, charset setup, lenient indirect-reference repair, header defaulting, and decoder fallback regions that own these diagnostics are absent from the adapted parser port."
pdfbox/src/main/java/org/apache/pdfbox/pdfparser/COSParser.java,395,call,error,"LOG.error(""Failed to parse /XRefStm at offset "" + streamOffset, ex);",src/PdfBox.Net/PdfParser/COSParser.cs;src/PdfBox.Net/PdfParser/PDFParser.cs;src/PdfBox.Net/PdfParser/PDFDocumentParser.cs,migrated,"src/PdfBox.Net/PdfParser/PDFParser.cs:418: LOG.LogError(exception, ""Failed to parse /XRefStm at offset {StreamOffset}"", xrefStreamOffset);",
pdfbox/src/main/java/org/apache/pdfbox/pdfparser/COSParser.java,407,call,error,"LOG.error(""Skipped XRef stream due to a corrupt offset:""+streamOffset);",src/PdfBox.Net/PdfParser/COSParser.cs;src/PdfBox.Net/PdfParser/PDFParser.cs;src/PdfBox.Net/PdfParser/PDFDocumentParser.cs,migrated,"src/PdfBox.Net/PdfParser/PDFParser.cs:408: LOG.LogError(""Skipped XRef stream due to a corrupt offset: {StreamOffset}"", xrefStreamOffset);",
pdfbox/src/main/java/org/apache/pdfbox/pdfparser/COSParser.java,535,call,debug,"LOG.debug(""Missing end of file marker '"" + new String(EOF_MARKER) + ""'"");",src/PdfBox.Net/PdfParser/COSParser.cs;src/PdfBox.Net/PdfParser/PDFParser.cs;src/PdfBox.Net/PdfParser/PDFDocumentParser.cs,migrated,"src/PdfBox.Net/PdfParser/PDFDocumentParser.cs:168: LOG.LogDebug(""Missing end of file marker '{EndOfFileMarker}'"", Encoding.ASCII.GetString(EofMarkerBytes));",
pdfbox/src/main/java/org/apache/pdfbox/pdfparser/COSParser.java,702,call,debug,"LOG.debug(""Set missing offset "" + offsetOrObjstmObNr + "" for object "" + objKey);",src/PdfBox.Net/PdfParser/COSParser.cs;src/PdfBox.Net/PdfParser/PDFParser.cs;src/PdfBox.Net/PdfParser/PDFDocumentParser.cs,migrated,"src/PdfBox.Net/PdfParser/PDFParser.cs:538: LOG.LogDebug(""Set missing offset {Offset} for object {ObjectKey}"", recoveredOffset, key);",
pdfbox/src/main/java/org/apache/pdfbox/pdfparser/COSParser.java,790,call,warn,"LOG.warn(""Object ("" + readObjNr + "":"" + readObjGen + "") at offset "" + objOffset + "" does not end with 'endobj' but with '"" + endObjectKey + ""'"");",src/PdfBox.Net/PdfParser/COSParser.cs;src/PdfBox.Net/PdfParser/PDFParser.cs;src/PdfBox.Net/PdfParser/PDFDocumentParser.cs,migrated,"src/PdfBox.Net/PdfParser/PDFParser.cs:751: LOG.LogWarning( ""Object ({ObjectNumber}:{Generation}) at offset {ObjectOffset} does not end with 'endobj' but with '{EndObjectKey}'"", objectNumber, generation, offset, endObjectKey);",
pdfbox/src/main/java/org/apache/pdfbox/pdfparser/COSParser.java,838,call,error,"LOG.error(""object stream "" + objstmObjNr + "" could not be parsed due to an exception"", ex);",src/PdfBox.Net/PdfParser/COSParser.cs;src/PdfBox.Net/PdfParser/PDFParser.cs;src/PdfBox.Net/PdfParser/PDFDocumentParser.cs,migrated,"src/PdfBox.Net/PdfParser/PDFParser.cs:602: LOG.LogError(exception, ""object stream {ObjectStreamObjectNumber} could not be parsed due to an exception"", objectStreamObjectNumber);",
pdfbox/src/main/java/org/apache/pdfbox/pdfparser/COSParser.java,875,call,warn,"LOG.warn(""Length object ("" + lengthObj.getKey() + "") not found"");",src/PdfBox.Net/PdfParser/COSParser.cs;src/PdfBox.Net/PdfParser/PDFParser.cs;src/PdfBox.Net/PdfParser/PDFDocumentParser.cs,migrated,"src/PdfBox.Net/PdfParser/PDFParser.cs:975: LOG.LogWarning(""Length object ({ObjectKey}) not found"", reference.GetKey());",
pdfbox/src/main/java/org/apache/pdfbox/pdfparser/COSParser.java,918,call,warn,"LOG.warn(""The stream doesn't provide any stream length, using fallback readUntilEnd, at offset "" + source.getPosition());",src/PdfBox.Net/PdfParser/COSParser.cs;src/PdfBox.Net/PdfParser/PDFParser.cs;src/PdfBox.Net/PdfParser/PDFDocumentParser.cs,migrated,"src/PdfBox.Net/PdfParser/PDFParser.cs:922: LOG.LogWarning( ""The stream doesn't provide any stream length, using fallback readUntilEnd, at offset {Offset}"", streamStart);",
pdfbox/src/main/java/org/apache/pdfbox/pdfparser/COSParser.java,947,call,warn,"LOG.warn(""stream ends with 'endobj' instead of 'endstream' at offset "" + source.getPosition());",src/PdfBox.Net/PdfParser/COSParser.cs;src/PdfBox.Net/PdfParser/PDFParser.cs;src/PdfBox.Net/PdfParser/PDFDocumentParser.cs,absent-region,,"The Java system-property setup, /XRefStm offset correction, token-specific stream-terminator repair, indirect-object-number recovery, trailer-line scanning, charset setup, lenient indirect-reference repair, header defaulting, and decoder fallback regions that own these diagnostics are absent from the adapted parser port."
pdfbox/src/main/java/org/apache/pdfbox/pdfparser/COSParser.java,954,call,warn,"LOG.warn(""stream ends with '"" + endStream + ""' instead of 'endstream' at offset "" + source.getPosition());",src/PdfBox.Net/PdfParser/COSParser.cs;src/PdfBox.Net/PdfParser/PDFParser.cs;src/PdfBox.Net/PdfParser/PDFDocumentParser.cs,absent-region,,"The Java system-property setup, /XRefStm offset correction, token-specific stream-terminator repair, indirect-object-number recovery, trailer-line scanning, charset setup, lenient indirect-reference repair, header defaulting, and decoder fallback regions that own these diagnostics are absent from the adapted parser port."
pdfbox/src/main/java/org/apache/pdfbox/pdfparser/COSParser.java,1082,call,debug,"LOG.debug(""Suspicious stream length 0, stream position: "" + originOffset);",src/PdfBox.Net/PdfParser/COSParser.cs;src/PdfBox.Net/PdfParser/PDFParser.cs;src/PdfBox.Net/PdfParser/PDFDocumentParser.cs,migrated,"src/PdfBox.Net/PdfParser/PDFParser.cs:883: LOG.LogDebug(""Suspicious stream length 0, start position: {OriginOffset}"", streamStart);",
pdfbox/src/main/java/org/apache/pdfbox/pdfparser/COSParser.java,1087,call,warn,"LOG.warn(""Invalid stream length: "" + streamLength + "", start position: "" + originOffset);",src/PdfBox.Net/PdfParser/COSParser.cs;src/PdfBox.Net/PdfParser/PDFParser.cs;src/PdfBox.Net/PdfParser/PDFDocumentParser.cs,migrated,"src/PdfBox.Net/PdfParser/PDFParser.cs:911: LOG.LogWarning(""Invalid stream length: {StreamLength}, start position: {OriginOffset}"", declaredLength, streamStart);",
pdfbox/src/main/java/org/apache/pdfbox/pdfparser/COSParser.java,1093,call,warn,"LOG.warn(""The end of the stream is out of range, using workaround to read the stream, "" + ""stream start position: "" + originOffset + "", length: "" + streamLength + "", expected end position: "" + expectedEndOfStream);",src/PdfBox.Net/PdfParser/COSParser.cs;src/PdfBox.Net/PdfParser/PDFParser.cs;src/PdfBox.Net/PdfParser/PDFDocumentParser.cs,migrated,"src/PdfBox.Net/PdfParser/PDFParser.cs:916: LOG.LogWarning( ""The end of the stream is out of range, using workaround to read the stream, stream start position: {OriginOffset}, length: {StreamLength}, expected end position: {ExpectedEndPosition}"", streamStart, declaredLength, streamStart + declaredLength);",
pdfbox/src/main/java/org/apache/pdfbox/pdfparser/COSParser.java,1104,call,warn,"LOG.warn( ""The end of the stream doesn't point to the correct offset, using workaround to read the stream, "" + ""stream start position: "" + originOffset + "", length: "" + streamLength + "", expected end position: "" + expectedEndOfStream);",src/PdfBox.Net/PdfParser/COSParser.cs;src/PdfBox.Net/PdfParser/PDFParser.cs;src/PdfBox.Net/PdfParser/PDFDocumentParser.cs,migrated,"src/PdfBox.Net/PdfParser/PDFParser.cs:891: LOG.LogWarning( ""The end of the stream doesn't point to the correct offset, using workaround to read the stream, stream start position: {OriginOffset}, length: {StreamLength}, expected end position: {ExpectedEndPosition}"", streamStart, declaredLength, streamStart + declaredLength);",
pdfbox/src/main/java/org/apache/pdfbox/pdfparser/COSParser.java,1188,call,debug,"LOG.debug(""No Xref stream at given location "" + startXRefOffset, exception);",src/PdfBox.Net/PdfParser/COSParser.cs;src/PdfBox.Net/PdfParser/PDFParser.cs;src/PdfBox.Net/PdfParser/PDFDocumentParser.cs,migrated,"src/PdfBox.Net/PdfParser/PDFParser.cs:294: LOG.LogDebug(exception, ""No Xref stream at given location {StartXRefOffset}"", offset);",
pdfbox/src/main/java/org/apache/pdfbox/pdfparser/COSParser.java,1208,call,error,"LOG.error(""Invalid object offset "" + objectOffset + "" when searching for a xref table/stream"");",src/PdfBox.Net/PdfParser/COSParser.cs;src/PdfBox.Net/PdfParser/PDFParser.cs;src/PdfBox.Net/PdfParser/PDFDocumentParser.cs,migrated,"src/PdfBox.Net/PdfParser/PDFParser.cs:260: LOG.LogError(""Invalid object offset {ObjectOffset} when searching for a xref table/stream"", offset);",
pdfbox/src/main/java/org/apache/pdfbox/pdfparser/COSParser.java,1215,call,debug,"LOG.debug(""Fixed reference for xref table/stream "" + objectOffset + "" -> "" + newOffset);",src/PdfBox.Net/PdfParser/COSParser.cs;src/PdfBox.Net/PdfParser/PDFParser.cs;src/PdfBox.Net/PdfParser/PDFDocumentParser.cs,migrated,"src/PdfBox.Net/PdfParser/PDFParser.cs:280: LOG.LogDebug(""Fixed reference for xref table/stream {ObjectOffset} -> {NewOffset}"", offset, correctedOffset);",
pdfbox/src/main/java/org/apache/pdfbox/pdfparser/COSParser.java,1218,call,error,"LOG.error(""Can't find the object xref table/stream at offset "" + objectOffset);",src/PdfBox.Net/PdfParser/COSParser.cs;src/PdfBox.Net/PdfParser/PDFParser.cs;src/PdfBox.Net/PdfParser/PDFDocumentParser.cs,migrated,"src/PdfBox.Net/PdfParser/PDFParser.cs:299: LOG.LogError(""Can't find the object xref table/stream at offset {ObjectOffset}"", offset);",
pdfbox/src/main/java/org/apache/pdfbox/pdfparser/COSParser.java,1241,call,debug,"LOG.debug(""Stop checking xref offsets as at least one ("" + objectKey + "") couldn't be dereferenced"");",src/PdfBox.Net/PdfParser/COSParser.cs;src/PdfBox.Net/PdfParser/PDFParser.cs;src/PdfBox.Net/PdfParser/PDFDocumentParser.cs,absent-region,,"The Java system-property setup, /XRefStm offset correction, token-specific stream-terminator repair, indirect-object-number recovery, trailer-line scanning, charset setup, lenient indirect-reference repair, header defaulting, and decoder fallback regions that own these diagnostics are absent from the adapted parser port."
pdfbox/src/main/java/org/apache/pdfbox/pdfparser/COSParser.java,1286,call,debug,"LOG.debug(""Replaced read xref table with the results of a brute force search"");",src/PdfBox.Net/PdfParser/COSParser.cs;src/PdfBox.Net/PdfParser/PDFParser.cs;src/PdfBox.Net/PdfParser/PDFDocumentParser.cs,absent-region,,"The Java system-property setup, /XRefStm offset correction, token-specific stream-terminator repair, indirect-object-number recovery, trailer-line scanning, charset setup, lenient indirect-reference repair, header defaulting, and decoder fallback regions that own these diagnostics are absent from the adapted parser port."
pdfbox/src/main/java/org/apache/pdfbox/pdfparser/COSParser.java,1342,call,debug,"LOG.debug(""Found the object "" + newObjKey + "" instead of "" // + objectKey + "" at offset "" + offset // + "" - ignoring"");",src/PdfBox.Net/PdfParser/COSParser.cs;src/PdfBox.Net/PdfParser/PDFParser.cs;src/PdfBox.Net/PdfParser/PDFDocumentParser.cs,migrated,"src/PdfBox.Net/PdfParser/PDFParser.cs:522: LOG.LogDebug(""Found the object {FoundObjectKey} instead of {ExpectedObjectKey} at offset {Offset} - ignoring"", parsed.Key, key, offset);",
pdfbox/src/main/java/org/apache/pdfbox/pdfparser/COSParser.java,1356,call,warn,"LOG.warn(""found wrong object number. expected ["" + objectKey.getNumber() + ""] found ["" + foundObjectNumber + ""]"");",src/PdfBox.Net/PdfParser/COSParser.cs;src/PdfBox.Net/PdfParser/PDFParser.cs;src/PdfBox.Net/PdfParser/PDFDocumentParser.cs,absent-region,,"The Java system-property setup, /XRefStm offset correction, token-specific stream-terminator repair, indirect-object-number recovery, trailer-line scanning, charset setup, lenient indirect-reference repair, header defaulting, and decoder fallback regions that own these diagnostics are absent from the adapted parser port."
pdfbox/src/main/java/org/apache/pdfbox/pdfparser/COSParser.java,1382,call,debug,"LOG.debug(""No valid object at given location "" + offset + "" - ignoring"", exception);",src/PdfBox.Net/PdfParser/COSParser.cs;src/PdfBox.Net/PdfParser/PDFParser.cs;src/PdfBox.Net/PdfParser/PDFDocumentParser.cs,migrated,"src/PdfBox.Net/PdfParser/PDFParser.cs:533: LOG.LogDebug(exception, ""No valid object at given location {Offset} - ignoring"", offset);",
pdfbox/src/main/java/org/apache/pdfbox/pdfparser/COSParser.java,1439,call,warn,"LOG.warn(""Removed null object "" + kid + "" from pages dictionary"");",src/PdfBox.Net/PdfParser/COSParser.cs;src/PdfBox.Net/PdfParser/PDFParser.cs;src/PdfBox.Net/PdfParser/PDFDocumentParser.cs,migrated,"src/PdfBox.Net/PdfParser/PDFParser.cs:685: LOG.LogWarning(""Removed null object {Object} from pages dictionary"", kid);",
pdfbox/src/main/java/org/apache/pdfbox/pdfparser/COSParser.java,1549,call,warn,"LOG.warn(""Expected trailer object at offset "" + trailerOffset + "", keep trying"");",src/PdfBox.Net/PdfParser/COSParser.cs;src/PdfBox.Net/PdfParser/PDFParser.cs;src/PdfBox.Net/PdfParser/PDFDocumentParser.cs,absent-region,,"The Java system-property setup, /XRefStm offset correction, token-specific stream-terminator repair, indirect-object-number recovery, trailer-line scanning, charset setup, lenient indirect-reference repair, header defaulting, and decoder fallback regions that own these diagnostics are absent from the adapted parser port."
pdfbox/src/main/java/org/apache/pdfbox/pdfparser/COSParser.java,1660,call,debug,"LOG.debug(""No version found, set to "" + defaultVersion + "" as default."");",src/PdfBox.Net/PdfParser/COSParser.cs;src/PdfBox.Net/PdfParser/PDFParser.cs;src/PdfBox.Net/PdfParser/PDFDocumentParser.cs,absent-region,,"The Java system-property setup, /XRefStm offset correction, token-specific stream-terminator repair, indirect-object-number recovery, trailer-line scanning, charset setup, lenient indirect-reference repair, header defaulting, and decoder fallback regions that own these diagnostics are absent from the adapted parser port."
pdfbox/src/main/java/org/apache/pdfbox/pdfparser/COSParser.java,1680,call,debug,"LOG.debug(""Can't parse the header version."", exception);",src/PdfBox.Net/PdfParser/COSParser.cs;src/PdfBox.Net/PdfParser/PDFParser.cs;src/PdfBox.Net/PdfParser/PDFDocumentParser.cs,absent-region,,"The Java system-property setup, /XRefStm offset correction, token-specific stream-terminator repair, indirect-object-number recovery, trailer-line scanning, charset setup, lenient indirect-reference repair, header defaulting, and decoder fallback regions that own these diagnostics are absent from the adapted parser port."
pdfbox/src/main/java/org/apache/pdfbox/pdfparser/COSParser.java,1728,call,warn,"LOG.warn(""skipping empty xref table"");",src/PdfBox.Net/PdfParser/COSParser.cs;src/PdfBox.Net/PdfParser/PDFParser.cs;src/PdfBox.Net/PdfParser/PDFDocumentParser.cs,migrated,"src/PdfBox.Net/PdfParser/PDFParser.cs:331: LOG.LogWarning(""skipping empty xref table"");",
pdfbox/src/main/java/org/apache/pdfbox/pdfparser/COSParser.java,1739,call,warn,"LOG.warn(""Unexpected XRefTable Entry: "" + currentLine);",src/PdfBox.Net/PdfParser/COSParser.cs;src/PdfBox.Net/PdfParser/PDFParser.cs;src/PdfBox.Net/PdfParser/PDFDocumentParser.cs,migrated,"src/PdfBox.Net/PdfParser/PDFParser.cs:375: LOG.LogWarning(""Unexpected XRefTable Entry: {CurrentLine}"", string.Join(' ', offsetToken, generationToken, inUseToken));",
pdfbox/src/main/java/org/apache/pdfbox/pdfparser/COSParser.java,1750,call,warn,"LOG.warn(""XRefTable: invalid ID for the first object: "" + currentLine);",src/PdfBox.Net/PdfParser/COSParser.cs;src/PdfBox.Net/PdfParser/PDFParser.cs;src/PdfBox.Net/PdfParser/PDFDocumentParser.cs,migrated,"src/PdfBox.Net/PdfParser/PDFParser.cs:338: LOG.LogWarning(""XRefTable: invalid ID for the first object: {CurrentLine}"", token);",
pdfbox/src/main/java/org/apache/pdfbox/pdfparser/COSParser.java,1762,call,warn,"LOG.warn(""XRefTable: invalid number of objects: "" + currentLine);",src/PdfBox.Net/PdfParser/COSParser.cs;src/PdfBox.Net/PdfParser/PDFParser.cs;src/PdfBox.Net/PdfParser/PDFDocumentParser.cs,migrated,"src/PdfBox.Net/PdfParser/PDFParser.cs:345: LOG.LogWarning(""XRefTable: invalid number of objects: {CurrentLine}"", countToken);",
pdfbox/src/main/java/org/apache/pdfbox/pdfparser/COSParser.java,1782,call,warn,"LOG.warn(""invalid xref line: "" + currentLine);",src/PdfBox.Net/PdfParser/COSParser.cs;src/PdfBox.Net/PdfParser/PDFParser.cs;src/PdfBox.Net/PdfParser/PDFDocumentParser.cs,migrated,"src/PdfBox.Net/PdfParser/PDFParser.cs:358: LOG.LogWarning(""invalid xref line: {CurrentLine}"", string.Join(' ', offsetToken, generationToken, inUseToken));",
pdfbox/src/main/java/org/apache/pdfbox/pdfparser/PDFParser.java,36,logger-field,,private static final Log LOG = LogFactory.getLog(PDFParser.class);,src/PdfBox.Net/PdfParser/PDFParser.cs;src/PdfBox.Net/PdfParser/PDFDocumentParser.cs,migrated,src/PdfBox.Net/PdfParser/PDFParser.cs:40: ILogger<PDFParser> LOG => PdfBoxLogging.CreateLogger<PDFParser>();,
pdfbox/src/main/java/org/apache/pdfbox/pdfparser/PDFParser.java,161,call,warn,"LOG.warn(""Error: Header doesn't contain versioninfo"");",src/PdfBox.Net/PdfParser/PDFParser.cs;src/PdfBox.Net/PdfParser/PDFDocumentParser.cs,migrated,"src/PdfBox.Net/PdfParser/PDFDocumentParser.cs:206: LOG.LogWarning(""Error: Header doesn't contain versioninfo"");",
pdfbox/src/main/java/org/apache/pdfbox/pdfparser/PDFStreamParser.java,48,logger-field,,private static final Log LOG = LogFactory.getLog(PDFStreamParser.class);,src/PdfBox.Net/PdfParser/PDFStreamParser.cs,migrated,src/PdfBox.Net/PdfParser/PDFStreamParser.cs:41: ILogger<PDFStreamParser> LOG => PdfBoxLogging.CreateLogger<PDFStreamParser>();,
pdfbox/src/main/java/org/apache/pdfbox/pdfparser/PDFStreamParser.java,136,call,warn,"LOG.warn(""Stop reading invalid dictionary from content stream at offset "" + source.getPosition());",src/PdfBox.Net/PdfParser/PDFStreamParser.cs,migrated,"src/PdfBox.Net/PdfParser/PDFStreamParser.cs:147: LOG.LogWarning(""Stop reading invalid dictionary from content stream at offset {Offset}"", GetCurrentPositionForLogging());",
pdfbox/src/main/java/org/apache/pdfbox/pdfparser/PDFStreamParser.java,154,call,warn,"LOG.warn(""Stop reading invalid array from content stream at offset "" + source.getPosition());",src/PdfBox.Net/PdfParser/PDFStreamParser.cs,migrated,"src/PdfBox.Net/PdfParser/PDFStreamParser.cs:129: LOG.LogWarning(""Stop reading invalid array from content stream at offset {Offset}"", GetCurrentPositionForLogging());",
pdfbox/src/main/java/org/apache/pdfbox/pdfparser/PDFStreamParser.java,236,call,warn,"LOG.warn(""isolated '+' is ignored"");",src/PdfBox.Net/PdfParser/PDFStreamParser.cs,migrated,"src/PdfBox.Net/PdfParser/PDFStreamParser.cs:182: LOG.LogWarning(""isolated '+' is ignored"");",
pdfbox/src/main/java/org/apache/pdfbox/pdfparser/PDFStreamParser.java,264,call,warn,"LOG.warn(""Unexpected token in inline image dictionary at offset "" + (source.isClosed() ? ""EOF"" : source.getPosition()));",src/PdfBox.Net/PdfParser/PDFStreamParser.cs,migrated,"src/PdfBox.Net/PdfParser/PDFStreamParser.cs:230: LOG.LogWarning(""Unexpected token in inline image dictionary at offset {Offset}"", GetCurrentPositionForLogging());",
pdfbox/src/main/java/org/apache/pdfbox/pdfparser/PDFStreamParser.java,276,call,warn,"LOG.warn(""empty inline image at stream offset "" + (source.isClosed() ? ""EOF"" : source.getPosition()));",src/PdfBox.Net/PdfParser/PDFStreamParser.cs,migrated,"src/PdfBox.Net/PdfParser/PDFStreamParser.cs:241: LOG.LogWarning(""empty inline image at stream offset {Offset}"", GetCurrentPositionForLogging());",
pdfbox/src/main/java/org/apache/pdfbox/pdfparser/PDFStreamParser.java,284,call,warn,"LOG.warn(""nextToken "" + nextToken + "" at position "" + (source.isClosed() ? ""EOF"" : source.getPosition()) + "", expected "" + OperatorName.BEGIN_INLINE_IMAGE_DATA + ""?!"");",src/PdfBox.Net/PdfParser/PDFStreamParser.cs,migrated,"src/PdfBox.Net/PdfParser/PDFStreamParser.cs:252: LOG.LogWarning(""nextToken {NextToken} at position {Position}, expected {ExpectedOperator}?!"", nextToken, GetCurrentPositionForLogging(), OperatorName.BEGIN_INLINE_IMAGE_DATA);",
pdfbox/src/main/java/org/apache/pdfbox/pdfparser/PDFStreamParser.java,419,call,warn,"LOG.warn(""ignoring 'EI' assumed to be in the middle of inline image at stream offset "" + source.getPosition() + "", s = '"" + s + ""'"");",src/PdfBox.Net/PdfParser/PDFStreamParser.cs,absent-region,,The adapted C# inline-image EI finder accepts its marker directly and has no Java binary-data rejection branch for this warning.
pdfbox/src/main/java/org/apache/pdfbox/pdfparser/XrefTrailerResolver.java,103,logger-field,,private static final Log LOG = LogFactory.getLog( XrefTrailerResolver.class );,src/PdfBox.Net/PdfParser/XrefTrailerResolver.cs,migrated,src/PdfBox.Net/PdfParser/XrefTrailerResolver.cs:39: ILogger<XrefTrailerResolver> LOG => PdfBoxLogging.CreateLogger<XrefTrailerResolver>();,
pdfbox/src/main/java/org/apache/pdfbox/pdfparser/XrefTrailerResolver.java,180,call,warn,"LOG.warn( ""Cannot add XRef entry for '"" + objKey.getNumber() + ""' because XRef start was not signalled."" );",src/PdfBox.Net/PdfParser/XrefTrailerResolver.cs,migrated,"src/PdfBox.Net/PdfParser/XrefTrailerResolver.cs:149: LOG.LogWarning( ""Cannot add XRef entry for '{ObjectNumber}' because XRef start was not signalled."", objKey.GetNumber());",
pdfbox/src/main/java/org/apache/pdfbox/pdfparser/XrefTrailerResolver.java,201,call,warn,"LOG.warn( ""Cannot add trailer because XRef start was not signalled."" );",src/PdfBox.Net/PdfParser/XrefTrailerResolver.cs,migrated,"src/PdfBox.Net/PdfParser/XrefTrailerResolver.cs:169: LOG.LogWarning(""Cannot add trailer because XRef start was not signalled."");",
pdfbox/src/main/java/org/apache/pdfbox/pdfparser/XrefTrailerResolver.java,236,call,warn,"LOG.warn( ""Method must be called only ones with last startxref value."" );",src/PdfBox.Net/PdfParser/XrefTrailerResolver.cs,migrated,"src/PdfBox.Net/PdfParser/XrefTrailerResolver.cs:194: LOG.LogWarning(""Method must be called only ones with last startxref value."");",
pdfbox/src/main/java/org/apache/pdfbox/pdfparser/XrefTrailerResolver.java,249,call,warn,"LOG.warn( ""Did not found XRef object at specified startxref position "" + startxrefBytePosValue );",src/PdfBox.Net/PdfParser/XrefTrailerResolver.cs,migrated,"src/PdfBox.Net/PdfParser/XrefTrailerResolver.cs:208: LOG.LogWarning(""Did not found XRef object at specified startxref position {StartXrefPosition}"", startxrefBytePosValue);",
pdfbox/src/main/java/org/apache/pdfbox/pdfparser/XrefTrailerResolver.java,273,call,warn,"LOG.warn( ""Did not found XRef object pointed to by 'Prev' key at position "" + prevBytePos );",src/PdfBox.Net/PdfParser/XrefTrailerResolver.cs,migrated,"src/PdfBox.Net/PdfParser/XrefTrailerResolver.cs:228: LOG.LogWarning(""Did not found XRef object pointed to by 'Prev' key at position {PrevPosition}"", prevBytePos);",
pdfbox/src/main/java/org/apache/pdfbox/pdfwriter/COSWriter.java,91,logger-field,,private static final Log LOG = LogFactory.getLog(COSWriter.class);,src/PdfBox.Net/PdfWriter/COSWriter.cs,migrated,src/PdfBox.Net/PdfWriter/COSWriter.cs:41: ILogger<COSWriter> LOG => PdfBoxLogging.CreateLogger<COSWriter>();,
pdfbox/src/main/java/org/apache/pdfbox/pdfwriter/COSWriter.java,1295,guard,debug,LOG.isDebugEnabled(),src/PdfBox.Net/PdfWriter/COSWriter.cs,absent-region,,The incremental-signature byte-range region containing this diagnostic is not present in the current port.
pdfbox/src/main/java/org/apache/pdfbox/pdfwriter/COSWriter.java,1297,call,debug,"LOG.debug(""reachedSignature at offset "" + getStandardOutput().getPos() + "", byteRange: "" + byteRange + "", input length: "" + incrementalInput.length());",src/PdfBox.Net/PdfWriter/COSWriter.cs,absent-region,,The incremental-signature byte-range region containing this diagnostic is not present in the current port.
pdfbox/src/main/java/org/apache/pdfbox/pdfwriter/compress/COSWriterObjectStream.java,55,logger-field,,private static final Log LOG = LogFactory.getLog(COSWriterObjectStream.class);,src/PdfBox.Net/PdfWriter/Compress/COSWriterObjectStream.cs,migrated,src/PdfBox.Net/PdfWriter/Compress/COSWriterObjectStream.cs:35: ILogger<COSWriterObjectStream> LOG => PdfBoxLogging.CreateLogger<COSWriterObjectStream>();,
pdfbox/src/main/java/org/apache/pdfbox/pdfwriter/compress/COSWriterObjectStream.java,190,call,debug,"LOG.debug(""Can't dereference indirect object, writing COSNull instead "" + object);",src/PdfBox.Net/PdfWriter/Compress/COSWriterObjectStream.cs,migrated,"src/PdfBox.Net/PdfWriter/Compress/COSWriterObjectStream.cs:60: LOG.LogDebug(""Can't dereference indirect object, writing COSNull instead {Object}"", obj);",
pdfbox/src/main/java/org/apache/pdfbox/pdfwriter/compress/COSWriterObjectStream.java,196,call,error,"LOG.error(""COSObject "" + object + "" references another COSObject?!"");",src/PdfBox.Net/PdfWriter/Compress/COSWriterObjectStream.cs,migrated,"src/PdfBox.Net/PdfWriter/Compress/COSWriterObjectStream.cs:68: LOG.LogError(""COSObject {Object} references another COSObject?!"", obj);",
pdfbox/src/main/java/org/apache/pdfbox/pdmodel/PDAbstractContentStream.java,79,logger-field,,private static final Log LOG = LogFactory.getLog(PDAbstractContentStream.class);,src/PdfBox.Net/PDModel/PDAbstractContentStream.cs,migrated,src/PdfBox.Net/PDModel/PDAbstractContentStream.cs:43: ILogger<PDAbstractContentStream> LOG => PdfBoxLogging.CreateLogger<PDAbstractContentStream>();,
pdfbox/src/main/java/org/apache/pdfbox/pdmodel/PDAbstractContentStream.java,215,call,warn,"LOG.warn(""Using the subsetted font '"" + font.getName() + ""' without a PDDocument context; call subset() before saving"");",src/PdfBox.Net/PDModel/PDAbstractContentStream.cs,absent-region,,The Java font-embedding and output-stream diagnostic branches are not present in the current partial content-stream port.
pdfbox/src/main/java/org/apache/pdfbox/pdmodel/PDAbstractContentStream.java,221,call,warn,"LOG.warn(""attempting to use font '"" + font.getName() + ""' that isn't embedded"");",src/PdfBox.Net/PDModel/PDAbstractContentStream.cs,absent-region,,The Java font-embedding and output-stream diagnostic branches are not present in the current partial content-stream port.
pdfbox/src/main/java/org/apache/pdfbox/pdmodel/PDAbstractContentStream.java,236,guard,debug,LOG.isDebugEnabled(),src/PdfBox.Net/PDModel/PDAbstractContentStream.cs,absent-region,,The Java font-embedding and output-stream diagnostic branches are not present in the current partial content-stream port.
pdfbox/src/main/java/org/apache/pdfbox/pdmodel/PDAbstractContentStream.java,238,call,debug,"LOG.debug(""No GSUB data found in font"" + font.getName());",src/PdfBox.Net/PDModel/PDAbstractContentStream.cs,absent-region,,The Java font-embedding and output-stream diagnostic branches are not present in the current partial content-stream port.
pdfbox/src/main/java/org/apache/pdfbox/pdmodel/PDAbstractContentStream.java,1707,call,warn,"LOG.warn(""You did not call endText(), some viewers won't display your text"");",src/PdfBox.Net/PDModel/PDAbstractContentStream.cs,migrated,"src/PdfBox.Net/PDModel/PDAbstractContentStream.cs:72: LOG.LogWarning(""You did not call endText(), some viewers won't display your text"");",
pdfbox/src/main/java/org/apache/pdfbox/pdmodel/PDDocument.java,94,logger-field,,private static final Log LOG = LogFactory.getLog(PDDocument.class);,src/PdfBox.Net/PDModel/PDDocument.cs,migrated,src/PdfBox.Net/PDModel/PDDocument.cs:54: ILogger<PDDocument> LOG => PdfBoxLogging.CreateLogger<PDDocument>();,
pdfbox/src/main/java/org/apache/pdfbox/pdmodel/PDDocument.java,108,call,debug,"LOG.debug(""voodoo error"", ex);",src/PdfBox.Net/PDModel/PDDocument.cs,absent-region,,The Java resource-warning initializer and SigningSupport/pdfSource close flows are absent; the .NET port snapshots source bytes and has no equivalent closeable members.
pdfbox/src/main/java/org/apache/pdfbox/pdmodel/PDDocument.java,114,call,debug,"LOG.debug(ex.getMessage(), ex);",src/PdfBox.Net/PDModel/PDDocument.cs,absent-region,,The Java resource-warning initializer and SigningSupport/pdfSource close flows are absent; the .NET port snapshots source bytes and has no equivalent closeable members.
pdfbox/src/main/java/org/apache/pdfbox/pdmodel/PDDocument.java,711,call,warn,"LOG.warn(""inherited resources of source document are not imported to destination page"");",src/PdfBox.Net/PDModel/PDDocument.cs,migrated,"src/PdfBox.Net/PDModel/PDDocument.cs:1663: LOG.LogWarning(""inherited resources of source document are not imported to destination page"");",
pdfbox/src/main/java/org/apache/pdfbox/pdmodel/PDDocument.java,712,call,warn,"LOG.warn(""call importedPage.setResources(page.getResources()) to do this"");",src/PdfBox.Net/PDModel/PDDocument.cs,migrated,"src/PdfBox.Net/PDModel/PDDocument.cs:1664: LOG.LogWarning(""call importedPage.setResources(page.getResources()) to do this"");",
pdfbox/src/main/java/org/apache/pdfbox/pdmodel/PDDocument.java,982,call,warn,"LOG.warn( ""You are overwriting the existing file "" + file.getName() + "", this will produce a corrupted file if you're also reading from it"");",src/PdfBox.Net/PDModel/PDDocument.cs,migrated,"src/PdfBox.Net/PDModel/PDDocument.cs:862: LOG.LogWarning( ""You are overwriting the existing file {FileName}, this will produce a corrupted file if you're also reading from it"", file.Name);",
pdfbox/src/main/java/org/apache/pdfbox/pdmodel/PDDocument.java,1270,helper-pass,,"IOUtils.closeAndLogException(signingSupport, LOG, ""SigningSupport"", firstException);",src/PdfBox.Net/PDModel/PDDocument.cs,migrated,"src/PdfBox.Net/PDModel/PDDocument.cs:1576: IOUtils.CloseAndLogException(font, LOG, ""TrueTypeFont"", firstException);",
pdfbox/src/main/java/org/apache/pdfbox/pdmodel/PDDocument.java,1274,helper-pass,,"IOUtils.closeAndLogException(document, LOG, ""COSDocument"", firstException);",src/PdfBox.Net/PDModel/PDDocument.cs,migrated,"src/PdfBox.Net/PDModel/PDDocument.cs:1580: IOUtils.CloseAndLogException(_document, LOG, ""COSDocument"", firstException);",
pdfbox/src/main/java/org/apache/pdfbox/pdmodel/PDDocument.java,1279,helper-pass,,"IOUtils.closeAndLogException(pdfSource, LOG, ""RandomAccessRead pdfSource"", firstException);",src/PdfBox.Net/PDModel/PDDocument.cs,absent-region,,The Java resource-warning initializer and SigningSupport/pdfSource close flows are absent; the .NET port snapshots source bytes and has no equivalent closeable members.
pdfbox/src/main/java/org/apache/pdfbox/pdmodel/PDDocument.java,1285,helper-pass,,"IOUtils.closeAndLogException(ttf, LOG, ""TrueTypeFont"", firstException);",src/PdfBox.Net/PDModel/PDDocument.cs,absent-region,,The Java resource-warning initializer and SigningSupport/pdfSource close flows are absent; the .NET port snapshots source bytes and has no equivalent closeable members.
pdfbox/src/main/java/org/apache/pdfbox/pdmodel/PDDocument.java,1316,call,warn,"LOG.warn(""do not call setAllSecurityToBeRemoved(true) before calling protect(), "" + ""as protect() implies setAllSecurityToBeRemoved(false)"");",src/PdfBox.Net/PDModel/PDDocument.cs,migrated,"src/PdfBox.Net/PDModel/PDDocument.cs:385: LOG.LogWarning( ""do not call setAllSecurityToBeRemoved(true) before calling protect(), as protect() implies setAllSecurityToBeRemoved(false)"");",
pdfbox/src/main/java/org/apache/pdfbox/pdmodel/PDDocument.java,1420,call,error,"LOG.error(""Can't extract the version number of the document catalog."", exception);",src/PdfBox.Net/PDModel/PDDocument.cs,migrated,"src/PdfBox.Net/PDModel/PDDocument.cs:1703: LOG.LogError(ex, ""Can't extract the version number of the document catalog."");",
pdfbox/src/main/java/org/apache/pdfbox/pdmodel/PDDocument.java,1449,call,error,"LOG.error(""It's not allowed to downgrade the version of a pdf."");",src/PdfBox.Net/PDModel/PDDocument.cs,migrated,"src/PdfBox.Net/PDModel/PDDocument.cs:1724: LOG.LogError(""It's not allowed to downgrade the version of a pdf."");",
pdfbox/src/main/java/org/apache/pdfbox/pdmodel/PDDocumentCatalog.java,61,logger-field,,private static final Log LOG = LogFactory.getLog(PDDocumentCatalog.class);,src/PdfBox.Net/PDModel/PDDocumentCatalog.cs,migrated,src/PdfBox.Net/PDModel/PDDocumentCatalog.cs:51: ILogger<PDDocumentCatalog> LOG => PdfBoxLogging.CreateLogger<PDDocumentCatalog>();,
pdfbox/src/main/java/org/apache/pdfbox/pdmodel/PDDocumentCatalog.java,138,call,debug,"LOG.debug(""AcroForm content has already been retrieved with fixes applied - original content changed because of that"");",src/PdfBox.Net/PDModel/PDDocumentCatalog.cs,migrated,"src/PdfBox.Net/PDModel/PDDocumentCatalog.cs:443: LOG.LogDebug(""AcroForm content has already been retrieved with fixes applied - "" + ""original content changed because of that"");",
pdfbox/src/main/java/org/apache/pdfbox/pdmodel/PDDocumentCatalog.java,489,call,debug,"LOG.debug(""Invalid PageMode used '"" + mode + ""' - setting to PageMode.USE_NONE"", e);",src/PdfBox.Net/PDModel/PDDocumentCatalog.cs,migrated,"src/PdfBox.Net/PDModel/PDDocumentCatalog.cs:192: LOG.LogDebug(ex, ""Invalid PageMode used '{PageMode}' - setting to PageMode.UseNone"", value);",
pdfbox/src/main/java/org/apache/pdfbox/pdmodel/PDDocumentCatalog.java,525,call,warn,"LOG.warn(""Invalid PageLayout used '"" + mode + ""' - returning PageLayout.SINGLE_PAGE"", e);",src/PdfBox.Net/PDModel/PDDocumentCatalog.cs,migrated,"src/PdfBox.Net/PDModel/PDDocumentCatalog.cs:159: LOG.LogWarning(ex, ""Invalid PageLayout used '{PageLayout}' - returning PageLayout.SinglePage"", value);",
pdfbox/src/main/java/org/apache/pdfbox/pdmodel/PDPage.java,70,logger-field,,private static final Log LOG = LogFactory.getLog(PDPage.class);,src/PdfBox.Net/PDModel/PDPage.cs,migrated,src/PdfBox.Net/PDModel/PDPage.cs:50: ILogger<PDPage> LOG => PdfBoxLogging.CreateLogger<PDPage>();,
pdfbox/src/main/java/org/apache/pdfbox/pdmodel/PDPage.java,248,call,warn,"LOG.warn(""skipped malformed content stream"");",src/PdfBox.Net/PDModel/PDPage.cs,absent-region,,The Java inherited-resource traversal diagnostics are not present in the current page implementation.
pdfbox/src/main/java/org/apache/pdfbox/pdmodel/PDPage.java,267,call,warn,"LOG.warn(""skipped malformed content stream"");",src/PdfBox.Net/PDModel/PDPage.cs,absent-region,,The Java inherited-resource traversal diagnostics are not present in the current page implementation.
pdfbox/src/main/java/org/apache/pdfbox/pdmodel/PDPage.java,289,call,warn,"LOG.warn(""malformed substream of content stream skipped"");",src/PdfBox.Net/PDModel/PDPage.cs,absent-region,,The Java inherited-resource traversal diagnostics are not present in the current page implementation.
pdfbox/src/main/java/org/apache/pdfbox/pdmodel/PDPage.java,407,call,debug,"LOG.debug(""Can't find MediaBox, will use U.S. Letter"");",src/PdfBox.Net/PDModel/PDPage.cs,migrated,"src/PdfBox.Net/PDModel/PDPage.cs:126: LOG.LogDebug(""Can't find MediaBox, will use U.S. Letter"");",
pdfbox/src/main/java/org/apache/pdfbox/pdmodel/PDPage.java,793,call,error,"LOG.error(ex.getMessage(), ex);",src/PdfBox.Net/PDModel/PDPage.cs,migrated,"src/PdfBox.Net/PDModel/PDPage.cs:425: LOG.LogError(ex, ""{ErrorMessage}"", ex.Message);",
pdfbox/src/main/java/org/apache/pdfbox/pdmodel/PDPage.java,857,call,warn,"LOG.warn(""Array element "" + base2 + "" is skipped, must be a (viewport) dictionary"");",src/PdfBox.Net/PDModel/PDPage.cs,migrated,"src/PdfBox.Net/PDModel/PDPage.cs:653: LOG.LogWarning(""Array element {Viewport} is skipped, must be a (viewport) dictionary"", viewports.GetObject(i));",
pdfbox/src/main/java/org/apache/pdfbox/pdmodel/PDPageContentStream.java,68,logger-field,,private static final Log LOG = LogFactory.getLog(PDPageContentStream.class);,src/PdfBox.Net/PDModel/PDPageContentStream.cs,migrated,src/PdfBox.Net/PDModel/PDPageContentStream.cs:51: ILogger<PDPageContentStream> LOG => PdfBoxLogging.CreateLogger<PDPageContentStream>();,
pdfbox/src/main/java/org/apache/pdfbox/pdmodel/PDPageContentStream.java,85,call,warn,"LOG.warn(""You are overwriting an existing content, you should use the append mode"");",src/PdfBox.Net/PDModel/PDPageContentStream.cs,migrated,"src/PdfBox.Net/PDModel/PDPageContentStream.cs:92: LOG.LogWarning(""You are overwriting an existing content, you should use the append mode"");",
pdfbox/src/main/java/org/apache/pdfbox/pdmodel/PDPageTree.java,46,logger-field,,private static final Log LOG = LogFactory.getLog(PDPageTree.class);,src/PdfBox.Net/PDModel/PDPageTree.cs,migrated,src/PdfBox.Net/PDModel/PDPageTree.cs:40: ILogger<PDPageTree> LOG => PdfBoxLogging.CreateLogger<PDPageTree>();,
pdfbox/src/main/java/org/apache/pdfbox/pdmodel/PDPageTree.java,173,call,warn,"LOG.warn(""replaced null entry with an empty page"");",src/PdfBox.Net/PDModel/PDPageTree.cs,migrated,"src/PdfBox.Net/PDModel/PDPageTree.cs:318: LOG.LogWarning(""replaced null entry with an empty page"");",
pdfbox/src/main/java/org/apache/pdfbox/pdmodel/PDPageTree.java,181,call,warn,"LOG.warn(""COSDictionary expected, but got "" + base.getClass().getSimpleName());",src/PdfBox.Net/PDModel/PDPageTree.cs,migrated,"src/PdfBox.Net/PDModel/PDPageTree.cs:326: LOG.LogWarning(""COSDictionary expected, but got {Type}"", item.GetType().Name);",
pdfbox/src/main/java/org/apache/pdfbox/pdmodel/PDPageTree.java,213,call,error,"LOG.error(""This page tree node has already been visited"");",src/PdfBox.Net/PDModel/PDPageTree.cs,migrated,"src/PdfBox.Net/PDModel/PDPageTree.cs:337: LOG.LogError(""This page tree node has already been visited"");",
pdfbox/src/main/java/org/apache/pdfbox/pdmodel/PDPageTree.java,231,call,error,"LOG.error(""Page skipped due to an invalid or missing type "" + (node == null ? ""(null)"" : node.getCOSName(COSName.TYPE)));",src/PdfBox.Net/PDModel/PDPageTree.cs,migrated,"src/PdfBox.Net/PDModel/PDPageTree.cs:358: LOG.LogError(""Page skipped due to an invalid or missing type {Type}"", node.GetCOSName(COSName.TYPE));",
pdfbox/src/main/java/org/apache/pdfbox/pdmodel/common/PDNameTreeNode.java,44,logger-field,,private static final Log LOG = LogFactory.getLog(PDNameTreeNode.class);,src/PdfBox.Net/PDModel/Common/PDNameTreeNode.cs,migrated,src/PdfBox.Net/PDModel/Common/PDNameTreeNode.cs:34: ILogger<PDNameTreeNode<T>> LOG => PdfBoxLogging.CreateLogger<PDNameTreeNode<T>>();,
pdfbox/src/main/java/org/apache/pdfbox/pdmodel/common/PDNameTreeNode.java,131,call,warn,"LOG.warn(""Bad child node at position "" + i);",src/PdfBox.Net/PDModel/Common/PDNameTreeNode.cs,migrated,"src/PdfBox.Net/PDModel/Common/PDNameTreeNode.cs:77: LOG.LogWarning(""Bad child node at position {Position}"", i);",
pdfbox/src/main/java/org/apache/pdfbox/pdmodel/common/PDNameTreeNode.java,211,call,error,"LOG.error(""Error while calculating the Limits of a PageNameTreeNode:"", exception);",src/PdfBox.Net/PDModel/Common/PDNameTreeNode.cs,migrated,"src/PdfBox.Net/PDModel/Common/PDNameTreeNode.cs:245: LOG.LogError(ex, ""Error while calculating the Limits of a PageNameTreeNode:"");",
pdfbox/src/main/java/org/apache/pdfbox/pdmodel/common/PDNameTreeNode.java,249,call,warn,"LOG.warn(""NameTreeNode does not have \""names\"" nor \""kids\"" objects."");",src/PdfBox.Net/PDModel/Common/PDNameTreeNode.cs,migrated,"src/PdfBox.Net/PDModel/Common/PDNameTreeNode.cs:140: LOG.LogWarning(""NameTreeNode does not have \""names\"" nor \""kids\"" objects."");",
pdfbox/src/main/java/org/apache/pdfbox/pdmodel/common/PDNameTreeNode.java,273,call,warn,"LOG.warn(""Names array has odd size: "" + size);",src/PdfBox.Net/PDModel/Common/PDNameTreeNode.cs,migrated,"src/PdfBox.Net/PDModel/Common/PDNameTreeNode.cs:157: LOG.LogWarning(""Names array has odd size: {Size}"", size);",
pdfbox/src/main/java/org/apache/pdfbox/pdmodel/common/PDNumberTreeNode.java,44,logger-field,,private static final Log LOG = LogFactory.getLog( PDNumberTreeNode.class );,src/PdfBox.Net/PDModel/Common/PDNumberTreeNode.cs,migrated,src/PdfBox.Net/PDModel/Common/PDNumberTreeNode.cs:34: ILogger<PDNumberTreeNode> LOG => PdfBoxLogging.CreateLogger<PDNumberTreeNode>();,
pdfbox/src/main/java/org/apache/pdfbox/pdmodel/common/PDNumberTreeNode.java,105,call,warn,"LOG.warn(""Bad child node at position "" + i);",src/PdfBox.Net/PDModel/Common/PDNumberTreeNode.cs,migrated,"src/PdfBox.Net/PDModel/Common/PDNumberTreeNode.cs:68: LOG.LogWarning(""Bad child node at position {Position}"", i);",
pdfbox/src/main/java/org/apache/pdfbox/pdmodel/common/PDNumberTreeNode.java,175,call,warn,"LOG.warn(""NumberTreeNode does not have \""nums\"" nor \""kids\"" objects."");",src/PdfBox.Net/PDModel/Common/PDNumberTreeNode.cs,migrated,"src/PdfBox.Net/PDModel/Common/PDNumberTreeNode.cs:121: LOG.LogWarning(""NumberTreeNode does not have \""nums\"" nor \""kids\"" objects."");",
pdfbox/src/main/java/org/apache/pdfbox/pdmodel/common/PDNumberTreeNode.java,198,call,warn,"LOG.warn(""Numbers array has odd size: "" + size);",src/PdfBox.Net/PDModel/Common/PDNumberTreeNode.cs,migrated,"src/PdfBox.Net/PDModel/Common/PDNumberTreeNode.cs:139: LOG.LogWarning(""Numbers array has odd size: {Size}"", size);",
pdfbox/src/main/java/org/apache/pdfbox/pdmodel/common/PDNumberTreeNode.java,205,call,error,"LOG.error(""page labels ignored, index "" + i + "" should be a number, but is "" + base);",src/PdfBox.Net/PDModel/Common/PDNumberTreeNode.cs,migrated,"src/PdfBox.Net/PDModel/Common/PDNumberTreeNode.cs:146: LOG.LogError(""page labels ignored, index {Index} should be a number, but is {Value}"", i, keyBase);",
pdfbox/src/main/java/org/apache/pdfbox/pdmodel/common/PDStream.java,53,logger-field,,private static final Log LOG = LogFactory.getLog(PDStream.class);,src/PdfBox.Net/PDModel/Common/PDStream.cs,migrated,src/PdfBox.Net/PDModel/Common/PDStream.cs:37: ILogger<PDStream> LOG => PdfBoxLogging.CreateLogger<PDStream>();,
pdfbox/src/main/java/org/apache/pdfbox/pdmodel/common/PDStream.java,319,call,warn,"LOG.warn(""Expected COSDictionary, got "" + base + "", ignored"");",src/PdfBox.Net/PDModel/Common/PDStream.cs,migrated,"src/PdfBox.Net/PDModel/Common/PDStream.cs:217: LOG.LogWarning(""Expected COSDictionary, got {Value}, ignored"", array.GetObject(i));",
pdfbox/src/main/java/org/apache/pdfbox/pdmodel/common/function/PDFunctionType0.java,46,logger-field,,private static final Log LOG = LogFactory.getLog(PDFunctionType0.class);,src/PdfBox.Net/PDModel/Common/Function/PDFunctionType0.cs,migrated,src/PdfBox.Net/PDModel/Common/Function/PDFunctionType0.cs:34: ILogger<PDFunctionType0> LOG => PdfBoxLogging.CreateLogger<PDFunctionType0>();,
pdfbox/src/main/java/org/apache/pdfbox/pdmodel/common/function/PDFunctionType0.java,414,call,error,"LOG.error(""IOException while reading the sample values of this function."", exception);",src/PdfBox.Net/PDModel/Common/Function/PDFunctionType0.cs,migrated,"src/PdfBox.Net/PDModel/Common/Function/PDFunctionType0.cs:180: LOG.LogError(ex, ""IOException while reading the sample values of this function."");",
pdfbox/src/main/java/org/apache/pdfbox/pdmodel/documentinterchange/logicalstructure/PDObjectReference.java,45,logger-field,,private static final Log LOG = LogFactory.getLog(PDObjectReference.class);,src/PdfBox.Net/PDModel/DocumentInterchange/LogicalStructure/PDObjectReference.cs,migrated,src/PdfBox.Net/PDModel/DocumentInterchange/LogicalStructure/PDObjectReference.cs:40: ILogger<PDObjectReference> LOG => PdfBoxLogging.CreateLogger<PDObjectReference>();,
pdfbox/src/main/java/org/apache/pdfbox/pdmodel/documentinterchange/logicalstructure/PDObjectReference.java,124,call,debug,"LOG.debug(""Couldn't get the referenced object - returning null instead"", exception);",src/PdfBox.Net/PDModel/DocumentInterchange/LogicalStructure/PDObjectReference.cs,migrated,"src/PdfBox.Net/PDModel/DocumentInterchange/LogicalStructure/PDObjectReference.cs:104: LOG.LogDebug(ex, ""Couldn't get the referenced object - returning null instead"");",
pdfbox/src/main/java/org/apache/pdfbox/pdmodel/documentinterchange/logicalstructure/PDStructureElement.java,49,logger-field,,private static final Log LOG = LogFactory.getLog(PDStructureElement.class);,src/PdfBox.Net/PDModel/DocumentInterchange/LogicalStructure/PDStructureElement.cs,migrated,src/PdfBox.Net/PDModel/DocumentInterchange/LogicalStructure/PDStructureElement.cs:39: ILogger<PDStructureElement> LOG => PdfBoxLogging.CreateLogger<PDStructureElement>();,
pdfbox/src/main/java/org/apache/pdfbox/pdmodel/documentinterchange/logicalstructure/PDStructureElement.java,748,call,warn,"LOG.warn(""Element ignored: "" + parent.getCOSObject());",src/PdfBox.Net/PDModel/DocumentInterchange/LogicalStructure/PDStructureElement.cs,migrated,"src/PdfBox.Net/PDModel/DocumentInterchange/LogicalStructure/PDStructureElement.cs:602: LOG.LogWarning(""Element ignored: {Element}"", dictionary);",
pdfbox/src/main/java/org/apache/pdfbox/pdmodel/documentinterchange/logicalstructure/PDStructureTreeRoot.java,49,logger-field,,private static final Log LOG = LogFactory.getLog(PDStructureTreeRoot.class);,src/PdfBox.Net/PDModel/DocumentInterchange/LogicalStructure/PDParentTreeNumberTreeNode.cs;src/PdfBox.Net/PDModel/DocumentInterchange/LogicalStructure/PDStructureTreeRoot.cs,migrated,src/PdfBox.Net/PDModel/DocumentInterchange/LogicalStructure/PDStructureTreeRoot.cs:39: ILogger<PDStructureTreeRoot> LOG => PdfBoxLogging.CreateLogger<PDStructureTreeRoot>();,
pdfbox/src/main/java/org/apache/pdfbox/pdmodel/documentinterchange/logicalstructure/PDStructureTreeRoot.java,187,call,error,"LOG.error(e,e);",src/PdfBox.Net/PDModel/DocumentInterchange/LogicalStructure/PDParentTreeNumberTreeNode.cs;src/PdfBox.Net/PDModel/DocumentInterchange/LogicalStructure/PDStructureTreeRoot.cs,absent-region,,The Java parent-tree validation branch containing this diagnostic is not present in the current structure-tree port.
pdfbox/src/main/java/org/apache/pdfbox/pdmodel/documentinterchange/taggedpdf/StandardStructureTypes.java,38,logger-field,,private static final Log LOG = LogFactory.getLog(StandardStructureTypes.class);,src/PdfBox.Net/PDModel/DocumentInterchange/TaggedPdf/StandardStructureTypes.cs,migrated,src/PdfBox.Net/PDModel/DocumentInterchange/TaggedPdf/StandardStructureTypes.cs:35: ILogger<StandardStructureTypes> LOG => PdfBoxLogging.CreateLogger<StandardStructureTypes>();,
pdfbox/src/main/java/org/apache/pdfbox/pdmodel/documentinterchange/taggedpdf/StandardStructureTypes.java,310,call,error,"LOG.error(e,e);",src/PdfBox.Net/PDModel/DocumentInterchange/TaggedPdf/StandardStructureTypes.cs,absent-region,,"Java reflection-based standard-type enumeration is replaced by a fixed C# collection, so its reflection failure diagnostic has no target."
pdfbox/src/main/java/org/apache/pdfbox/pdmodel/encryption/SecurityHandler.java,64,logger-field,,private static final Log LOG = LogFactory.getLog(SecurityHandler.class);,src/PdfBox.Net/PDModel/Encryption/SecurityHandler.cs,migrated,src/PdfBox.Net/PDModel/Encryption/SecurityHandler.cs:36: ILogger<SecurityHandler<TPolicy>> LOG => PdfBoxLogging.CreateLogger<SecurityHandler<TPolicy>>();,
pdfbox/src/main/java/org/apache/pdfbox/pdmodel/encryption/SecurityHandler.java,389,call,debug,"LOG.debug(""A GeneralSecurityException occurred when decrypting some stream data"", exception);",src/PdfBox.Net/PDModel/Encryption/SecurityHandler.cs,migrated,"src/PdfBox.Net/PDModel/Encryption/SecurityHandler.cs:210: LOG.LogDebug(ex, ""A GeneralSecurityException occurred when decrypting some stream data"");",
pdfbox/src/main/java/org/apache/pdfbox/pdmodel/encryption/SecurityHandler.java,556,call,debug,"LOG.debug(""Tried reading "" + buf.length + "" bytes but only "" + isResult + "" bytes read"");",src/PdfBox.Net/PDModel/Encryption/SecurityHandler.cs,absent-region,,The Java stream-length and crypt-filter diagnostic branches are absent from the adapted generic security handler.
pdfbox/src/main/java/org/apache/pdfbox/pdmodel/encryption/SecurityHandler.java,561,call,warn,"LOG.warn(""Metadata is not encrypted, but was expected to be"");",src/PdfBox.Net/PDModel/Encryption/SecurityHandler.cs,absent-region,,The Java stream-length and crypt-filter diagnostic branches are absent from the adapted generic security handler.
pdfbox/src/main/java/org/apache/pdfbox/pdmodel/encryption/SecurityHandler.java,562,call,warn,"LOG.warn(""Read PDF specification about EncryptMetadata (default value: true)"");",src/PdfBox.Net/PDModel/Encryption/SecurityHandler.cs,absent-region,,The Java stream-length and crypt-filter diagnostic branches are absent from the adapted generic security handler.
pdfbox/src/main/java/org/apache/pdfbox/pdmodel/encryption/SecurityHandler.java,576,call,error,"LOG.error(ex.getClass().getSimpleName() + "" thrown when decrypting object "" + objNum + "" "" + genNum + "" obj"");",src/PdfBox.Net/PDModel/Encryption/SecurityHandler.cs,absent-region,,The Java stream-length and crypt-filter diagnostic branches are absent from the adapted generic security handler.
pdfbox/src/main/java/org/apache/pdfbox/pdmodel/encryption/SecurityHandler.java,695,call,error,"LOG.error(""Failed to decrypt COSString of length "" + string.getBytes().length + "" in object "" + objNum + "": "" + ex.getMessage(), ex);",src/PdfBox.Net/PDModel/Encryption/SecurityHandler.cs,migrated,"src/PdfBox.Net/PDModel/Encryption/SecurityHandler.cs:253: LOG.LogError(ex, ""Failed to decrypt COSString of length {Length} in object {ObjectNumber}: {ErrorMessage}"", cipherBytes.Length, objNumber, ex.Message);",
pdfbox/src/main/java/org/apache/pdfbox/pdmodel/encryption/StandardSecurityHandler.java,55,logger-field,,private static final Log LOG = LogFactory.getLog(StandardSecurityHandler.class);,src/PdfBox.Net/PDModel/Encryption/StandardSecurityHandler.cs,migrated,src/PdfBox.Net/PDModel/Encryption/StandardSecurityHandler.cs:39: ILogger<StandardSecurityHandler> LOG => PdfBoxLogging.CreateLogger<StandardSecurityHandler>();,
pdfbox/src/main/java/org/apache/pdfbox/pdmodel/encryption/StandardSecurityHandler.java,198,call,warn,"LOG.warn(""Using "" + newLength + "" bytes key length instead of "" + dicLength + "" in AESV2 encryption?!"");",src/PdfBox.Net/PDModel/Encryption/StandardSecurityHandler.cs,migrated,"src/PdfBox.Net/PDModel/Encryption/StandardSecurityHandler.cs:106: LOG.LogWarning( ""Using {ActualLength} bytes key length instead of {ExpectedLength} in {EncryptionMethod} encryption?!"", keyLengthBytes, expectedLength, cryptFilterMethod.GetName());",Consolidated target site: One parameterized C# encryption-method branch represents the separate Java AESV2 and AESV3 warnings.
pdfbox/src/main/java/org/apache/pdfbox/pdmodel/encryption/StandardSecurityHandler.java,214,call,warn,"LOG.warn(""Using "" + newLength + "" bytes key length instead of "" + dicLength + "" in AESV3 encryption?!"");",src/PdfBox.Net/PDModel/Encryption/StandardSecurityHandler.cs,migrated,"src/PdfBox.Net/PDModel/Encryption/StandardSecurityHandler.cs:106: LOG.LogWarning( ""Using {ActualLength} bytes key length instead of {ExpectedLength} in {EncryptionMethod} encryption?!"", keyLengthBytes, expectedLength, cryptFilterMethod.GetName());",
pdfbox/src/main/java/org/apache/pdfbox/pdmodel/encryption/StandardSecurityHandler.java,287,call,info,"LOG.info(""PDFBOX-5955: padding RC4 key to length 16"");",src/PdfBox.Net/PDModel/Encryption/StandardSecurityHandler.cs,migrated,"src/PdfBox.Net/PDModel/Encryption/StandardSecurityHandler.cs:158: LOG.LogInformation(""PDFBOX-5955: padding RC4 key to length 16"");",
pdfbox/src/main/java/org/apache/pdfbox/pdmodel/encryption/StandardSecurityHandler.java,331,call,warn,"LOG.warn(""Verification of permissions failed (constant)"");",src/PdfBox.Net/PDModel/Encryption/StandardSecurityHandler.cs,migrated,"src/PdfBox.Net/PDModel/Encryption/StandardSecurityHandler.cs:211: LOG.LogWarning(""Verification of permissions failed (constant)"");",
pdfbox/src/main/java/org/apache/pdfbox/pdmodel/encryption/StandardSecurityHandler.java,341,call,warn,"LOG.warn(""Verification of permissions failed ("" + String.format(""%08X"",permsP) + "" != "" + String.format(""%08X"",dicPermissions) + "")"");",src/PdfBox.Net/PDModel/Encryption/StandardSecurityHandler.cs,migrated,"src/PdfBox.Net/PDModel/Encryption/StandardSecurityHandler.cs:217: LOG.LogWarning(""Verification of permissions failed ({ActualPermissions} != {ExpectedPermissions})"", permsP.ToString(""X8""), dictionaryPermissions.ToString(""X8""));",
pdfbox/src/main/java/org/apache/pdfbox/pdmodel/encryption/StandardSecurityHandler.java,347,call,warn,"LOG.warn(""Verification of permissions failed (EncryptMetadata)"");",src/PdfBox.Net/PDModel/Encryption/StandardSecurityHandler.cs,migrated,"src/PdfBox.Net/PDModel/Encryption/StandardSecurityHandler.cs:223: LOG.LogWarning(""Verification of permissions failed (EncryptMetadata)"");",
pdfbox/src/main/java/org/apache/pdfbox/pdmodel/encryption/StandardSecurityHandler.java,1272,call,warn,"LOG.warn(""JCE unlimited strength jurisdiction policy files are not installed"");",src/PdfBox.Net/PDModel/Encryption/StandardSecurityHandler.cs,absent-region,,"These diagnostics belong to Java JCE policy and algorithm-availability handling, which has no .NET counterpart."
pdfbox/src/main/java/org/apache/pdfbox/pdmodel/encryption/StandardSecurityHandler.java,1277,call,debug,"LOG.debug(""AES Algorithm not available"", ex);",src/PdfBox.Net/PDModel/Encryption/StandardSecurityHandler.cs,absent-region,,"These diagnostics belong to Java JCE policy and algorithm-availability handling, which has no .NET counterpart."
pdfbox/src/main/java/org/apache/pdfbox/pdmodel/fdf/FDFAnnotation.java,56,logger-field,,private static final Log LOG = LogFactory.getLog(FDFAnnotation.class);,src/PdfBox.Net/PDModel/Fdf/FDFAnnotation.cs,migrated,src/PdfBox.Net/PDModel/Fdf/FDFAnnotation.cs:39: ILogger<FDFAnnotation> LOG => PdfBoxLogging.CreateLogger<FDFAnnotation>();,
pdfbox/src/main/java/org/apache/pdfbox/pdmodel/fdf/FDFAnnotation.java,235,call,debug,"LOG.debug(""Error while evaluating XPath expression for richtext contents"", e);",src/PdfBox.Net/PDModel/Fdf/FDFAnnotation.cs,absent-region,,The corresponding Java XML color/date parsing fallback regions are not present in the current FDF annotation port.
pdfbox/src/main/java/org/apache/pdfbox/pdmodel/fdf/FDFAnnotation.java,250,call,debug,"LOG.debug(""Error while evaluating XPath expression for richtext contents"", e);",src/PdfBox.Net/PDModel/Fdf/FDFAnnotation.cs,absent-region,,The corresponding Java XML color/date parsing fallback regions are not present in the current FDF annotation port.
pdfbox/src/main/java/org/apache/pdfbox/pdmodel/fdf/FDFAnnotation.java,434,call,warn,"LOG.warn(""Unknown or unsupported annotation type '"" + fdfDicName + ""'"");",src/PdfBox.Net/PDModel/Fdf/FDFAnnotation.cs,migrated,"src/PdfBox.Net/PDModel/Fdf/FDFAnnotation.cs:176: LOG.LogWarning(""Unknown or unsupported annotation type '{AnnotationType}'"", subtype);",
pdfbox/src/main/java/org/apache/pdfbox/pdmodel/fdf/FDFAnnotationFreeText.java,39,logger-field,,private static final Log LOG = LogFactory.getLog(FDFAnnotationFreeText.class);,src/PdfBox.Net/PDModel/Fdf/FDFAnnotationFreeText.cs,migrated,src/PdfBox.Net/PDModel/Fdf/FDFAnnotationFreeText.cs:37: ILogger<FDFAnnotationFreeText> LOG => PdfBoxLogging.CreateLogger<FDFAnnotationFreeText>();,
pdfbox/src/main/java/org/apache/pdfbox/pdmodel/fdf/FDFAnnotationFreeText.java,86,call,debug,"LOG.debug(""Error while evaluating XPath expression"", ex);",src/PdfBox.Net/PDModel/Fdf/FDFAnnotationFreeText.cs,absent-region,,The Java XML element parsing region containing this diagnostic is absent from the current FDF annotation port.
pdfbox/src/main/java/org/apache/pdfbox/pdmodel/fdf/FDFAnnotationInk.java,45,logger-field,,private static final Log LOG = LogFactory.getLog(FDFAnnotationInk.class);,src/PdfBox.Net/PDModel/Fdf/FDFAnnotationInk.cs,migrated,src/PdfBox.Net/PDModel/Fdf/FDFAnnotationInk.cs:35: ILogger<FDFAnnotationInk> LOG => PdfBoxLogging.CreateLogger<FDFAnnotationInk>();,
pdfbox/src/main/java/org/apache/pdfbox/pdmodel/fdf/FDFAnnotationInk.java,107,call,debug,"LOG.debug(""Error while evaluating XPath expression for inklist gestures"", e);",src/PdfBox.Net/PDModel/Fdf/FDFAnnotationInk.cs,absent-region,,The Java XML ink-list parsing region containing this diagnostic is absent from the current FDF annotation port.
pdfbox/src/main/java/org/apache/pdfbox/pdmodel/fdf/FDFAnnotationLink.java,42,logger-field,,private static final Log LOG = LogFactory.getLog(FDFAnnotationLink.class);,src/PdfBox.Net/PDModel/Fdf/FDFAnnotationLink.cs,migrated,src/PdfBox.Net/PDModel/Fdf/FDFAnnotationLink.cs:36: ILogger<FDFAnnotationLink> LOG => PdfBoxLogging.CreateLogger<FDFAnnotationLink>();,
pdfbox/src/main/java/org/apache/pdfbox/pdmodel/fdf/FDFAnnotationLink.java,99,call,debug,"LOG.debug(""Error while evaluating XPath expression"", e);",src/PdfBox.Net/PDModel/Fdf/FDFAnnotationLink.cs,absent-region,,The Java XML link parsing region containing this diagnostic is absent from the current FDF annotation port.
pdfbox/src/main/java/org/apache/pdfbox/pdmodel/fdf/FDFAnnotationPolygon.java,41,logger-field,,private static final Log LOG = LogFactory.getLog(FDFAnnotationPolygon.class);,src/PdfBox.Net/PDModel/Fdf/FDFAnnotationPolygon.cs,migrated,src/PdfBox.Net/PDModel/Fdf/FDFAnnotationPolygon.cs:34: ILogger<FDFAnnotationPolygon> LOG => PdfBoxLogging.CreateLogger<FDFAnnotationPolygon>();,
pdfbox/src/main/java/org/apache/pdfbox/pdmodel/fdf/FDFAnnotationPolygon.java,103,call,debug,"LOG.debug(""Error while evaluating XPath expression for polygon vertices"", e);",src/PdfBox.Net/PDModel/Fdf/FDFAnnotationPolygon.cs,absent-region,,The Java XML vertex parsing region containing this diagnostic is absent from the current FDF annotation port.
pdfbox/src/main/java/org/apache/pdfbox/pdmodel/fdf/FDFAnnotationPolyline.java,42,logger-field,,private static final Log LOG = LogFactory.getLog(FDFAnnotationPolyline.class);,src/PdfBox.Net/PDModel/Fdf/FDFAnnotationPolyline.cs,migrated,src/PdfBox.Net/PDModel/Fdf/FDFAnnotationPolyline.cs:34: ILogger<FDFAnnotationPolyline> LOG => PdfBoxLogging.CreateLogger<FDFAnnotationPolyline>();,
pdfbox/src/main/java/org/apache/pdfbox/pdmodel/fdf/FDFAnnotationPolyline.java,99,call,debug,"LOG.debug(""Error while evaluating XPath expression for polyline vertices"", e);",src/PdfBox.Net/PDModel/Fdf/FDFAnnotationPolyline.cs,absent-region,,The Java XML vertex parsing region containing this diagnostic is absent from the current FDF annotation port.
pdfbox/src/main/java/org/apache/pdfbox/pdmodel/fdf/FDFAnnotationStamp.java,52,logger-field,,private static final Log LOG = LogFactory.getLog(FDFAnnotationStamp.class);,src/PdfBox.Net/PDModel/Fdf/FDFAnnotationStamp.cs,migrated,src/PdfBox.Net/PDModel/Fdf/FDFAnnotationStamp.cs:34: ILogger<FDFAnnotationStamp> LOG => PdfBoxLogging.CreateLogger<FDFAnnotationStamp>();,
pdfbox/src/main/java/org/apache/pdfbox/pdmodel/fdf/FDFAnnotationStamp.java,95,call,debug,"LOG.debug(""Get the DOM Document for the stamp appearance"");",src/PdfBox.Net/PDModel/Fdf/FDFAnnotationStamp.cs,absent-region,,The current stamp annotation is a model stub and does not contain the Java embedded-appearance XML/base64/resource parsing implementation that owns these diagnostics.
pdfbox/src/main/java/org/apache/pdfbox/pdmodel/fdf/FDFAnnotationStamp.java,104,call,error,"LOG.error(""Error while evaluating XPath expression for appearance: "" + e);",src/PdfBox.Net/PDModel/Fdf/FDFAnnotationStamp.cs,absent-region,,The current stamp annotation is a model stub and does not contain the Java embedded-appearance XML/base64/resource parsing implementation that owns these diagnostics.
pdfbox/src/main/java/org/apache/pdfbox/pdmodel/fdf/FDFAnnotationStamp.java,114,call,error,"LOG.error(""Bad base64 encoded appearance ignored"", ex);",src/PdfBox.Net/PDModel/Fdf/FDFAnnotationStamp.cs,absent-region,,The current stamp annotation is a model stub and does not contain the Java embedded-appearance XML/base64/resource parsing implementation that owns these diagnostics.
pdfbox/src/main/java/org/apache/pdfbox/pdmodel/fdf/FDFAnnotationStamp.java,119,call,debug,"LOG.debug(""Decoded XML: "" + new String(decodedAppearanceXML, StandardCharsets.UTF_8));",src/PdfBox.Net/PDModel/Fdf/FDFAnnotationStamp.cs,absent-region,,The current stamp annotation is a model stub and does not contain the Java embedded-appearance XML/base64/resource parsing implementation that owns these diagnostics.
pdfbox/src/main/java/org/apache/pdfbox/pdmodel/fdf/FDFAnnotationStamp.java,132,call,debug,"LOG.debug(""Generate and set the appearance dictionary to the stamp annotation"");",src/PdfBox.Net/PDModel/Fdf/FDFAnnotationStamp.cs,absent-region,,The current stamp annotation is a model stub and does not contain the Java embedded-appearance XML/base64/resource parsing implementation that owns these diagnostics.
pdfbox/src/main/java/org/apache/pdfbox/pdmodel/fdf/FDFAnnotationStamp.java,147,call,debug,"LOG.debug(""Build dictionary for Appearance based on the appearanceXML"");",src/PdfBox.Net/PDModel/Fdf/FDFAnnotationStamp.cs,absent-region,,The current stamp annotation is a model stub and does not contain the Java embedded-appearance XML/base64/resource parsing implementation that owns these diagnostics.
pdfbox/src/main/java/org/apache/pdfbox/pdmodel/fdf/FDFAnnotationStamp.java,151,call,debug,"LOG.debug(""Appearance Root - tag: "" + appearanceXML.getTagName() + "", name: "" + appearanceXML.getNodeName() + "", key: "" + parentAttrKey + "", children: "" + nodeList.getLength());",src/PdfBox.Net/PDModel/Fdf/FDFAnnotationStamp.cs,absent-region,,The current stamp annotation is a model stub and does not contain the Java embedded-appearance XML/base64/resource parsing implementation that owns these diagnostics.
pdfbox/src/main/java/org/apache/pdfbox/pdmodel/fdf/FDFAnnotationStamp.java,158,call,warn,"LOG.warn(parentAttrKey + "" => Not handling element: "" + appearanceXML.getTagName() + "" with key: "" + appearanceXML.getAttribute(""KEY""));",src/PdfBox.Net/PDModel/Fdf/FDFAnnotationStamp.cs,absent-region,,The current stamp annotation is a model stub and does not contain the Java embedded-appearance XML/base64/resource parsing implementation that owns these diagnostics.
pdfbox/src/main/java/org/apache/pdfbox/pdmodel/fdf/FDFAnnotationStamp.java,171,call,debug,"LOG.debug(parentAttrKey + "" => Process "" + child.getAttribute(""KEY"") + "" item in the dictionary after processing the "" + childTagName);",src/PdfBox.Net/PDModel/Fdf/FDFAnnotationStamp.cs,absent-region,,The current stamp annotation is a model stub and does not contain the Java embedded-appearance XML/base64/resource parsing implementation that owns these diagnostics.
pdfbox/src/main/java/org/apache/pdfbox/pdmodel/fdf/FDFAnnotationStamp.java,176,call,debug,"LOG.debug(parentAttrKey + "" => Set "" + child.getAttribute(""KEY""));",src/PdfBox.Net/PDModel/Fdf/FDFAnnotationStamp.cs,absent-region,,The current stamp annotation is a model stub and does not contain the Java embedded-appearance XML/base64/resource parsing implementation that owns these diagnostics.
pdfbox/src/main/java/org/apache/pdfbox/pdmodel/fdf/FDFAnnotationStamp.java,180,call,warn,"LOG.warn(parentAttrKey + "" => Not handling element: "" + childTagName);",src/PdfBox.Net/PDModel/Fdf/FDFAnnotationStamp.cs,absent-region,,The current stamp annotation is a model stub and does not contain the Java embedded-appearance XML/base64/resource parsing implementation that owns these diagnostics.
pdfbox/src/main/java/org/apache/pdfbox/pdmodel/fdf/FDFAnnotationStamp.java,189,call,debug,"LOG.debug(""Parse "" + streamEl.getAttribute(""KEY"") + "" Stream"");",src/PdfBox.Net/PDModel/Fdf/FDFAnnotationStamp.cs,absent-region,,The current stamp annotation is a model stub and does not contain the Java embedded-appearance XML/base64/resource parsing implementation that owns these diagnostics.
pdfbox/src/main/java/org/apache/pdfbox/pdmodel/fdf/FDFAnnotationStamp.java,204,call,debug,"LOG.debug(parentAttrKey + "" => reading child: "" + child.getTagName() + "" with key: "" + childAttrKey);",src/PdfBox.Net/PDModel/Fdf/FDFAnnotationStamp.cs,absent-region,,The current stamp annotation is a model stub and does not contain the Java embedded-appearance XML/base64/resource parsing implementation that owns these diagnostics.
pdfbox/src/main/java/org/apache/pdfbox/pdmodel/fdf/FDFAnnotationStamp.java,208,call,warn,"LOG.warn(parentAttrKey + "" => Not handling child element: null"");",src/PdfBox.Net/PDModel/Fdf/FDFAnnotationStamp.cs,absent-region,,The current stamp annotation is a model stub and does not contain the Java embedded-appearance XML/base64/resource parsing implementation that owns these diagnostics.
pdfbox/src/main/java/org/apache/pdfbox/pdmodel/fdf/FDFAnnotationStamp.java,217,call,debug,"LOG.debug(parentAttrKey + "" => Set "" + childAttrKey + "": "" + childAttrVal);",src/PdfBox.Net/PDModel/Fdf/FDFAnnotationStamp.cs,absent-region,,The current stamp annotation is a model stub and does not contain the Java embedded-appearance XML/base64/resource parsing implementation that owns these diagnostics.
pdfbox/src/main/java/org/apache/pdfbox/pdmodel/fdf/FDFAnnotationStamp.java,222,call,debug,"LOG.debug(parentAttrKey + "" => Set "" + childAttrKey + "": "" + childAttrVal);",src/PdfBox.Net/PDModel/Fdf/FDFAnnotationStamp.cs,absent-region,,The current stamp annotation is a model stub and does not contain the Java embedded-appearance XML/base64/resource parsing implementation that owns these diagnostics.
pdfbox/src/main/java/org/apache/pdfbox/pdmodel/fdf/FDFAnnotationStamp.java,226,call,debug,"LOG.debug(parentAttrKey + "" => Set "" + childAttrKey + "": "" + childAttrVal);",src/PdfBox.Net/PDModel/Fdf/FDFAnnotationStamp.cs,absent-region,,The current stamp annotation is a model stub and does not contain the Java embedded-appearance XML/base64/resource parsing implementation that owns these diagnostics.
pdfbox/src/main/java/org/apache/pdfbox/pdmodel/fdf/FDFAnnotationStamp.java,230,call,debug,"LOG.debug(parentAttrKey + "" => Set "" + childAttrVal);",src/PdfBox.Net/PDModel/Fdf/FDFAnnotationStamp.cs,absent-region,,The current stamp annotation is a model stub and does not contain the Java embedded-appearance XML/base64/resource parsing implementation that owns these diagnostics.
pdfbox/src/main/java/org/apache/pdfbox/pdmodel/fdf/FDFAnnotationStamp.java,234,call,debug,"LOG.debug(parentAttrKey + "" => Set "" + childAttrKey);",src/PdfBox.Net/PDModel/Fdf/FDFAnnotationStamp.cs,absent-region,,The current stamp annotation is a model stub and does not contain the Java embedded-appearance XML/base64/resource parsing implementation that owns these diagnostics.
pdfbox/src/main/java/org/apache/pdfbox/pdmodel/fdf/FDFAnnotationStamp.java,238,call,debug,"LOG.debug(parentAttrKey + "" => Set "" + childAttrKey);",src/PdfBox.Net/PDModel/Fdf/FDFAnnotationStamp.cs,absent-region,,The current stamp annotation is a model stub and does not contain the Java embedded-appearance XML/base64/resource parsing implementation that owns these diagnostics.
pdfbox/src/main/java/org/apache/pdfbox/pdmodel/fdf/FDFAnnotationStamp.java,242,call,debug,"LOG.debug(parentAttrKey + "" => Set "" + childAttrKey);",src/PdfBox.Net/PDModel/Fdf/FDFAnnotationStamp.cs,absent-region,,The current stamp annotation is a model stub and does not contain the Java embedded-appearance XML/base64/resource parsing implementation that owns these diagnostics.
pdfbox/src/main/java/org/apache/pdfbox/pdmodel/fdf/FDFAnnotationStamp.java,246,call,debug,"LOG.debug(parentAttrKey + "" => Handling DATA with encoding: "" + childEncodingAttr);",src/PdfBox.Net/PDModel/Fdf/FDFAnnotationStamp.cs,absent-region,,The current stamp annotation is a model stub and does not contain the Java embedded-appearance XML/base64/resource parsing implementation that owns these diagnostics.
pdfbox/src/main/java/org/apache/pdfbox/pdmodel/fdf/FDFAnnotationStamp.java,252,call,debug,"LOG.debug(parentAttrKey + "" => Data was streamed"");",src/PdfBox.Net/PDModel/Fdf/FDFAnnotationStamp.cs,absent-region,,The current stamp annotation is a model stub and does not contain the Java embedded-appearance XML/base64/resource parsing implementation that owns these diagnostics.
pdfbox/src/main/java/org/apache/pdfbox/pdmodel/fdf/FDFAnnotationStamp.java,269,call,debug,"LOG.debug(parentAttrKey + "" => Data was streamed"");",src/PdfBox.Net/PDModel/Fdf/FDFAnnotationStamp.cs,absent-region,,The current stamp annotation is a model stub and does not contain the Java embedded-appearance XML/base64/resource parsing implementation that owns these diagnostics.
pdfbox/src/main/java/org/apache/pdfbox/pdmodel/fdf/FDFAnnotationStamp.java,274,call,warn,"LOG.warn(parentAttrKey + "" => Not handling element DATA encoding: "" + childEncodingAttr);",src/PdfBox.Net/PDModel/Fdf/FDFAnnotationStamp.cs,absent-region,,The current stamp annotation is a model stub and does not contain the Java embedded-appearance XML/base64/resource parsing implementation that owns these diagnostics.
pdfbox/src/main/java/org/apache/pdfbox/pdmodel/fdf/FDFAnnotationStamp.java,279,call,warn,"LOG.warn(parentAttrKey + "" => Not handling child element: "" + childTagName);",src/PdfBox.Net/PDModel/Fdf/FDFAnnotationStamp.cs,absent-region,,The current stamp annotation is a model stub and does not contain the Java embedded-appearance XML/base64/resource parsing implementation that owns these diagnostics.
pdfbox/src/main/java/org/apache/pdfbox/pdmodel/fdf/FDFAnnotationStamp.java,290,call,debug,"LOG.debug(""Parse "" + arrayEl.getAttribute(""KEY"") + "" Array"");",src/PdfBox.Net/PDModel/Fdf/FDFAnnotationStamp.cs,absent-region,,The current stamp annotation is a model stub and does not contain the Java embedded-appearance XML/base64/resource parsing implementation that owns these diagnostics.
pdfbox/src/main/java/org/apache/pdfbox/pdmodel/fdf/FDFAnnotationStamp.java,316,call,debug,"LOG.debug(parentAttrKey + "" => reading child: "" + childTagName + "" with key: "" + childAttrKey);",src/PdfBox.Net/PDModel/Fdf/FDFAnnotationStamp.cs,absent-region,,The current stamp annotation is a model stub and does not contain the Java embedded-appearance XML/base64/resource parsing implementation that owns these diagnostics.
pdfbox/src/main/java/org/apache/pdfbox/pdmodel/fdf/FDFAnnotationStamp.java,320,call,warn,"LOG.warn(parentAttrKey + "" => Not handling child element: null"");",src/PdfBox.Net/PDModel/Fdf/FDFAnnotationStamp.cs,absent-region,,The current stamp annotation is a model stub and does not contain the Java embedded-appearance XML/base64/resource parsing implementation that owns these diagnostics.
pdfbox/src/main/java/org/apache/pdfbox/pdmodel/fdf/FDFAnnotationStamp.java,327,call,debug,"LOG.debug(parentAttrKey + "" value("" + i + ""): "" + childAttrVal);",src/PdfBox.Net/PDModel/Fdf/FDFAnnotationStamp.cs,absent-region,,The current stamp annotation is a model stub and does not contain the Java embedded-appearance XML/base64/resource parsing implementation that owns these diagnostics.
pdfbox/src/main/java/org/apache/pdfbox/pdmodel/fdf/FDFAnnotationStamp.java,331,call,debug,"LOG.debug(parentAttrKey + "" value("" + i + ""): "" + childAttrVal);",src/PdfBox.Net/PDModel/Fdf/FDFAnnotationStamp.cs,absent-region,,The current stamp annotation is a model stub and does not contain the Java embedded-appearance XML/base64/resource parsing implementation that owns these diagnostics.
pdfbox/src/main/java/org/apache/pdfbox/pdmodel/fdf/FDFAnnotationStamp.java,335,call,debug,"LOG.debug(parentAttrKey + "" value("" + i + ""): "" + childAttrVal);",src/PdfBox.Net/PDModel/Fdf/FDFAnnotationStamp.cs,absent-region,,The current stamp annotation is a model stub and does not contain the Java embedded-appearance XML/base64/resource parsing implementation that owns these diagnostics.
pdfbox/src/main/java/org/apache/pdfbox/pdmodel/fdf/FDFAnnotationStamp.java,339,call,debug,"LOG.debug(parentAttrKey + "" value("" + i + ""): "" + childAttrVal);",src/PdfBox.Net/PDModel/Fdf/FDFAnnotationStamp.cs,absent-region,,The current stamp annotation is a model stub and does not contain the Java embedded-appearance XML/base64/resource parsing implementation that owns these diagnostics.
pdfbox/src/main/java/org/apache/pdfbox/pdmodel/fdf/FDFAnnotationStamp.java,343,call,debug,"LOG.debug(parentAttrKey + "" value("" + i + ""): "" + childAttrVal);",src/PdfBox.Net/PDModel/Fdf/FDFAnnotationStamp.cs,absent-region,,The current stamp annotation is a model stub and does not contain the Java embedded-appearance XML/base64/resource parsing implementation that owns these diagnostics.
pdfbox/src/main/java/org/apache/pdfbox/pdmodel/fdf/FDFAnnotationStamp.java,347,call,debug,"LOG.debug(parentAttrKey + "" value("" + i + ""): "" + childAttrVal);",src/PdfBox.Net/PDModel/Fdf/FDFAnnotationStamp.cs,absent-region,,The current stamp annotation is a model stub and does not contain the Java embedded-appearance XML/base64/resource parsing implementation that owns these diagnostics.
pdfbox/src/main/java/org/apache/pdfbox/pdmodel/fdf/FDFAnnotationStamp.java,351,call,warn,"LOG.warn(parentAttrKey + "" => Not handling child element: "" + childTagName);",src/PdfBox.Net/PDModel/Fdf/FDFAnnotationStamp.cs,absent-region,,The current stamp annotation is a model stub and does not contain the Java embedded-appearance XML/base64/resource parsing implementation that owns these diagnostics.
pdfbox/src/main/java/org/apache/pdfbox/pdmodel/fdf/FDFAnnotationStamp.java,362,call,debug,"LOG.debug(""Parse "" + dictEl.getAttribute(""KEY"") + "" Dictionary"");",src/PdfBox.Net/PDModel/Fdf/FDFAnnotationStamp.cs,absent-region,,The current stamp annotation is a model stub and does not contain the Java embedded-appearance XML/base64/resource parsing implementation that owns these diagnostics.
pdfbox/src/main/java/org/apache/pdfbox/pdmodel/fdf/FDFAnnotationStamp.java,380,call,warn,"LOG.warn(parentAttrKey + "" => NOT handling child element: null"");",src/PdfBox.Net/PDModel/Fdf/FDFAnnotationStamp.cs,absent-region,,The current stamp annotation is a model stub and does not contain the Java embedded-appearance XML/base64/resource parsing implementation that owns these diagnostics.
pdfbox/src/main/java/org/apache/pdfbox/pdmodel/fdf/FDFAnnotationStamp.java,386,call,debug,"LOG.debug(parentAttrKey + "" => Handling DICT element with key: "" + childAttrKey);",src/PdfBox.Net/PDModel/Fdf/FDFAnnotationStamp.cs,absent-region,,The current stamp annotation is a model stub and does not contain the Java embedded-appearance XML/base64/resource parsing implementation that owns these diagnostics.
pdfbox/src/main/java/org/apache/pdfbox/pdmodel/fdf/FDFAnnotationStamp.java,388,call,debug,"LOG.debug(parentAttrKey + "" => Set "" + childAttrKey);",src/PdfBox.Net/PDModel/Fdf/FDFAnnotationStamp.cs,absent-region,,The current stamp annotation is a model stub and does not contain the Java embedded-appearance XML/base64/resource parsing implementation that owns these diagnostics.
pdfbox/src/main/java/org/apache/pdfbox/pdmodel/fdf/FDFAnnotationStamp.java,391,call,debug,"LOG.debug(parentAttrKey + "" => Handling STREAM element with key: "" + childAttrKey);",src/PdfBox.Net/PDModel/Fdf/FDFAnnotationStamp.cs,absent-region,,The current stamp annotation is a model stub and does not contain the Java embedded-appearance XML/base64/resource parsing implementation that owns these diagnostics.
pdfbox/src/main/java/org/apache/pdfbox/pdmodel/fdf/FDFAnnotationStamp.java,395,call,debug,"LOG.debug(parentAttrKey + "" => Handling NAME element with key: "" + childAttrKey);",src/PdfBox.Net/PDModel/Fdf/FDFAnnotationStamp.cs,absent-region,,The current stamp annotation is a model stub and does not contain the Java embedded-appearance XML/base64/resource parsing implementation that owns these diagnostics.
pdfbox/src/main/java/org/apache/pdfbox/pdmodel/fdf/FDFAnnotationStamp.java,397,call,debug,"LOG.debug(parentAttrKey + "" => Set "" + childAttrKey + "": "" + childAttrVal);",src/PdfBox.Net/PDModel/Fdf/FDFAnnotationStamp.cs,absent-region,,The current stamp annotation is a model stub and does not contain the Java embedded-appearance XML/base64/resource parsing implementation that owns these diagnostics.
pdfbox/src/main/java/org/apache/pdfbox/pdmodel/fdf/FDFAnnotationStamp.java,401,call,debug,"LOG.debug(parentAttrKey + "" => Set "" + childAttrKey + "": "" + childAttrVal);",src/PdfBox.Net/PDModel/Fdf/FDFAnnotationStamp.cs,absent-region,,The current stamp annotation is a model stub and does not contain the Java embedded-appearance XML/base64/resource parsing implementation that owns these diagnostics.
pdfbox/src/main/java/org/apache/pdfbox/pdmodel/fdf/FDFAnnotationStamp.java,405,call,debug,"LOG.debug(parentAttrKey + "" => Set "" + childAttrKey + "": "" + childAttrVal);",src/PdfBox.Net/PDModel/Fdf/FDFAnnotationStamp.cs,absent-region,,The current stamp annotation is a model stub and does not contain the Java embedded-appearance XML/base64/resource parsing implementation that owns these diagnostics.
pdfbox/src/main/java/org/apache/pdfbox/pdmodel/fdf/FDFAnnotationStamp.java,409,call,debug,"LOG.debug(parentAttrKey + "" => Set "" + childAttrVal);",src/PdfBox.Net/PDModel/Fdf/FDFAnnotationStamp.cs,absent-region,,The current stamp annotation is a model stub and does not contain the Java embedded-appearance XML/base64/resource parsing implementation that owns these diagnostics.
pdfbox/src/main/java/org/apache/pdfbox/pdmodel/fdf/FDFAnnotationStamp.java,413,call,debug,"LOG.debug(parentAttrKey + "" => Set "" + childAttrKey);",src/PdfBox.Net/PDModel/Fdf/FDFAnnotationStamp.cs,absent-region,,The current stamp annotation is a model stub and does not contain the Java embedded-appearance XML/base64/resource parsing implementation that owns these diagnostics.
pdfbox/src/main/java/org/apache/pdfbox/pdmodel/fdf/FDFAnnotationStamp.java,416,call,warn,"LOG.warn(parentAttrKey + "" => NOT handling child element: "" + childTagName);",src/PdfBox.Net/PDModel/Fdf/FDFAnnotationStamp.cs,absent-region,,The current stamp annotation is a model stub and does not contain the Java embedded-appearance XML/base64/resource parsing implementation that owns these diagnostics.
pdfbox/src/main/java/org/apache/pdfbox/pdmodel/fdf/FDFDictionary.java,47,logger-field,,private static final Log LOG = LogFactory.getLog(FDFDictionary.class);,src/PdfBox.Net/PDModel/Fdf/FDFDictionary.cs,migrated,src/PdfBox.Net/PDModel/Fdf/FDFDictionary.cs:37: ILogger<FDFDictionary> LOG => PdfBoxLogging.CreateLogger<FDFDictionary>();,
pdfbox/src/main/java/org/apache/pdfbox/pdmodel/fdf/FDFDictionary.java,101,call,warn,"LOG.warn(""Error parsing ID entry for attribute 'original' ["" + original + ""]. ID entry ignored."", e);",src/PdfBox.Net/PDModel/Fdf/FDFDictionary.cs,migrated,"src/PdfBox.Net/PDModel/Fdf/FDFDictionary.cs:354: LOG.LogWarning(ex, ""Error parsing ID entry for attribute '{AttributeName}' [{Id}]. ID entry ignored."", attributeName, hex);",Consolidated target site: One C# attribute-name helper represents the separate Java original-ID and modified-ID catches.
pdfbox/src/main/java/org/apache/pdfbox/pdmodel/fdf/FDFDictionary.java,110,call,warn,"LOG.warn(""Error parsing ID entry for attribute 'modified' ["" + modified + ""]. ID entry ignored."", e);",src/PdfBox.Net/PDModel/Fdf/FDFDictionary.cs,migrated,"src/PdfBox.Net/PDModel/Fdf/FDFDictionary.cs:354: LOG.LogWarning(ex, ""Error parsing ID entry for attribute '{AttributeName}' [{Id}]. ID entry ignored."", attributeName, hex);",
pdfbox/src/main/java/org/apache/pdfbox/pdmodel/fdf/FDFDictionary.java,130,call,warn,"LOG.warn(""Error parsing field entry ["" + currentNode.getNodeValue() + ""]. Field ignored."", e);",src/PdfBox.Net/PDModel/Fdf/FDFDictionary.cs,migrated,"src/PdfBox.Net/PDModel/Fdf/FDFDictionary.cs:89: LOG.LogWarning(ex, ""Error parsing field entry [{FieldValue}]. Field ignored."", field.Value);",
pdfbox/src/main/java/org/apache/pdfbox/pdmodel/fdf/FDFDictionary.java,204,call,warn,"LOG.warn(""Unknown or unsupported annotation type '"" + annotationName + ""'"");",src/PdfBox.Net/PDModel/Fdf/FDFDictionary.cs,migrated,"src/PdfBox.Net/PDModel/Fdf/FDFDictionary.cs:109: LOG.LogWarning(""Unknown or unsupported annotation type '{AnnotationType}'"", annotationElement.LocalName);",
pdfbox/src/main/java/org/apache/pdfbox/pdmodel/fdf/FDFDictionary.java,211,call,warn,"LOG.warn(""Error parsing annotation information ["" + annot.getNodeValue() + ""]. Annotation ignored"", e);",src/PdfBox.Net/PDModel/Fdf/FDFDictionary.cs,migrated,"src/PdfBox.Net/PDModel/Fdf/FDFDictionary.cs:115: LOG.LogWarning(ex, ""Error parsing annotation information [{AnnotationValue}]. Annotation ignored"", annotationElement.Value);",
pdfbox/src/main/java/org/apache/pdfbox/pdmodel/fdf/FDFDocument.java,50,logger-field,,private static final Log LOG = LogFactory.getLog(FDFDocument.class);,src/PdfBox.Net/PDModel/Fdf/FDFDocument.cs,migrated,src/PdfBox.Net/PDModel/Fdf/FDFDocument.cs:41: ILogger<FDFDocument> LOG => PdfBoxLogging.CreateLogger<FDFDocument>();,
pdfbox/src/main/java/org/apache/pdfbox/pdmodel/fdf/FDFDocument.java,282,helper-pass,,"IOUtils.closeAndLogException(document, LOG, ""COSDocument"", firstException);",src/PdfBox.Net/PDModel/Fdf/FDFDocument.cs,migrated,"src/PdfBox.Net/PDModel/Fdf/FDFDocument.cs:259: IOUtils.CloseAndLogException(_document, LOG, ""COSDocument"", firstException);",
pdfbox/src/main/java/org/apache/pdfbox/pdmodel/fdf/FDFDocument.java,287,helper-pass,,"IOUtils.closeAndLogException(fdfSource, LOG, ""RandomAccessRead pdfSource"", firstException);",src/PdfBox.Net/PDModel/Fdf/FDFDocument.cs,migrated,"src/PdfBox.Net/PDModel/Fdf/FDFDocument.cs:262: IOUtils.CloseAndLogException( _source, LOG, ""RandomAccessRead pdfSource"", firstException);",
pdfbox/src/main/java/org/apache/pdfbox/pdmodel/fixup/processor/AcroFormGenerateAppearancesProcessor.java,29,logger-field,,private static final Log LOG = LogFactory.getLog(AcroFormGenerateAppearancesProcessor.class);,src/PdfBox.Net/PDModel/Fixup/Processor/AcroFormGenerateAppearancesProcessor.cs,migrated,src/PdfBox.Net/PDModel/Fixup/Processor/AcroFormGenerateAppearancesProcessor.cs:35: ILogger<AcroFormGenerateAppearancesProcessor> LOG => PdfBoxLogging.CreateLogger<AcroFormGenerateAppearancesProcessor>();,
pdfbox/src/main/java/org/apache/pdfbox/pdmodel/fixup/processor/AcroFormGenerateAppearancesProcessor.java,51,call,debug,"LOG.debug(""trying to generate appearance streams for fields as NeedAppearances is true()"");",src/PdfBox.Net/PDModel/Fixup/Processor/AcroFormGenerateAppearancesProcessor.cs,migrated,"src/PdfBox.Net/PDModel/Fixup/Processor/AcroFormGenerateAppearancesProcessor.cs:53: LOG.LogDebug( ""trying to generate appearance streams for fields as NeedAppearances is true()"");",
pdfbox/src/main/java/org/apache/pdfbox/pdmodel/fixup/processor/AcroFormGenerateAppearancesProcessor.java,57,call,debug,"LOG.debug(""couldn't generate appearance stream for some fields - check output"");",src/PdfBox.Net/PDModel/Fixup/Processor/AcroFormGenerateAppearancesProcessor.cs,migrated,"src/PdfBox.Net/PDModel/Fixup/Processor/AcroFormGenerateAppearancesProcessor.cs:60: LOG.LogDebug(""couldn't generate appearance stream for some fields - check output"");",
pdfbox/src/main/java/org/apache/pdfbox/pdmodel/fixup/processor/AcroFormGenerateAppearancesProcessor.java,58,call,debug,LOG.debug(ex.getMessage());,src/PdfBox.Net/PDModel/Fixup/Processor/AcroFormGenerateAppearancesProcessor.cs,migrated,"src/PdfBox.Net/PDModel/Fixup/Processor/AcroFormGenerateAppearancesProcessor.cs:61: LOG.LogDebug(""{ErrorMessage}"", ex.Message);",
pdfbox/src/main/java/org/apache/pdfbox/pdmodel/fixup/processor/AcroFormOrphanWidgetsProcessor.java,55,logger-field,,private static final Log LOG = LogFactory.getLog(AcroFormOrphanWidgetsProcessor.class);,src/PdfBox.Net/PDModel/Fixup/Processor/AcroFormOrphanWidgetsProcessor.cs,migrated,src/PdfBox.Net/PDModel/Fixup/Processor/AcroFormOrphanWidgetsProcessor.cs:38: ILogger<AcroFormOrphanWidgetsProcessor> LOG => PdfBoxLogging.CreateLogger<AcroFormOrphanWidgetsProcessor>();,
pdfbox/src/main/java/org/apache/pdfbox/pdmodel/fixup/processor/AcroFormOrphanWidgetsProcessor.java,82,call,debug,"LOG.debug(""rebuilding fields from widgets"");",src/PdfBox.Net/PDModel/Fixup/Processor/AcroFormOrphanWidgetsProcessor.cs,migrated,"src/PdfBox.Net/PDModel/Fixup/Processor/AcroFormOrphanWidgetsProcessor.cs:57: LOG.LogDebug(""rebuilding fields from widgets"");",
pdfbox/src/main/java/org/apache/pdfbox/pdmodel/fixup/processor/AcroFormOrphanWidgetsProcessor.java,88,call,debug,"LOG.debug(""AcroForm default resources is null"");",src/PdfBox.Net/PDModel/Fixup/Processor/AcroFormOrphanWidgetsProcessor.cs,migrated,"src/PdfBox.Net/PDModel/Fixup/Processor/AcroFormOrphanWidgetsProcessor.cs:62: LOG.LogDebug(""AcroForm default resources is null"");",
pdfbox/src/main/java/org/apache/pdfbox/pdmodel/fixup/processor/AcroFormOrphanWidgetsProcessor.java,102,call,debug,"LOG.debug(""couldn't read annotations for page "" + ioe.getMessage());",src/PdfBox.Net/PDModel/Fixup/Processor/AcroFormOrphanWidgetsProcessor.cs,absent-region,,"The Java fallback font-mapper branch, including its debug guard, is not present in the adapted orphan-widget processor."
pdfbox/src/main/java/org/apache/pdfbox/pdmodel/fixup/processor/AcroFormOrphanWidgetsProcessor.java,176,guard,debug,LOG.isDebugEnabled(),src/PdfBox.Net/PDModel/Fixup/Processor/AcroFormOrphanWidgetsProcessor.cs,absent-region,,"The Java fallback font-mapper branch, including its debug guard, is not present in the adapted orphan-widget processor."
pdfbox/src/main/java/org/apache/pdfbox/pdmodel/fixup/processor/AcroFormOrphanWidgetsProcessor.java,178,call,debug,"LOG.debug(""added font resource to AcroForm from widget for font name "" + fontName.getName());",src/PdfBox.Net/PDModel/Fixup/Processor/AcroFormOrphanWidgetsProcessor.cs,migrated,"src/PdfBox.Net/PDModel/Fixup/Processor/AcroFormOrphanWidgetsProcessor.cs:144: LOG.LogDebug( ""added font resource to AcroForm from widget for font name {FontName}"", fontName.GetName());",
pdfbox/src/main/java/org/apache/pdfbox/pdmodel/fixup/processor/AcroFormOrphanWidgetsProcessor.java,184,call,debug,"LOG.debug(""unable to add font to AcroForm for font name "" + fontName.getName());",src/PdfBox.Net/PDModel/Fixup/Processor/AcroFormOrphanWidgetsProcessor.cs,migrated,"src/PdfBox.Net/PDModel/Fixup/Processor/AcroFormOrphanWidgetsProcessor.cs:152: LOG.LogDebug(""unable to add font to AcroForm for font name {FontName}"", fontName.GetName());",
pdfbox/src/main/java/org/apache/pdfbox/pdmodel/fixup/processor/AcroFormOrphanWidgetsProcessor.java,187,guard,debug,LOG.isDebugEnabled(),src/PdfBox.Net/PDModel/Fixup/Processor/AcroFormOrphanWidgetsProcessor.cs,absent-region,,"The Java fallback font-mapper branch, including its debug guard, is not present in the adapted orphan-widget processor."
pdfbox/src/main/java/org/apache/pdfbox/pdmodel/fixup/processor/AcroFormOrphanWidgetsProcessor.java,189,call,debug,"LOG.debug(""font resource for widget was a subsetted font - ignored: "" + fontName.getName());",src/PdfBox.Net/PDModel/Fixup/Processor/AcroFormOrphanWidgetsProcessor.cs,migrated,"src/PdfBox.Net/PDModel/Fixup/Processor/AcroFormOrphanWidgetsProcessor.cs:131: LOG.LogDebug(""font resource for widget was a subsetted font - ignored: {FontName}"", fontName.GetName());",
pdfbox/src/main/java/org/apache/pdfbox/pdmodel/fixup/processor/AcroFormOrphanWidgetsProcessor.java,205,call,warn,"LOG.warn(""Field ignored: "" + parent);",src/PdfBox.Net/PDModel/Fixup/Processor/AcroFormOrphanWidgetsProcessor.cs,migrated,"src/PdfBox.Net/PDModel/Fixup/Processor/AcroFormOrphanWidgetsProcessor.cs:167: LOG.LogWarning(""Field ignored: {Field}"", rootParent);",
pdfbox/src/main/java/org/apache/pdfbox/pdmodel/fixup/processor/AcroFormOrphanWidgetsProcessor.java,249,guard,debug,LOG.isDebugEnabled(),src/PdfBox.Net/PDModel/Fixup/Processor/AcroFormOrphanWidgetsProcessor.cs,absent-region,,"The Java fallback font-mapper branch, including its debug guard, is not present in the adapted orphan-widget processor."
pdfbox/src/main/java/org/apache/pdfbox/pdmodel/fixup/processor/AcroFormOrphanWidgetsProcessor.java,251,call,debug,"LOG.debug(""trying to add missing font resource for field "" + field.getFullyQualifiedName());",src/PdfBox.Net/PDModel/Fixup/Processor/AcroFormOrphanWidgetsProcessor.cs,migrated,"src/PdfBox.Net/PDModel/Fixup/Processor/AcroFormOrphanWidgetsProcessor.cs:211: LOG.LogDebug(""trying to add missing font resource for field {FieldName}"", field.GetFullyQualifiedName());",
pdfbox/src/main/java/org/apache/pdfbox/pdmodel/fixup/processor/AcroFormOrphanWidgetsProcessor.java,258,guard,debug,LOG.isDebugEnabled(),src/PdfBox.Net/PDModel/Fixup/Processor/AcroFormOrphanWidgetsProcessor.cs,absent-region,,"The Java fallback font-mapper branch, including its debug guard, is not present in the adapted orphan-widget processor."
pdfbox/src/main/java/org/apache/pdfbox/pdmodel/fixup/processor/AcroFormOrphanWidgetsProcessor.java,260,call,debug,"LOG.debug(""looked up font for "" + fontName.getName() + "" - found "" + fontMapping.getFont().getName());",src/PdfBox.Net/PDModel/Fixup/Processor/AcroFormOrphanWidgetsProcessor.cs,absent-region,,"The Java fallback font-mapper branch, including its debug guard, is not present in the adapted orphan-widget processor."
pdfbox/src/main/java/org/apache/pdfbox/pdmodel/fixup/processor/AcroFormOrphanWidgetsProcessor.java,264,guard,debug,LOG.isDebugEnabled(),src/PdfBox.Net/PDModel/Fixup/Processor/AcroFormOrphanWidgetsProcessor.cs,absent-region,,"The Java fallback font-mapper branch, including its debug guard, is not present in the adapted orphan-widget processor."
pdfbox/src/main/java/org/apache/pdfbox/pdmodel/fixup/processor/AcroFormOrphanWidgetsProcessor.java,266,call,debug,"LOG.debug(""no suitable font found for field "" + field.getFullyQualifiedName() + "" for font name "" + fontName.getName());",src/PdfBox.Net/PDModel/Fixup/Processor/AcroFormOrphanWidgetsProcessor.cs,absent-region,,"The Java fallback font-mapper branch, including its debug guard, is not present in the adapted orphan-widget processor."
pdfbox/src/main/java/org/apache/pdfbox/pdmodel/fixup/processor/AcroFormOrphanWidgetsProcessor.java,272,call,debug,"LOG.debug(""unable to handle font resources for field "" + field.getFullyQualifiedName() + "": "" + ioe.getMessage());",src/PdfBox.Net/PDModel/Fixup/Processor/AcroFormOrphanWidgetsProcessor.cs,absent-region,,"The Java fallback font-mapper branch, including its debug guard, is not present in the adapted orphan-widget processor."
pdfbox/src/main/java/org/apache/pdfbox/pdmodel/font/FileSystemFontProvider.java,60,logger-field,,private static final Log LOG = LogFactory.getLog(FileSystemFontProvider.class);,src/PdfBox.Net/PDModel/Font/FileSystemFontProvider.cs,migrated,src/PdfBox.Net/PDModel/Font/FileSystemFontProvider.cs:34: ILogger<FileSystemFontProvider> LOG => PdfBoxLogging.CreateLogger<FileSystemFontProvider>();,
pdfbox/src/main/java/org/apache/pdfbox/pdmodel/font/FileSystemFontProvider.java,209,guard,debug,LOG.isDebugEnabled(),src/PdfBox.Net/PDModel/Font/FileSystemFontProvider.cs,migrated,src/PdfBox.Net/PDModel/Font/FileSystemFontProvider.cs:175: LOG.IsEnabled(LogLevel.Debug),
pdfbox/src/main/java/org/apache/pdfbox/pdmodel/font/FileSystemFontProvider.java,211,call,debug,"LOG.debug(""Loaded "" + postScriptName + "" from "" + file);",src/PdfBox.Net/PDModel/Font/FileSystemFontProvider.cs,migrated,"src/PdfBox.Net/PDModel/Font/FileSystemFontProvider.cs:177: LOG.LogDebug(""Loaded {PostScriptName} from {FontFile}"", postScriptName, file);",Consolidated target site: The shared C# AddFont helper represents this Java format-specific loaded-font diagnostic.
pdfbox/src/main/java/org/apache/pdfbox/pdmodel/font/FileSystemFontProvider.java,217,call,warn,"LOG.warn(""Could not load font file: "" + file, e);",src/PdfBox.Net/PDModel/Font/FileSystemFontProvider.cs,absent-region,,"These diagnostics belong to Java platform-specific font formats, cache, registry, filesystem, and fallback discovery regions that are absent from the smaller .NET provider."
pdfbox/src/main/java/org/apache/pdfbox/pdmodel/font/FileSystemFontProvider.java,271,call,error,"LOG.error(ex.getMessage(), ex);",src/PdfBox.Net/PDModel/Font/FileSystemFontProvider.cs,migrated,"src/PdfBox.Net/PDModel/Font/FileSystemFontProvider.cs:129: LOG.LogError(ex, ""Error accessing the file system"");",
pdfbox/src/main/java/org/apache/pdfbox/pdmodel/font/FileSystemFontProvider.java,286,guard,debug,LOG.isDebugEnabled(),src/PdfBox.Net/PDModel/Font/FileSystemFontProvider.cs,absent-region,,"These diagnostics belong to Java platform-specific font formats, cache, registry, filesystem, and fallback discovery regions that are absent from the smaller .NET provider."
pdfbox/src/main/java/org/apache/pdfbox/pdmodel/font/FileSystemFontProvider.java,288,call,debug,"LOG.debug(""Loaded "" + postScriptName + "" from "" + file);",src/PdfBox.Net/PDModel/Font/FileSystemFontProvider.cs,migrated,"src/PdfBox.Net/PDModel/Font/FileSystemFontProvider.cs:177: LOG.LogDebug(""Loaded {PostScriptName} from {FontFile}"", postScriptName, file);",Consolidated target site: The shared C# AddFont helper represents this Java format-specific loaded-font diagnostic.
pdfbox/src/main/java/org/apache/pdfbox/pdmodel/font/FileSystemFontProvider.java,294,call,warn,"LOG.warn(""Could not load font file: "" + file, e);",src/PdfBox.Net/PDModel/Font/FileSystemFontProvider.cs,absent-region,,"These diagnostics belong to Java platform-specific font formats, cache, registry, filesystem, and fallback discovery regions that are absent from the smaller .NET provider."
pdfbox/src/main/java/org/apache/pdfbox/pdmodel/font/FileSystemFontProvider.java,305,guard,debug,LOG.isDebugEnabled(),src/PdfBox.Net/PDModel/Font/FileSystemFontProvider.cs,absent-region,,"These diagnostics belong to Java platform-specific font formats, cache, registry, filesystem, and fallback discovery regions that are absent from the smaller .NET provider."
pdfbox/src/main/java/org/apache/pdfbox/pdmodel/font/FileSystemFontProvider.java,307,call,debug,"LOG.debug(""Loaded "" + postScriptName + "" from "" + file);",src/PdfBox.Net/PDModel/Font/FileSystemFontProvider.cs,migrated,"src/PdfBox.Net/PDModel/Font/FileSystemFontProvider.cs:177: LOG.LogDebug(""Loaded {PostScriptName} from {FontFile}"", postScriptName, file);",
pdfbox/src/main/java/org/apache/pdfbox/pdmodel/font/FileSystemFontProvider.java,313,call,warn,"LOG.warn(""Could not load font file: "" + file, e);",src/PdfBox.Net/PDModel/Font/FileSystemFontProvider.cs,absent-region,,"These diagnostics belong to Java platform-specific font formats, cache, registry, filesystem, and fallback discovery regions that are absent from the smaller .NET provider."
pdfbox/src/main/java/org/apache/pdfbox/pdmodel/font/FileSystemFontProvider.java,341,guard,trace,LOG.isTraceEnabled(),src/PdfBox.Net/PDModel/Font/FileSystemFontProvider.cs,migrated,src/PdfBox.Net/PDModel/Font/FileSystemFontProvider.cs:45: LOG.IsEnabled(LogLevel.Trace),
pdfbox/src/main/java/org/apache/pdfbox/pdmodel/font/FileSystemFontProvider.java,343,call,trace,"LOG.trace(""Will search the local system for fonts"");",src/PdfBox.Net/PDModel/Font/FileSystemFontProvider.cs,migrated,"src/PdfBox.Net/PDModel/Font/FileSystemFontProvider.cs:47: LOG.LogTrace(""Will search the local system for fonts"");",
pdfbox/src/main/java/org/apache/pdfbox/pdmodel/font/FileSystemFontProvider.java,355,guard,trace,LOG.isTraceEnabled(),src/PdfBox.Net/PDModel/Font/FileSystemFontProvider.cs,migrated,src/PdfBox.Net/PDModel/Font/FileSystemFontProvider.cs:65: LOG.IsEnabled(LogLevel.Trace),
pdfbox/src/main/java/org/apache/pdfbox/pdmodel/font/FileSystemFontProvider.java,357,call,trace,"LOG.trace(""Found "" + files.size() + "" fonts on the local system"");",src/PdfBox.Net/PDModel/Font/FileSystemFontProvider.cs,migrated,"src/PdfBox.Net/PDModel/Font/FileSystemFontProvider.cs:67: LOG.LogTrace(""Found {FontCount} fonts on the local system"", fontFileCount);",
pdfbox/src/main/java/org/apache/pdfbox/pdmodel/font/FileSystemFontProvider.java,370,call,info,"LOG.info(""Building on-disk font cache, this may take a while"");",src/PdfBox.Net/PDModel/Font/FileSystemFontProvider.cs,absent-region,,"These diagnostics belong to Java platform-specific font formats, cache, registry, filesystem, and fallback discovery regions that are absent from the smaller .NET provider."
pdfbox/src/main/java/org/apache/pdfbox/pdmodel/font/FileSystemFontProvider.java,373,call,info,"LOG.info(""Finished building on-disk font cache, found "" + fontInfoList.size() + "" fonts"");",src/PdfBox.Net/PDModel/Font/FileSystemFontProvider.cs,absent-region,,"These diagnostics belong to Java platform-specific font formats, cache, registry, filesystem, and fallback discovery regions that are absent from the smaller .NET provider."
pdfbox/src/main/java/org/apache/pdfbox/pdmodel/font/FileSystemFontProvider.java,380,call,error,"LOG.error(""Error accessing the file system"", e);",src/PdfBox.Net/PDModel/Font/FileSystemFontProvider.cs,migrated,"src/PdfBox.Net/PDModel/Font/FileSystemFontProvider.cs:134: LOG.LogError(ex, ""Error accessing the file system"");",
pdfbox/src/main/java/org/apache/pdfbox/pdmodel/font/FileSystemFontProvider.java,445,call,warn,"LOG.warn(""Could not write to font cache"", e);",src/PdfBox.Net/PDModel/Font/FileSystemFontProvider.cs,absent-region,,"These diagnostics belong to Java platform-specific font formats, cache, registry, filesystem, and fallback discovery regions that are absent from the smaller .NET provider."
pdfbox/src/main/java/org/apache/pdfbox/pdmodel/font/FileSystemFontProvider.java,446,call,warn,"LOG.warn(""Installed fonts information will have to be reloaded for each start"");",src/PdfBox.Net/PDModel/Font/FileSystemFontProvider.cs,absent-region,,"These diagnostics belong to Java platform-specific font formats, cache, registry, filesystem, and fallback discovery regions that are absent from the smaller .NET provider."
pdfbox/src/main/java/org/apache/pdfbox/pdmodel/font/FileSystemFontProvider.java,447,call,warn,"LOG.warn(""You can assign a directory to the 'pdfbox.fontcache' property"");",src/PdfBox.Net/PDModel/Font/FileSystemFontProvider.cs,absent-region,,"These diagnostics belong to Java platform-specific font formats, cache, registry, filesystem, and fallback discovery regions that are absent from the smaller .NET provider."
pdfbox/src/main/java/org/apache/pdfbox/pdmodel/font/FileSystemFontProvider.java,452,call,debug,"LOG.debug(""Couldn't create writer for font cache file"", e);",src/PdfBox.Net/PDModel/Font/FileSystemFontProvider.cs,absent-region,,"These diagnostics belong to Java platform-specific font formats, cache, registry, filesystem, and fallback discovery regions that are absent from the smaller .NET provider."
pdfbox/src/main/java/org/apache/pdfbox/pdmodel/font/FileSystemFontProvider.java,533,call,debug,"LOG.debug(""Error checking for file existence"", e);",src/PdfBox.Net/PDModel/Font/FileSystemFontProvider.cs,absent-region,,"These diagnostics belong to Java platform-specific font formats, cache, registry, filesystem, and fallback discovery regions that are absent from the smaller .NET provider."
pdfbox/src/main/java/org/apache/pdfbox/pdmodel/font/FileSystemFontProvider.java,552,call,warn,"LOG.warn(""Incorrect line '"" + line + ""' in font disk cache is skipped"");",src/PdfBox.Net/PDModel/Font/FileSystemFontProvider.cs,absent-region,,"These diagnostics belong to Java platform-specific font formats, cache, registry, filesystem, and fallback discovery regions that are absent from the smaller .NET provider."
pdfbox/src/main/java/org/apache/pdfbox/pdmodel/font/FileSystemFontProvider.java,628,call,debug,"LOG.debug(""Error reading font file "" + fontFile.getAbsolutePath(), ex);",src/PdfBox.Net/PDModel/Font/FileSystemFontProvider.cs,absent-region,,"These diagnostics belong to Java platform-specific font formats, cache, registry, filesystem, and fallback discovery regions that are absent from the smaller .NET provider."
pdfbox/src/main/java/org/apache/pdfbox/pdmodel/font/FileSystemFontProvider.java,647,call,debug,"LOG.debug(""Font file "" + fontFile.getAbsolutePath() + "" is different"");",src/PdfBox.Net/PDModel/Font/FileSystemFontProvider.cs,absent-region,,"These diagnostics belong to Java platform-specific font formats, cache, registry, filesystem, and fallback discovery regions that are absent from the smaller .NET provider."
pdfbox/src/main/java/org/apache/pdfbox/pdmodel/font/FileSystemFontProvider.java,653,call,debug,"LOG.debug(""Font file "" + fontFile.getAbsolutePath() + "" not found, skipped"");",src/PdfBox.Net/PDModel/Font/FileSystemFontProvider.cs,absent-region,,"These diagnostics belong to Java platform-specific font formats, cache, registry, filesystem, and fallback discovery regions that are absent from the smaller .NET provider."
pdfbox/src/main/java/org/apache/pdfbox/pdmodel/font/FileSystemFontProvider.java,660,call,warn,"LOG.warn(""Error loading font cache, will be re-built"", e);",src/PdfBox.Net/PDModel/Font/FileSystemFontProvider.cs,absent-region,,"These diagnostics belong to Java platform-specific font formats, cache, registry, filesystem, and fallback discovery regions that are absent from the smaller .NET provider."
pdfbox/src/main/java/org/apache/pdfbox/pdmodel/font/FileSystemFontProvider.java,668,call,info,"LOG.info(pending.size() + "" new font files found, font cache will be re-built"");",src/PdfBox.Net/PDModel/Font/FileSystemFontProvider.cs,absent-region,,"These diagnostics belong to Java platform-specific font formats, cache, registry, filesystem, and fallback discovery regions that are absent from the smaller .NET provider."
pdfbox/src/main/java/org/apache/pdfbox/pdmodel/font/FileSystemFontProvider.java,688,call,warn,"LOG.warn(""Could not load font file: "" + ttcFile, e);",src/PdfBox.Net/PDModel/Font/FileSystemFontProvider.cs,absent-region,,"These diagnostics belong to Java platform-specific font formats, cache, registry, filesystem, and fallback discovery regions that are absent from the smaller .NET provider."
pdfbox/src/main/java/org/apache/pdfbox/pdmodel/font/FileSystemFontProvider.java,718,call,warn,"LOG.warn(""Could not load font file: "" + ttfFile, e);",src/PdfBox.Net/PDModel/Font/FileSystemFontProvider.cs,absent-region,,"These diagnostics belong to Java platform-specific font formats, cache, registry, filesystem, and fallback discovery regions that are absent from the smaller .NET provider."
pdfbox/src/main/java/org/apache/pdfbox/pdmodel/font/FileSystemFontProvider.java,736,call,warn,"LOG.warn(""Skipping font with '|' in name "" + name + "" in file "" + file);",src/PdfBox.Net/PDModel/Font/FileSystemFontProvider.cs,absent-region,,"These diagnostics belong to Java platform-specific font formats, cache, registry, filesystem, and fallback discovery regions that are absent from the smaller .NET provider."
pdfbox/src/main/java/org/apache/pdfbox/pdmodel/font/FileSystemFontProvider.java,795,guard,trace,LOG.isTraceEnabled(),src/PdfBox.Net/PDModel/Font/FileSystemFontProvider.cs,absent-region,,"These diagnostics belong to Java platform-specific font formats, cache, registry, filesystem, and fallback discovery regions that are absent from the smaller .NET provider."
pdfbox/src/main/java/org/apache/pdfbox/pdmodel/font/FileSystemFontProvider.java,797,call,trace,"LOG.trace(format.name() +"": '"" + name + ""' / '"" + fontHeaders.getFontFamily() + ""' / '"" + fontHeaders.getFontSubFamily() + ""'"");",src/PdfBox.Net/PDModel/Font/FileSystemFontProvider.cs,absent-region,,"These diagnostics belong to Java platform-specific font formats, cache, registry, filesystem, and fallback discovery regions that are absent from the smaller .NET provider."
pdfbox/src/main/java/org/apache/pdfbox/pdmodel/font/FileSystemFontProvider.java,805,call,warn,"LOG.warn(""Missing 'name' entry for PostScript name in font "" + file);",src/PdfBox.Net/PDModel/Font/FileSystemFontProvider.cs,absent-region,,"These diagnostics belong to Java platform-specific font formats, cache, registry, filesystem, and fallback discovery regions that are absent from the smaller .NET provider."
pdfbox/src/main/java/org/apache/pdfbox/pdmodel/font/FileSystemFontProvider.java,811,call,warn,"LOG.warn(""Could not load font file '"" + file + ""': "" + error);",src/PdfBox.Net/PDModel/Font/FileSystemFontProvider.cs,absent-region,,"These diagnostics belong to Java platform-specific font formats, cache, registry, filesystem, and fallback discovery regions that are absent from the smaller .NET provider."
pdfbox/src/main/java/org/apache/pdfbox/pdmodel/font/FileSystemFontProvider.java,826,call,warn,"LOG.warn(""Missing 'name' entry for PostScript name in font "" + pfbFile);",src/PdfBox.Net/PDModel/Font/FileSystemFontProvider.cs,absent-region,,"These diagnostics belong to Java platform-specific font formats, cache, registry, filesystem, and fallback discovery regions that are absent from the smaller .NET provider."
pdfbox/src/main/java/org/apache/pdfbox/pdmodel/font/FileSystemFontProvider.java,832,call,warn,"LOG.warn(""Skipping font with '|' in name "" + type1.getName() + "" in file "" + pfbFile);",src/PdfBox.Net/PDModel/Font/FileSystemFontProvider.cs,absent-region,,"These diagnostics belong to Java platform-specific font formats, cache, registry, filesystem, and fallback discovery regions that are absent from the smaller .NET provider."
pdfbox/src/main/java/org/apache/pdfbox/pdmodel/font/FileSystemFontProvider.java,839,guard,trace,LOG.isTraceEnabled(),src/PdfBox.Net/PDModel/Font/FileSystemFontProvider.cs,absent-region,,"These diagnostics belong to Java platform-specific font formats, cache, registry, filesystem, and fallback discovery regions that are absent from the smaller .NET provider."
pdfbox/src/main/java/org/apache/pdfbox/pdmodel/font/FileSystemFontProvider.java,841,call,trace,"LOG.trace(""PFB: '"" + type1.getName() + ""' / '"" + type1.getFamilyName() + ""' / '"" + type1.getWeight() + ""'"");",src/PdfBox.Net/PDModel/Font/FileSystemFontProvider.cs,absent-region,,"These diagnostics belong to Java platform-specific font formats, cache, registry, filesystem, and fallback discovery regions that are absent from the smaller .NET provider."
pdfbox/src/main/java/org/apache/pdfbox/pdmodel/font/FileSystemFontProvider.java,848,call,warn,"LOG.warn(""Could not load font file: "" + pfbFile, e);",src/PdfBox.Net/PDModel/Font/FileSystemFontProvider.cs,migrated,"src/PdfBox.Net/PDModel/Font/FileSystemFontProvider.cs:160: LOG.LogWarning(ex, ""Could not load font file: {FontFile}"", file);",
pdfbox/src/main/java/org/apache/pdfbox/pdmodel/font/FontMapperImpl.java,49,logger-field,,private static final Log LOG = LogFactory.getLog(FontMapperImpl.class);,src/PdfBox.Net/PDModel/Font/FontMapperImpl.cs;src/PdfBox.Net/PDModel/Font/DefaultFontProvider.cs,migrated,src/PdfBox.Net/PDModel/Font/FontMapperImpl.cs:15: ILogger<FontMapperImpl> LOG => PdfBoxLogging.CreateLogger<FontMapperImpl>();,
pdfbox/src/main/java/org/apache/pdfbox/pdmodel/font/FontMapperImpl.java,479,guard,debug,LOG.isDebugEnabled(),src/PdfBox.Net/PDModel/Font/FontMapperImpl.cs;src/PdfBox.Net/PDModel/Font/DefaultFontProvider.cs,absent-region,,The Java substitute-font scoring and fallback reporting regions are not present in the current font mapper.
pdfbox/src/main/java/org/apache/pdfbox/pdmodel/font/FontMapperImpl.java,481,call,debug,"LOG.debug(String.format(""getFont('%s','%s') returns %s"", format, postScriptName, info));",src/PdfBox.Net/PDModel/Font/FontMapperImpl.cs;src/PdfBox.Net/PDModel/Font/DefaultFontProvider.cs,absent-region,,The Java substitute-font scoring and fallback reporting regions are not present in the current font mapper.
pdfbox/src/main/java/org/apache/pdfbox/pdmodel/font/FontMapperImpl.java,529,guard,debug,LOG.isDebugEnabled(),src/PdfBox.Net/PDModel/Font/FontMapperImpl.cs;src/PdfBox.Net/PDModel/Font/DefaultFontProvider.cs,absent-region,,The Java substitute-font scoring and fallback reporting regions are not present in the current font mapper.
pdfbox/src/main/java/org/apache/pdfbox/pdmodel/font/FontMapperImpl.java,531,call,debug,"LOG.debug(""Best match for '"" + baseFont + ""': "" + bestMatch.info);",src/PdfBox.Net/PDModel/Font/FontMapperImpl.cs;src/PdfBox.Net/PDModel/Font/DefaultFontProvider.cs,absent-region,,The Java substitute-font scoring and fallback reporting regions are not present in the current font mapper.
pdfbox/src/main/java/org/apache/pdfbox/pdmodel/font/PDCIDFont.java,48,logger-field,,private static final Log LOG = LogFactory.getLog(PDCIDFont.class);,src/PdfBox.Net/PDModel/Font/PDCIDFont.cs,migrated,src/PdfBox.Net/PDModel/Font/PDCIDFont.cs:35: ILogger<PDCIDFont> LOG => PdfBoxLogging.CreateLogger<PDCIDFont>();,
pdfbox/src/main/java/org/apache/pdfbox/pdmodel/font/PDCIDFont.java,94,call,warn,"LOG.warn(""Expected a number array member, got "" + firstCodeBase);",src/PdfBox.Net/PDModel/Font/PDCIDFont.cs,migrated,"src/PdfBox.Net/PDModel/Font/PDCIDFont.cs:226: LOG.LogWarning(""Expected a number array member, got {Value}"", widths.GetObject(index));",
pdfbox/src/main/java/org/apache/pdfbox/pdmodel/font/PDCIDFont.java,114,call,warn,"LOG.warn(""Expected a number array member, got "" + widthBase);",src/PdfBox.Net/PDModel/Font/PDCIDFont.cs,migrated,"src/PdfBox.Net/PDModel/Font/PDCIDFont.cs:249: LOG.LogWarning(""Expected a number array member, got {Value}"", rangeWidths.GetObject(offset));",
pdfbox/src/main/java/org/apache/pdfbox/pdmodel/font/PDCIDFont.java,122,call,warn,"LOG.warn(""premature end of widths array"");",src/PdfBox.Net/PDModel/Font/PDCIDFont.cs,migrated,"src/PdfBox.Net/PDModel/Font/PDCIDFont.cs:235: LOG.LogWarning(""premature end of widths array"");",
pdfbox/src/main/java/org/apache/pdfbox/pdmodel/font/PDCIDFont.java,129,call,warn,"LOG.warn(""Expected two numbers, got "" + secondCodeBase + "" and "" + rangeWidthBase);",src/PdfBox.Net/PDModel/Font/PDCIDFont.cs,migrated,"src/PdfBox.Net/PDModel/Font/PDCIDFont.cs:275: LOG.LogWarning(""Expected two numbers, got {SecondCode} and {RangeWidth}"", secondCode, rangeWidth);",
pdfbox/src/main/java/org/apache/pdfbox/pdmodel/font/PDCIDFontType0.java,52,logger-field,,private static final Log LOG = LogFactory.getLog(PDCIDFontType0.class);,src/PdfBox.Net/PDModel/Font/PDCIDFontType0.cs,migrated,src/PdfBox.Net/PDModel/Font/PDCIDFontType0.cs:34: ILogger<PDCIDFontType0> LOG => PdfBoxLogging.CreateLogger<PDCIDFontType0>();,
pdfbox/src/main/java/org/apache/pdfbox/pdmodel/font/PDCIDFontType0.java,91,call,warn,"LOG.warn(""Found PFB but expected embedded CFF font "" + fd.getFontName());",src/PdfBox.Net/PDModel/Font/PDCIDFontType0.cs,absent-region,,"The current CID Type 0 font is a partial port and lacks the Java embedded-font, fallback, and encoding diagnostic regions."
pdfbox/src/main/java/org/apache/pdfbox/pdmodel/font/PDCIDFontType0.java,102,call,error,"LOG.error(""Can't read the embedded CFF font "" + fd.getFontName(), e);",src/PdfBox.Net/PDModel/Font/PDCIDFontType0.cs,absent-region,,"The current CID Type 0 font is a partial port and lacks the Java embedded-font, fallback, and encoding diagnostic regions."
pdfbox/src/main/java/org/apache/pdfbox/pdmodel/font/PDCIDFontType0.java,159,call,warn,"LOG.warn(""Using fallback "" + font.getName() + "" for CID-keyed font "" + getBaseFont());",src/PdfBox.Net/PDModel/Font/PDCIDFontType0.cs,absent-region,,"The current CID Type 0 font is a partial port and lacks the Java embedded-font, fallback, and encoding diagnostic regions."
pdfbox/src/main/java/org/apache/pdfbox/pdmodel/font/PDCIDFontType0.java,187,call,debug,"LOG.debug(""Couldn't get font matrix - returning default value"", e);",src/PdfBox.Net/PDModel/Font/PDCIDFontType0.cs,absent-region,,"The current CID Type 0 font is a partial port and lacks the Java embedded-font, fallback, and encoding diagnostic regions."
pdfbox/src/main/java/org/apache/pdfbox/pdmodel/font/PDCIDFontType0.java,235,call,debug,"LOG.debug(""Couldn't get font bounding box - returning default value"", e);",src/PdfBox.Net/PDModel/Font/PDCIDFontType0.cs,absent-region,,"The current CID Type 0 font is a partial port and lacks the Java embedded-font, fallback, and encoding diagnostic regions."
pdfbox/src/main/java/org/apache/pdfbox/pdmodel/font/PDCIDFontType2.java,51,logger-field,,private static final Log LOG = LogFactory.getLog(PDCIDFontType2.class);,src/PdfBox.Net/PDModel/Font/TrueTypePathNormalizer.cs;src/PdfBox.Net/PDModel/Font/PDCIDFontType2.cs,migrated,src/PdfBox.Net/PDModel/Font/PDCIDFontType2.cs:37: ILogger<PDCIDFontType2> LOG => PdfBoxLogging.CreateLogger<PDCIDFontType2>();,
pdfbox/src/main/java/org/apache/pdfbox/pdmodel/font/PDCIDFontType2.java,129,call,warn,"LOG.warn(""Could not read embedded OTF for font "" + getBaseFont(), e);",src/PdfBox.Net/PDModel/Font/TrueTypePathNormalizer.cs;src/PdfBox.Net/PDModel/Font/PDCIDFontType2.cs,migrated,"src/PdfBox.Net/PDModel/Font/PDCIDFontType2.cs:128: LOG.LogWarning(parseException, ""Could not read embedded OTF for font {FontName}"", fontName);",
pdfbox/src/main/java/org/apache/pdfbox/pdmodel/font/PDCIDFontType2.java,136,call,warn,"LOG.warn(""Found an OpenType font using CFF2 outlines which are not supported "" + fd.getFontName());",src/PdfBox.Net/PDModel/Font/TrueTypePathNormalizer.cs;src/PdfBox.Net/PDModel/Font/PDCIDFontType2.cs,migrated,"src/PdfBox.Net/PDModel/Font/PDCIDFontType2.cs:121: LOG.LogWarning(""Found an OpenType font using CFF2 outlines which are not supported {FontName}"", descriptor.GetNameAsString(COSName.GetPDFName(""FontName"")));",
pdfbox/src/main/java/org/apache/pdfbox/pdmodel/font/PDCIDFontType2.java,178,call,warn,"LOG.warn(""Using fallback font "" + ttfFont.getName() + "" for CID-keyed TrueType font "" + getBaseFont());",src/PdfBox.Net/PDModel/Font/TrueTypePathNormalizer.cs;src/PdfBox.Net/PDModel/Font/PDCIDFontType2.cs,absent-region,,The Java fallback-font and CID-to-GID validation regions containing these diagnostics are absent from the current partial port.
pdfbox/src/main/java/org/apache/pdfbox/pdmodel/font/PDCIDFontType2.java,265,call,warn,"LOG.warn(""Using non-embedded GIDs in font "" + getName());",src/PdfBox.Net/PDModel/Font/TrueTypePathNormalizer.cs;src/PdfBox.Net/PDModel/Font/PDCIDFontType2.cs,migrated,"src/PdfBox.Net/PDModel/Font/PDCIDFontType2.cs:185: LOG.LogWarning(""Using non-embedded GIDs in font {FontName}"", GetName());",
pdfbox/src/main/java/org/apache/pdfbox/pdmodel/font/PDCIDFontType2.java,286,call,warn,"LOG.warn(""Failed to find a character mapping for "" + code + "" in "" + getName());",src/PdfBox.Net/PDModel/Font/TrueTypePathNormalizer.cs;src/PdfBox.Net/PDModel/Font/PDCIDFontType2.cs,absent-region,,The Java fallback-font and CID-to-GID validation regions containing these diagnostics are absent from the current partial port.
pdfbox/src/main/java/org/apache/pdfbox/pdmodel/font/PDCIDFontType2.java,294,call,warn,"LOG.warn(""Trying to map multi-byte character using 'cmap', result will be poor"");",src/PdfBox.Net/PDModel/Font/TrueTypePathNormalizer.cs;src/PdfBox.Net/PDModel/Font/PDCIDFontType2.cs,absent-region,,The Java fallback-font and CID-to-GID validation regions containing these diagnostics are absent from the current partial port.
pdfbox/src/main/java/org/apache/pdfbox/pdmodel/font/PDCIDFontType2Embedder.java,60,logger-field,,private static final Log LOG = LogFactory.getLog(PDCIDFontType2Embedder.class);,src/PdfBox.Net/PDModel/Font/PDCIDFontType2Embedder.cs,migrated,src/PdfBox.Net/PDModel/Font/PDCIDFontType2Embedder.cs:39: ILogger<PDCIDFontType2Embedder> LOG => PdfBoxLogging.CreateLogger<PDCIDFontType2Embedder>();,
pdfbox/src/main/java/org/apache/pdfbox/pdmodel/font/PDCIDFontType2Embedder.java,376,call,warn,"LOG.warn(""Font to be subset is set to vertical, but has no 'vhea' table"");",src/PdfBox.Net/PDModel/Font/PDCIDFontType2Embedder.cs,absent-region,,"The Java glyph-mapping method, including its debug guard, and vertical-metrics fallback are not present in the current embedder port."
pdfbox/src/main/java/org/apache/pdfbox/pdmodel/font/PDFont.java,52,logger-field,,private static final Log LOG = LogFactory.getLog(PDFont.class);,src/PdfBox.Net/PDModel/Font/PDFont.cs;src/PdfBox.Net/PDModel/Font/PDDictionaryFont.cs,migrated,src/PdfBox.Net/PDModel/Font/PDFont.cs:39: ILogger<PDFont> LOG => PdfBoxLogging.CreateLogger<PDFont>();,
pdfbox/src/main/java/org/apache/pdfbox/pdmodel/font/PDFont.java,145,call,warn,"LOG.warn(""Invalid ToUnicode CMap in font "" + name);",src/PdfBox.Net/PDModel/Font/PDFont.cs;src/PdfBox.Net/PDModel/Font/PDDictionaryFont.cs,migrated,"src/PdfBox.Net/PDModel/Font/PDFont.cs:385: LOG.LogWarning(""Invalid ToUnicode CMap in font {FontName}"", GetName());",
pdfbox/src/main/java/org/apache/pdfbox/pdmodel/font/PDFont.java,159,call,warn,"LOG.warn(""Using predefined identity CMap instead"");",src/PdfBox.Net/PDModel/Font/PDFont.cs;src/PdfBox.Net/PDModel/Font/PDDictionaryFont.cs,migrated,"src/PdfBox.Net/PDModel/Font/PDFont.cs:391: LOG.LogWarning(""Using predefined identity CMap instead"");",
pdfbox/src/main/java/org/apache/pdfbox/pdmodel/font/PDFont.java,166,call,error,"LOG.error(""Could not read ToUnicode CMap in font "" + getName(), ex);",src/PdfBox.Net/PDModel/Font/PDFont.cs;src/PdfBox.Net/PDModel/Font/PDDictionaryFont.cs,migrated,"src/PdfBox.Net/PDModel/Font/PDFont.cs:399: LOG.LogError(ex, ""Could not read ToUnicode CMap in font {FontName}"", GetName());",
pdfbox/src/main/java/org/apache/pdfbox/pdmodel/font/PDFont.java,575,call,debug,"LOG.debug(ex.getMessage(), ex);",src/PdfBox.Net/PDModel/Font/PDFont.cs;src/PdfBox.Net/PDModel/Font/PDDictionaryFont.cs,migrated,"src/PdfBox.Net/PDModel/Font/PDFont.cs:222: LOG.LogDebug(ex, ""{ErrorMessage}"", ex.Message);",
pdfbox/src/main/java/org/apache/pdfbox/pdmodel/font/PDFont.java,596,call,error,"LOG.error(""Can't determine the width of the space character for font "" + getName() + "", assuming 250"", e);",src/PdfBox.Net/PDModel/Font/PDFont.cs;src/PdfBox.Net/PDModel/Font/PDDictionaryFont.cs,migrated,"src/PdfBox.Net/PDModel/Font/PDFont.cs:239: LOG.LogError(ex, ""Can't determine the width of the space character for font {FontName}, assuming 250"", GetName());",
pdfbox/src/main/java/org/apache/pdfbox/pdmodel/font/PDFont.java,600,guard,debug,LOG.isDebugEnabled(),src/PdfBox.Net/PDModel/Font/PDFont.cs;src/PdfBox.Net/PDModel/Font/PDDictionaryFont.cs,migrated,src/PdfBox.Net/PDModel/Font/PDFont.cs:245: LOG.IsEnabled(LogLevel.Debug),
pdfbox/src/main/java/org/apache/pdfbox/pdmodel/font/PDFont.java,602,call,debug,"LOG.debug(""Space width for font "" + getName() + "" is "" + fontWidthOfSpace);",src/PdfBox.Net/PDModel/Font/PDFont.cs;src/PdfBox.Net/PDModel/Font/PDDictionaryFont.cs,migrated,"src/PdfBox.Net/PDModel/Font/PDFont.cs:247: LOG.LogDebug(""Space width for font {FontName} is {SpaceWidth}"", GetName(), _fontWidthOfSpace);",
pdfbox/src/main/java/org/apache/pdfbox/pdmodel/font/PDFontFactory.java,40,logger-field,,private static final Log LOG = LogFactory.getLog(PDFontFactory.class);,src/PdfBox.Net/PDModel/Font/PDFontFactory.cs,migrated,src/PdfBox.Net/PDModel/Font/PDFontFactory.cs:34: ILogger<PDFontFactory> LOG => PdfBoxLogging.CreateLogger<PDFontFactory>();,
pdfbox/src/main/java/org/apache/pdfbox/pdmodel/font/PDFontFactory.java,129,call,error,"LOG.error(""Expected 'Font' dictionary but found '"" + type.getName() + ""'"");",src/PdfBox.Net/PDModel/Font/PDFontFactory.cs,migrated,"src/PdfBox.Net/PDModel/Font/PDFontFactory.cs:50: LOG.LogError(""Expected 'Font' dictionary but found '{Type}'"", type.GetName());",
pdfbox/src/main/java/org/apache/pdfbox/pdmodel/font/PDFontFactory.java,187,call,warn,"LOG.warn(""Invalid font subtype '"" + subType + ""'"");",src/PdfBox.Net/PDModel/Font/PDFontFactory.cs,migrated,"src/PdfBox.Net/PDModel/Font/PDFontFactory.cs:69: LOG.LogWarning(""Invalid font subtype '{Subtype}'"", subtype);",
pdfbox/src/main/java/org/apache/pdfbox/pdmodel/font/PDFontFactory.java,195,call,warn,"LOG.warn(""Try to fix different descendant font types for font "" + fontDescriptor.getNameAsString(COSName.FONT_NAME));",src/PdfBox.Net/PDModel/Font/PDFontFactory.cs,absent-region,,The Java descendant-font and default-font loading fallback branches are absent from the current factory.
pdfbox/src/main/java/org/apache/pdfbox/pdmodel/font/PDFontFactory.java,356,call,error,"LOG.error(ex.getMessage(), ex);",src/PdfBox.Net/PDModel/Font/PDFontFactory.cs,absent-region,,The Java descendant-font and default-font loading fallback branches are absent from the current factory.
pdfbox/src/main/java/org/apache/pdfbox/pdmodel/font/PDSimpleFont.java,47,logger-field,,private static final Log LOG = LogFactory.getLog(PDSimpleFont.class);,src/PdfBox.Net/PDModel/Font/PDSimpleFont.cs,migrated,src/PdfBox.Net/PDModel/Font/PDSimpleFont.cs:39: ILogger<PDSimpleFont> LOG => PdfBoxLogging.CreateLogger<PDSimpleFont>();,
pdfbox/src/main/java/org/apache/pdfbox/pdmodel/font/PDSimpleFont.java,104,call,warn,"LOG.warn(""Unknown encoding: "" + encodingName.getName());",src/PdfBox.Net/PDModel/Font/PDSimpleFont.cs,migrated,"src/PdfBox.Net/PDModel/Font/PDSimpleFont.cs:61: LOG.LogWarning(""Unknown encoding: {EncodingName}"", encodingName.GetName());",
pdfbox/src/main/java/org/apache/pdfbox/pdmodel/font/PDSimpleFont.java,316,guard,warning,LOG.isWarnEnabled(),src/PdfBox.Net/PDModel/Font/PDSimpleFont.cs,migrated,src/PdfBox.Net/PDModel/Font/PDSimpleFont.cs:181: LOG.IsEnabled(LogLevel.Warning),
pdfbox/src/main/java/org/apache/pdfbox/pdmodel/font/PDSimpleFont.java,322,call,warn,"LOG.warn(""No Unicode mapping for "" + name + "" ("" + code + "") in font "" + getName());",src/PdfBox.Net/PDModel/Font/PDSimpleFont.cs,migrated,"src/PdfBox.Net/PDModel/Font/PDSimpleFont.cs:185: LOG.LogWarning(""No Unicode mapping for {GlyphName} ({Code}) in font {FontName}"", glyphName, code, GetName());",
pdfbox/src/main/java/org/apache/pdfbox/pdmodel/font/PDSimpleFont.java,327,call,warn,"LOG.warn(""No Unicode mapping for character code "" + code + "" in font "" + getName());",src/PdfBox.Net/PDModel/Font/PDSimpleFont.cs,migrated,"src/PdfBox.Net/PDModel/Font/PDSimpleFont.cs:190: LOG.LogWarning(""No Unicode mapping for character code {Code} in font {FontName}"", code, GetName());",
pdfbox/src/main/java/org/apache/pdfbox/pdmodel/font/PDTrueTypeFont.java,70,logger-field,,private static final Log LOG = LogFactory.getLog(PDTrueTypeFont.class);,src/PdfBox.Net/PDModel/Font/PDTrueTypeFont.cs,migrated,src/PdfBox.Net/PDModel/Font/PDTrueTypeFont.cs:40: ILogger<PDTrueTypeFont> LOG => PdfBoxLogging.CreateLogger<PDTrueTypeFont>();,
pdfbox/src/main/java/org/apache/pdfbox/pdmodel/font/PDTrueTypeFont.java,125,call,warn,"LOG.warn(""Could not read embedded TTF for font "" + getBaseFont(), e);",src/PdfBox.Net/PDModel/Font/PDTrueTypeFont.cs,migrated,"src/PdfBox.Net/PDModel/Font/PDTrueTypeFont.cs:75: LOG.LogWarning(ex, ""Could not read embedded TTF for font {FontName}"", dictionary.GetNameAsString(COSName.GetPDFName(""BaseFont"")));",
pdfbox/src/main/java/org/apache/pdfbox/pdmodel/font/PDTrueTypeFont.java,144,call,warn,"LOG.warn(""Using fallback font "" + ttfFont + "" for "" + getBaseFont());",src/PdfBox.Net/PDModel/Font/PDTrueTypeFont.cs,absent-region,,The Java fallback-font warning branch is not present in the current TrueType font port.
pdfbox/src/main/java/org/apache/pdfbox/pdmodel/font/PDType0Font.java,53,logger-field,,private static final Log LOG = LogFactory.getLog(PDType0Font.class);,src/PdfBox.Net/PDModel/Font/PDType0Font.cs,migrated,src/PdfBox.Net/PDModel/Font/PDType0Font.cs:42: ILogger<PDType0Font> LOG => PdfBoxLogging.CreateLogger<PDType0Font>();,
pdfbox/src/main/java/org/apache/pdfbox/pdmodel/font/PDType0Font.java,347,call,warn,"LOG.warn(""Invalid Encoding CMap in font "" + getName());",src/PdfBox.Net/PDModel/Font/PDType0Font.cs,migrated,"src/PdfBox.Net/PDModel/Font/PDType0Font.cs:333: LOG.LogWarning(""Invalid Encoding CMap in font {FontName}"", dictionary.GetNameAsString(BaseFontKey));",
pdfbox/src/main/java/org/apache/pdfbox/pdmodel/font/PDType0Font.java,410,call,warn,"LOG.warn(""Could not get "" + strName + "" UC2 map for font "" + getName(), ex);",src/PdfBox.Net/PDModel/Font/PDType0Font.cs,migrated,"src/PdfBox.Net/PDModel/Font/PDType0Font.cs:380: LOG.LogWarning(exception, ""Could not get {CMapName} UC2 map for font {FontName}"", baseName, dictionary.GetNameAsString(BaseFontKey));",
pdfbox/src/main/java/org/apache/pdfbox/pdmodel/font/PDType0Font.java,604,call,warn,"LOG.warn(""get unicode from font cmap fail"", e);",src/PdfBox.Net/PDModel/Font/PDType0Font.cs,absent-region,,The Java CMap repair and vertical-displacement diagnostic branches are absent from the current Type 0 font port.
pdfbox/src/main/java/org/apache/pdfbox/pdmodel/font/PDType0Font.java,609,guard,warning,LOG.isWarnEnabled(),src/PdfBox.Net/PDModel/Font/PDType0Font.cs,migrated,src/PdfBox.Net/PDModel/Font/PDType0Font.cs:242: LOG.IsEnabled(LogLevel.Warning),
pdfbox/src/main/java/org/apache/pdfbox/pdmodel/font/PDType0Font.java,613,call,warn,"LOG.warn(""No Unicode mapping for "" + cid + "" ("" + code + "") in font "" + getName());",src/PdfBox.Net/PDModel/Font/PDType0Font.cs,migrated,"src/PdfBox.Net/PDModel/Font/PDType0Font.cs:244: LOG.LogWarning(""No Unicode mapping for {CID} ({Code}) in font {FontName}"", $""CID+{CodeToCID(code)}"", code, GetName());",
pdfbox/src/main/java/org/apache/pdfbox/pdmodel/font/PDType1CFont.java,57,logger-field,,private static final Log LOG = LogFactory.getLog(PDType1CFont.class);,src/PdfBox.Net/PDModel/Font/PDType1CFont.cs,migrated,src/PdfBox.Net/PDModel/Font/PDType1CFont.cs:38: ILogger<PDType1CFont> LOG => PdfBoxLogging.CreateLogger<PDType1CFont>();,
pdfbox/src/main/java/org/apache/pdfbox/pdmodel/font/PDType1CFont.java,94,call,error,"LOG.error(""Invalid data for embedded Type1C font "" + getName());",src/PdfBox.Net/PDModel/Font/PDType1CFont.cs,migrated,"src/PdfBox.Net/PDModel/Font/PDType1CFont.cs:64: LOG.LogError(""Invalid data for embedded Type1C font {FontName}"", dictionary.GetNameAsString(COSName.GetPDFName(""BaseFont"")));",
pdfbox/src/main/java/org/apache/pdfbox/pdmodel/font/PDType1CFont.java,107,call,error,"LOG.error(""Expected CFFType1Font, got "" + parsedCffFont.getClass().getSimpleName());",src/PdfBox.Net/PDModel/Font/PDType1CFont.cs,migrated,"src/PdfBox.Net/PDModel/Font/PDType1CFont.cs:75: LOG.LogError(""Expected CFFType1Font, got {FontType}"", parsed.GetType().Name);",
pdfbox/src/main/java/org/apache/pdfbox/pdmodel/font/PDType1CFont.java,115,call,error,"LOG.error(""Can't read the embedded Type1C font "" + getName(), e);",src/PdfBox.Net/PDModel/Font/PDType1CFont.cs,migrated,"src/PdfBox.Net/PDModel/Font/PDType1CFont.cs:80: LOG.LogError(ex, ""Can't read the embedded Type1C font {FontName}"", dictionary.GetNameAsString(COSName.GetPDFName(""BaseFont"")));",
pdfbox/src/main/java/org/apache/pdfbox/pdmodel/font/PDType1CFont.java,136,call,warn,"LOG.warn(""Using fallback font "" + genericFont.getName() + "" for "" + baseFont);",src/PdfBox.Net/PDModel/Font/PDType1CFont.cs,absent-region,,"The Java fallback-font, encoding, and glyph-path diagnostic branches are absent from the current partial Type 1C port."
pdfbox/src/main/java/org/apache/pdfbox/pdmodel/font/PDType1CFont.java,327,call,debug,"LOG.debug(""Couldn't get font matrix - returning default value"", e);",src/PdfBox.Net/PDModel/Font/PDType1CFont.cs,absent-region,,"The Java fallback-font, encoding, and glyph-path diagnostic branches are absent from the current partial Type 1C port."
pdfbox/src/main/java/org/apache/pdfbox/pdmodel/font/PDType1CFont.java,379,call,warn,"LOG.warn(""No embedded CFF font, returning 0"");",src/PdfBox.Net/PDModel/Font/PDType1CFont.cs,absent-region,,"The Java fallback-font, encoding, and glyph-path diagnostic branches are absent from the current partial Type 1C port."
pdfbox/src/main/java/org/apache/pdfbox/pdmodel/font/PDType1CFont.java,422,call,warn,"LOG.warn(""No embedded CFF font, returning 0"");",src/PdfBox.Net/PDModel/Font/PDType1CFont.cs,absent-region,,"The Java fallback-font, encoding, and glyph-path diagnostic branches are absent from the current partial Type 1C port."
pdfbox/src/main/java/org/apache/pdfbox/pdmodel/font/PDType1Font.java,60,logger-field,,private static final Log LOG = LogFactory.getLog(PDType1Font.class);,src/PdfBox.Net/PDModel/Font/PDType1Font.cs,migrated,src/PdfBox.Net/PDModel/Font/PDType1Font.cs:40: ILogger<PDType1Font> LOG => PdfBoxLogging.CreateLogger<PDType1Font>();,
pdfbox/src/main/java/org/apache/pdfbox/pdmodel/font/PDType1Font.java,140,call,debug,"LOG.debug(""Couldn't get font name - setting to '?'"", e);",src/PdfBox.Net/PDModel/Font/PDType1Font.cs,absent-region,,The current Type 1 font port omits the Java Standard-14 fallback warning and related embedded-font and encoding diagnostic branches.
pdfbox/src/main/java/org/apache/pdfbox/pdmodel/font/PDType1Font.java,143,call,warn,"LOG.warn(""Using fallback font "" + fontName + "" for base font "" + getBaseFont());",src/PdfBox.Net/PDModel/Font/PDType1Font.cs,absent-region,,The current Type 1 font port omits the Java Standard-14 fallback warning and related embedded-font and encoding diagnostic branches.
pdfbox/src/main/java/org/apache/pdfbox/pdmodel/font/PDType1Font.java,203,call,warn,"LOG.warn(""/FontFile3 for Type1 font not supported"");",src/PdfBox.Net/PDModel/Font/PDType1Font.cs,migrated,"src/PdfBox.Net/PDModel/Font/PDType1Font.cs:128: LOG.LogWarning(""/FontFile3 for Type1 font not supported"");",
pdfbox/src/main/java/org/apache/pdfbox/pdmodel/font/PDType1Font.java,250,call,warn,"LOG.warn(""Can't read damaged embedded Type1 font "" + fd.getFontName(), e);",src/PdfBox.Net/PDModel/Font/PDType1Font.cs,absent-region,,The current Type 1 font port omits the Java Standard-14 fallback warning and related embedded-font and encoding diagnostic branches.
pdfbox/src/main/java/org/apache/pdfbox/pdmodel/font/PDType1Font.java,255,call,error,"LOG.error(""Can't read the embedded Type1 font "" + fd.getFontName(), e);",src/PdfBox.Net/PDModel/Font/PDType1Font.cs,migrated,"src/PdfBox.Net/PDModel/Font/PDType1Font.cs:133: LOG.LogError(ex, ""Can't read the embedded Type1 font {FontName}"", dictionary.GetCOSDictionary(FontDescriptorKey)?.GetNameAsString(FontNameKey));",
pdfbox/src/main/java/org/apache/pdfbox/pdmodel/font/PDType1Font.java,277,call,warn,"LOG.warn(""Using fallback font "" + genericFont.getName() + "" for "" + getBaseFont());",src/PdfBox.Net/PDModel/Font/PDType1Font.cs,migrated,"src/PdfBox.Net/PDModel/Font/PDType1Font.cs:98: LOG.LogWarning(""Using fallback font {FallbackFont} for {BaseFont}"", mappedFont.GetName(), GetBaseFont());",
pdfbox/src/main/java/org/apache/pdfbox/pdmodel/font/PDType1Font.java,311,guard,warning,LOG.isWarnEnabled(),src/PdfBox.Net/PDModel/Font/PDType1Font.cs,absent-region,,The current Type 1 font port omits the Java Standard-14 fallback warning and related embedded-font and encoding diagnostic branches.
pdfbox/src/main/java/org/apache/pdfbox/pdmodel/font/PDType1Font.java,313,call,warn,"LOG.warn(""Ignored invalid Length1 "" + length1 + "" for Type 1 font "" + getName());",src/PdfBox.Net/PDModel/Font/PDType1Font.cs,migrated,"src/PdfBox.Net/PDModel/Font/PDType1Font.cs:334: LOG.LogWarning(""Ignored invalid Length1 {Length1} for Type 1 font {FontName}"", length1, fontName);",
pdfbox/src/main/java/org/apache/pdfbox/pdmodel/font/PDType1Font.java,361,call,warn,"LOG.warn(""Ignored invalid Length2 "" + length2 + "" for Type 1 font "" + getName());",src/PdfBox.Net/PDModel/Font/PDType1Font.cs,migrated,"src/PdfBox.Net/PDModel/Font/PDType1Font.cs:339: LOG.LogWarning(""Ignored invalid Length2 {Length2} for Type 1 font {FontName}"", length2, fontName);",
pdfbox/src/main/java/org/apache/pdfbox/pdmodel/font/PDType1Font.java,677,call,debug,"LOG.debug(""Couldn't get font matrix box - returning default value"", e);",src/PdfBox.Net/PDModel/Font/PDType1Font.cs,absent-region,,The current Type 1 font port omits the Java Standard-14 fallback warning and related embedded-font and encoding diagnostic branches.
pdfbox/src/main/java/org/apache/pdfbox/pdmodel/font/PDType3CharProc.java,48,logger-field,,private static final Log LOG = LogFactory.getLog(PDType3CharProc.class);,src/PdfBox.Net/PDModel/Font/PDType3CharProc.cs,migrated,src/PdfBox.Net/PDModel/Font/PDType3CharProc.cs:38: ILogger<PDType3CharProc> LOG => PdfBoxLogging.CreateLogger<PDType3CharProc>();,
pdfbox/src/main/java/org/apache/pdfbox/pdmodel/font/PDType3CharProc.java,93,call,warn,"LOG.warn(""Using resources dictionary found in charproc entry"");",src/PdfBox.Net/PDModel/Font/PDType3CharProc.cs,migrated,"src/PdfBox.Net/PDModel/Font/PDType3CharProc.cs:59: LOG.LogWarning(""Using resources dictionary found in charproc entry"");",
pdfbox/src/main/java/org/apache/pdfbox/pdmodel/font/PDType3CharProc.java,94,call,warn,"LOG.warn(""This should have been in the font or in the page dictionary"");",src/PdfBox.Net/PDModel/Font/PDType3CharProc.cs,migrated,"src/PdfBox.Net/PDModel/Font/PDType3CharProc.cs:60: LOG.LogWarning(""This should have been in the font or in the page dictionary"");",
pdfbox/src/main/java/org/apache/pdfbox/pdmodel/font/PDType3Font.java,54,logger-field,,private static final Log LOG = LogFactory.getLog(PDType3Font.class);,src/PdfBox.Net/PDModel/Font/PDType3Font.cs,migrated,src/PdfBox.Net/PDModel/Font/PDType3Font.cs:41: ILogger<PDType3Font> LOG => PdfBoxLogging.CreateLogger<PDType3Font>();,
pdfbox/src/main/java/org/apache/pdfbox/pdmodel/font/PDType3Font.java,105,call,warn,"LOG.warn(""Unknown encoding: "" + encodingName.getName());",src/PdfBox.Net/PDModel/Font/PDType3Font.cs,migrated,"src/PdfBox.Net/PDModel/Font/PDType3Font.cs:64: LOG.LogWarning(""Unknown encoding: {EncodingName}"", encodingName.GetName());",
pdfbox/src/main/java/org/apache/pdfbox/pdmodel/font/PDType3Font.java,329,call,warn,"LOG.warn(""FontBBox missing, returning empty rectangle"");",src/PdfBox.Net/PDModel/Font/PDType3Font.cs,migrated,"src/PdfBox.Net/PDModel/Font/PDType3Font.cs:152: LOG.LogWarning(""FontBBox missing, returning empty rectangle"");",
pdfbox/src/main/java/org/apache/pdfbox/pdmodel/font/PDType3Font.java,363,call,debug,"LOG.debug( ""error getting the glyph bounding box - font bounding box will be used"", ex);",src/PdfBox.Net/PDModel/Font/PDType3Font.cs,migrated,"src/PdfBox.Net/PDModel/Font/PDType3Font.cs:182: LOG.LogDebug(ex, ""error getting the glyph bounding box - font bounding box will be used"");",
pdfbox/src/main/java/org/apache/pdfbox/pdmodel/font/encoding/DictionaryEncoding.java,36,logger-field,,private static final Log LOG = LogFactory.getLog(DictionaryEncoding.class);,src/PdfBox.Net/PDModel/Font/Encoding/DictionaryEncoding.cs,migrated,src/PdfBox.Net/PDModel/Font/Encoding/DictionaryEncoding.cs:34: ILogger<DictionaryEncoding> LOG => PdfBoxLogging.CreateLogger<DictionaryEncoding>();,
pdfbox/src/main/java/org/apache/pdfbox/pdmodel/font/encoding/DictionaryEncoding.java,90,call,warn,"LOG.warn(""/BaseEncoding in type 3 font"");",src/PdfBox.Net/PDModel/Font/Encoding/DictionaryEncoding.cs,migrated,"src/PdfBox.Net/PDModel/Font/Encoding/DictionaryEncoding.cs:55: LOG.LogWarning(""/BaseEncoding in type 3 font"");",
pdfbox/src/main/java/org/apache/pdfbox/pdmodel/font/encoding/GlyphList.java,37,logger-field,,private static final Log LOG = LogFactory.getLog(GlyphList.class);,src/PdfBox.Net/PDModel/Font/Encoding/GlyphList.cs,migrated,src/PdfBox.Net/PDModel/Font/Encoding/GlyphList.cs:41: ILogger<GlyphList> LOG => PdfBoxLogging.CreateLogger<GlyphList>();,
pdfbox/src/main/java/org/apache/pdfbox/pdmodel/font/encoding/GlyphList.java,151,call,warn,"LOG.warn(""duplicate value for "" + name + "" -> "" + parts[1] + "" "" + nameToUnicode.get(name));",src/PdfBox.Net/PDModel/Font/Encoding/GlyphList.cs,migrated,"src/PdfBox.Net/PDModel/Font/Encoding/GlyphList.cs:160: LOG.LogWarning(""duplicate value for {Name} -> {Unicode} {OldMapping}"", name, hexCodes, oldMapping);",
pdfbox/src/main/java/org/apache/pdfbox/pdmodel/font/encoding/GlyphList.java,246,call,warn,"LOG.warn(""Unicode character name with disallowed code area: "" + name);",src/PdfBox.Net/PDModel/Font/Encoding/GlyphList.cs,migrated,"src/PdfBox.Net/PDModel/Font/Encoding/GlyphList.cs:243: LOG.LogWarning(""Unicode character name with disallowed code area: {Name}"", name);",
pdfbox/src/main/java/org/apache/pdfbox/pdmodel/font/encoding/GlyphList.java,255,call,warn,"LOG.warn(""Not a number in Unicode character name: "" + name);",src/PdfBox.Net/PDModel/Font/Encoding/GlyphList.cs,migrated,"src/PdfBox.Net/PDModel/Font/Encoding/GlyphList.cs:256: LOG.LogWarning(""Not a number in Unicode character name: {Name}"", name);",
pdfbox/src/main/java/org/apache/pdfbox/pdmodel/graphics/blend/BlendComposite.java,40,logger-field,,private static final Log LOG = LogFactory.getLog(BlendComposite.class);,src/PdfBox.Net/PDModel/Graphics/BlendComposite.cs,migrated,src/PdfBox.Net/PDModel/Graphics/BlendComposite.cs:32: ILogger<BlendComposite> LOG => PdfBoxLogging.CreateLogger<BlendComposite>();,
pdfbox/src/main/java/org/apache/pdfbox/pdmodel/graphics/blend/BlendComposite.java,55,call,warn,"LOG.warn(""using 0 instead of incorrect Alpha "" + constantAlpha);",src/PdfBox.Net/PDModel/Graphics/BlendComposite.cs,migrated,"src/PdfBox.Net/PDModel/Graphics/BlendComposite.cs:48: LOG.LogWarning(""using 0 instead of incorrect Alpha {Alpha}"", constantAlpha);",
pdfbox/src/main/java/org/apache/pdfbox/pdmodel/graphics/blend/BlendComposite.java,60,call,warn,"LOG.warn(""using 1 instead of incorrect Alpha "" + constantAlpha);",src/PdfBox.Net/PDModel/Graphics/BlendComposite.cs,migrated,"src/PdfBox.Net/PDModel/Graphics/BlendComposite.cs:52: LOG.LogWarning(""using 1 instead of incorrect Alpha {Alpha}"", constantAlpha);",
pdfbox/src/main/java/org/apache/pdfbox/pdmodel/graphics/color/PDColor.java,40,logger-field,,private static final Log LOG = LogFactory.getLog(PDColor.class);,src/PdfBox.Net/PDModel/Graphics/Color/PDColor.cs,migrated,src/PdfBox.Net/PDModel/Graphics/Color/PDColor.cs:34: ILogger<PDColor> LOG => PdfBoxLogging.CreateLogger<PDColor>();,
pdfbox/src/main/java/org/apache/pdfbox/pdmodel/graphics/color/PDColor.java,67,call,warn,"LOG.warn(""pattern name in "" + array + "" isn't a name, ignored"");",src/PdfBox.Net/PDModel/Graphics/Color/PDColor.cs,absent-region,,This Java invalid-pattern-name diagnostic is redundant under its enclosing COSName check and has no separate reachable C# branch.
pdfbox/src/main/java/org/apache/pdfbox/pdmodel/graphics/color/PDColor.java,92,call,warn,"LOG.warn(""color component "" + i + "" in "" + array + "" isn't a number, ignored"");",src/PdfBox.Net/PDModel/Graphics/Color/PDColor.cs,migrated,"src/PdfBox.Net/PDModel/Graphics/Color/PDColor.cs:66: LOG.LogWarning(""color component {ComponentIndex} in {ColorArray} isn't a number, ignored"", i, array);",
pdfbox/src/main/java/org/apache/pdfbox/pdmodel/graphics/color/PDColor.java,110,call,warn,"LOG.warn(""Colorspace component count "" + colorSpace.getNumberOfComponents() + "" doesn't match components length "" + components.length);",src/PdfBox.Net/PDModel/Graphics/Color/PDColor.cs,migrated,"src/PdfBox.Net/PDModel/Graphics/Color/PDColor.cs:81: LOG.LogWarning(""Colorspace component count {ComponentCount} doesn't match components length {Length}"", colorSpace.GetNumberOfComponents(), _components.Length);",
pdfbox/src/main/java/org/apache/pdfbox/pdmodel/graphics/color/PDColor.java,144,call,warn,"LOG.warn(""Pattern colorspace component count "" + ucs.getNumberOfComponents() + "" doesn't match components length "" + components.length);",src/PdfBox.Net/PDModel/Graphics/Color/PDColor.cs,migrated,"src/PdfBox.Net/PDModel/Graphics/Color/PDColor.cs:102: LOG.LogWarning( ""Pattern colorspace component count {ComponentCount} doesn't match components length {Length}"", underlyingColorSpace.GetNumberOfComponents(), _components.Length);",
pdfbox/src/main/java/org/apache/pdfbox/pdmodel/graphics/color/PDDeviceNAttributes.java,44,logger-field,,private static final Log LOG = LogFactory.getLog(PDDeviceNAttributes.class);,src/PdfBox.Net/PDModel/Graphics/Color/PDDeviceNAttributes.cs,migrated,src/PdfBox.Net/PDModel/Graphics/Color/PDDeviceNAttributes.cs:41: ILogger<PDDeviceNAttributes> LOG => PdfBoxLogging.CreateLogger<PDDeviceNAttributes>();,
pdfbox/src/main/java/org/apache/pdfbox/pdmodel/graphics/color/PDDeviceNAttributes.java,178,call,debug,"LOG.debug(""Couldn't get the colorants information - returning 'ERROR' instead'"", e);",src/PdfBox.Net/PDModel/Graphics/Color/PDDeviceNAttributes.cs,migrated,"src/PdfBox.Net/PDModel/Graphics/Color/PDDeviceNAttributes.cs:159: LOG.LogDebug(ex, ""Couldn't get the colorants information - returning 'ERROR' instead'"");",
pdfbox/src/main/java/org/apache/pdfbox/pdmodel/graphics/color/PDDeviceNProcess.java,41,logger-field,,private static final Log LOG = LogFactory.getLog(PDDeviceNProcess.class);,src/PdfBox.Net/PDModel/Graphics/Color/PDDeviceNProcess.cs,migrated,src/PdfBox.Net/PDModel/Graphics/Color/PDDeviceNProcess.cs:38: ILogger<PDDeviceNProcess> LOG => PdfBoxLogging.CreateLogger<PDDeviceNProcess>();,
pdfbox/src/main/java/org/apache/pdfbox/pdmodel/graphics/color/PDDeviceNProcess.java,121,call,debug,"LOG.debug(""Couldn't get the colorants information - returning 'ERROR' instead'"", e);",src/PdfBox.Net/PDModel/Graphics/Color/PDDeviceNProcess.cs,migrated,"src/PdfBox.Net/PDModel/Graphics/Color/PDDeviceNProcess.cs:114: LOG.LogDebug(ex, ""Couldn't get the colorants information - returning 'ERROR' instead'"");",
pdfbox/src/main/java/org/apache/pdfbox/pdmodel/graphics/color/PDICCBased.java,57,logger-field,,private static final Log LOG = LogFactory.getLog(PDICCBased.class);,src/PdfBox.Net/PDModel/Graphics/Color/PDICCBased.cs,migrated,src/PdfBox.Net/PDModel/Graphics/Color/PDICCBased.cs:35: ILogger<PDICCBased> LOG => PdfBoxLogging.CreateLogger<PDICCBased>();,
pdfbox/src/main/java/org/apache/pdfbox/pdmodel/graphics/color/PDICCBased.java,175,call,warn,"LOG.warn(""Error initializing alternate color space: "" + e.getLocalizedMessage());",src/PdfBox.Net/PDModel/Graphics/Color/PDICCBased.cs,absent-region,,"The release branch ICCBased implementation delegates color conversion to its alternate/device fallback and does not contain the Java ICC profile loading, synchronization, validation, rendering-intent, and component-repair regions that own these diagnostics."
pdfbox/src/main/java/org/apache/pdfbox/pdmodel/graphics/color/PDICCBased.java,183,lock,,synchronized (LOG),src/PdfBox.Net/PDModel/Graphics/Color/PDICCBased.cs,absent-region,,"The release branch ICCBased implementation delegates color conversion to its alternate/device fallback and does not contain the Java ICC profile loading, synchronization, validation, rendering-intent, and component-repair regions that own these diagnostics."
pdfbox/src/main/java/org/apache/pdfbox/pdmodel/graphics/color/PDICCBased.java,236,call,warn,"LOG.warn(""Can't read embedded ICC profile ("" + e.getLocalizedMessage() + ""), using alternate color space: "" + alternateColorSpace.getName());",src/PdfBox.Net/PDModel/Graphics/Color/PDICCBased.cs,absent-region,,"The release branch ICCBased implementation delegates color conversion to its alternate/device fallback and does not contain the Java ICC profile loading, synchronization, validation, rendering-intent, and component-repair regions that own these diagnostics."
pdfbox/src/main/java/org/apache/pdfbox/pdmodel/graphics/color/PDICCBased.java,264,call,warn,"LOG.warn(""ICC profile is Perceptual, ignoring, treating as Display class"");",src/PdfBox.Net/PDModel/Graphics/Color/PDICCBased.cs,absent-region,,"The release branch ICCBased implementation delegates color conversion to its alternate/device fallback and does not contain the Java ICC profile loading, synchronization, validation, rendering-intent, and component-repair regions that own these diagnostics."
pdfbox/src/main/java/org/apache/pdfbox/pdmodel/graphics/color/PDICCBased.java,347,call,warn,"LOG.warn(""Using "" + numIccComponents + "" components from ICC profile info instead of "" + numberOfComponents + "" components from /N entry"");",src/PdfBox.Net/PDModel/Graphics/Color/PDICCBased.cs,absent-region,,"The release branch ICCBased implementation delegates color conversion to its alternate/device fallback and does not contain the Java ICC profile loading, synchronization, validation, rendering-intent, and component-repair regions that own these diagnostics."
pdfbox/src/main/java/org/apache/pdfbox/pdmodel/graphics/image/JPEGFactory.java,65,logger-field,,private static final Log LOG = LogFactory.getLog(JPEGFactory.class);,src/PdfBox.Net/PDModel/Graphics/Image/JPEGFactory.cs,migrated,src/PdfBox.Net/PDModel/Graphics/Image/JPEGFactory.cs:38: ILogger<JPEGFactory> LOG => PdfBoxLogging.CreateLogger<JPEGFactory>();,
pdfbox/src/main/java/org/apache/pdfbox/pdmodel/graphics/image/JPEGFactory.java,168,call,info,"LOG.info(""No image metadata, will decode image and use raster size"");",src/PdfBox.Net/PDModel/Graphics/Image/JPEGFactory.cs,absent-region,,"These diagnostics are inside Java ImageIO color-model and metadata fallback paths, which have no corresponding .NET backend region."
pdfbox/src/main/java/org/apache/pdfbox/pdmodel/graphics/image/JPEGFactory.java,172,call,warn,"LOG.warn(""Error reading image metadata, will decode image and use raster size"");",src/PdfBox.Net/PDModel/Graphics/Image/JPEGFactory.cs,absent-region,,"These diagnostics are inside Java ImageIO color-model and metadata fallback paths, which have no corresponding .NET backend region."
pdfbox/src/main/java/org/apache/pdfbox/pdmodel/graphics/image/JPEGFactory.java,213,call,warn,"LOG.warn(ex.getMessage(), ex);",src/PdfBox.Net/PDModel/Graphics/Image/JPEGFactory.cs,absent-region,,"These diagnostics are inside Java ImageIO color-model and metadata fallback paths, which have no corresponding .NET backend region."
pdfbox/src/main/java/org/apache/pdfbox/pdmodel/graphics/image/PDImageXObject.java,75,logger-field,,private static final Log LOG = LogFactory.getLog(PDImageXObject.class);,src/PdfBox.Net/PDModel/Graphics/Image/PDImageXObject.cs,migrated,src/PdfBox.Net/PDModel/Graphics/Image/PDImageXObject.cs:40: ILogger<PDImageXObject> LOG => PdfBoxLogging.CreateLogger<PDImageXObject>();,
pdfbox/src/main/java/org/apache/pdfbox/pdmodel/graphics/image/PDImageXObject.java,241,call,debug,"LOG.debug(""Reading as TIFF failed, setting fileType to PNG"", ex);",src/PdfBox.Net/PDModel/Graphics/Image/PDImageXObject.cs,absent-region,,"The Java ImageIO provider, metadata, color-space, and suffix-detection branches containing these diagnostics are absent from the current image port."
pdfbox/src/main/java/org/apache/pdfbox/pdmodel/graphics/image/PDImageXObject.java,308,call,debug,"LOG.debug(""Reading as TIFF failed, setting fileType to PNG"", ex);",src/PdfBox.Net/PDModel/Graphics/Image/PDImageXObject.cs,absent-region,,"The Java ImageIO provider, metadata, color-space, and suffix-detection branches containing these diagnostics are absent from the current image port."
pdfbox/src/main/java/org/apache/pdfbox/pdmodel/graphics/image/PDImageXObject.java,395,call,debug,"LOG.debug(""Reading as TIFF failed, setting fileType to PNG"", ex);",src/PdfBox.Net/PDModel/Graphics/Image/PDImageXObject.cs,absent-region,,"The Java ImageIO provider, metadata, color-space, and suffix-detection branches containing these diagnostics are absent from the current image port."
pdfbox/src/main/java/org/apache/pdfbox/pdmodel/graphics/image/PDImageXObject.java,556,call,error,"LOG.error(""Image /Matte entry not long enough for colorspace, skipped"");",src/PdfBox.Net/PDModel/Graphics/Image/PDImageXObject.cs,absent-region,,"The Java ImageIO provider, metadata, color-space, and suffix-detection branches containing these diagnostics are absent from the current image port."
pdfbox/src/main/java/org/apache/pdfbox/pdmodel/graphics/image/PDImageXObject.java,761,call,debug,"LOG.debug(""Can't initialize JPX based values"", exception);",src/PdfBox.Net/PDModel/Graphics/Image/PDImageXObject.cs,absent-region,,"The Java ImageIO provider, metadata, color-space, and suffix-detection branches containing these diagnostics are absent from the current image port."
pdfbox/src/main/java/org/apache/pdfbox/pdmodel/graphics/image/PDImageXObject.java,788,call,warn,"LOG.warn(e.getMessage(), e);",src/PdfBox.Net/PDModel/Graphics/Image/PDImageXObject.cs,absent-region,,"The Java ImageIO provider, metadata, color-space, and suffix-detection branches containing these diagnostics are absent from the current image port."
pdfbox/src/main/java/org/apache/pdfbox/pdmodel/graphics/image/PDImageXObject.java,1052,call,warn,"LOG.warn(""getSuffix() returns null, filters: "" + filters);",src/PdfBox.Net/PDModel/Graphics/Image/PDImageXObject.cs,absent-region,,"The Java ImageIO provider, metadata, color-space, and suffix-detection branches containing these diagnostics are absent from the current image port."
pdfbox/src/main/java/org/apache/pdfbox/pdmodel/graphics/image/PNGConverter.java,64,logger-field,,private static final Log LOG = LogFactory.getLog(PNGConverter.class);,src/PdfBox.Net/PDModel/Graphics/Image/PNGConverter.cs,migrated,src/PdfBox.Net/PDModel/Graphics/Image/PNGConverter.cs:43: ILogger<PNGConverter> LOG => PdfBoxLogging.CreateLogger<PNGConverter>();,
pdfbox/src/main/java/org/apache/pdfbox/pdmodel/graphics/image/PNGConverter.java,147,call,error,"LOG.error(String.format(""Invalid bit depth %d."", bitDepth));",src/PdfBox.Net/PDModel/Graphics/Image/PNGConverter.cs,absent-region,,"The current PNG converter is a minimal stub and lacks the Java chunk parsing, CRC, color-type, palette, transparency, and predictor implementation that owns these diagnostics."
pdfbox/src/main/java/org/apache/pdfbox/pdmodel/graphics/image/PNGConverter.java,152,call,error,"LOG.error(String.format(""Invalid image size %d x %d"", width, height));",src/PdfBox.Net/PDModel/Graphics/Image/PNGConverter.cs,absent-region,,"The current PNG converter is a minimal stub and lacks the Java chunk parsing, CRC, color-type, palette, transparency, and predictor implementation that owns these diagnostics."
pdfbox/src/main/java/org/apache/pdfbox/pdmodel/graphics/image/PNGConverter.java,157,call,error,"LOG.error(String.format(""Unknown PNG compression method %d."", compressionMethod));",src/PdfBox.Net/PDModel/Graphics/Image/PNGConverter.cs,absent-region,,"The current PNG converter is a minimal stub and lacks the Java chunk parsing, CRC, color-type, palette, transparency, and predictor implementation that owns these diagnostics."
pdfbox/src/main/java/org/apache/pdfbox/pdmodel/graphics/image/PNGConverter.java,162,call,error,"LOG.error(String.format(""Unknown PNG filtering method %d."", compressionMethod));",src/PdfBox.Net/PDModel/Graphics/Image/PNGConverter.cs,absent-region,,"The current PNG converter is a minimal stub and lacks the Java chunk parsing, CRC, color-type, palette, transparency, and predictor implementation that owns these diagnostics."
pdfbox/src/main/java/org/apache/pdfbox/pdmodel/graphics/image/PNGConverter.java,167,call,debug,"LOG.debug(String.format(""Can't handle interlace method %d."", interlaceMethod));",src/PdfBox.Net/PDModel/Graphics/Image/PNGConverter.cs,absent-region,,"The current PNG converter is a minimal stub and lacks the Java chunk parsing, CRC, color-type, palette, transparency, and predictor implementation that owns these diagnostics."
pdfbox/src/main/java/org/apache/pdfbox/pdmodel/graphics/image/PNGConverter.java,179,call,debug,"LOG.debug(""Can't handle grayscale yet."");",src/PdfBox.Net/PDModel/Graphics/Image/PNGConverter.cs,absent-region,,"The current PNG converter is a minimal stub and lacks the Java chunk parsing, CRC, color-type, palette, transparency, and predictor implementation that owns these diagnostics."
pdfbox/src/main/java/org/apache/pdfbox/pdmodel/graphics/image/PNGConverter.java,185,call,debug,"LOG.debug(""Can't handle images with transparent colors."");",src/PdfBox.Net/PDModel/Graphics/Image/PNGConverter.cs,absent-region,,"The current PNG converter is a minimal stub and lacks the Java chunk parsing, CRC, color-type, palette, transparency, and predictor implementation that owns these diagnostics."
pdfbox/src/main/java/org/apache/pdfbox/pdmodel/graphics/image/PNGConverter.java,194,call,debug,"LOG.debug( ""Can't handle grayscale with alpha, would need to separate alpha from image data"");",src/PdfBox.Net/PDModel/Graphics/Image/PNGConverter.cs,absent-region,,"The current PNG converter is a minimal stub and lacks the Java chunk parsing, CRC, color-type, palette, transparency, and predictor implementation that owns these diagnostics."
pdfbox/src/main/java/org/apache/pdfbox/pdmodel/graphics/image/PNGConverter.java,199,call,debug,"LOG.debug( ""Can't handle truecolor with alpha, would need to separate alpha from image data"");",src/PdfBox.Net/PDModel/Graphics/Image/PNGConverter.cs,absent-region,,"The current PNG converter is a minimal stub and lacks the Java chunk parsing, CRC, color-type, palette, transparency, and predictor implementation that owns these diagnostics."
pdfbox/src/main/java/org/apache/pdfbox/pdmodel/graphics/image/PNGConverter.java,203,call,error,"LOG.error(""Unknown PNG color type "" + colorType);",src/PdfBox.Net/PDModel/Graphics/Image/PNGConverter.cs,absent-region,,"The current PNG converter is a minimal stub and lacks the Java chunk parsing, CRC, color-type, palette, transparency, and predictor implementation that owns these diagnostics."
pdfbox/src/main/java/org/apache/pdfbox/pdmodel/graphics/image/PNGConverter.java,217,call,error,"LOG.error(""Indexed image without PLTE chunk."");",src/PdfBox.Net/PDModel/Graphics/Image/PNGConverter.cs,absent-region,,"The current PNG converter is a minimal stub and lacks the Java chunk parsing, CRC, color-type, palette, transparency, and predictor implementation that owns these diagnostics."
pdfbox/src/main/java/org/apache/pdfbox/pdmodel/graphics/image/PNGConverter.java,222,call,error,"LOG.error(""PLTE table corrupted, last (r,g,b) tuple is not complete."");",src/PdfBox.Net/PDModel/Graphics/Image/PNGConverter.cs,absent-region,,"The current PNG converter is a minimal stub and lacks the Java chunk parsing, CRC, color-type, palette, transparency, and predictor implementation that owns these diagnostics."
pdfbox/src/main/java/org/apache/pdfbox/pdmodel/graphics/image/PNGConverter.java,227,call,debug,"LOG.debug(String.format(""Can only convert indexed images with bit depth <= 8, not %d."", state.bitsPerComponent));",src/PdfBox.Net/PDModel/Graphics/Image/PNGConverter.cs,absent-region,,"The current PNG converter is a minimal stub and lacks the Java chunk parsing, CRC, color-type, palette, transparency, and predictor implementation that owns these diagnostics."
pdfbox/src/main/java/org/apache/pdfbox/pdmodel/graphics/image/PNGConverter.java,241,call,error,"LOG.error(String.format(""Too much colors in PLTE, only 256 allowed, found %d colors."", highVal + 1));",src/PdfBox.Net/PDModel/Graphics/Image/PNGConverter.cs,absent-region,,"The current PNG converter is a minimal stub and lacks the Java chunk parsing, CRC, color-type, palette, transparency, and predictor implementation that owns these diagnostics."
pdfbox/src/main/java/org/apache/pdfbox/pdmodel/graphics/image/PNGConverter.java,351,call,error,"LOG.error(""Invalid gAMA chunk length "" + state.gAMA.length);",src/PdfBox.Net/PDModel/Graphics/Image/PNGConverter.cs,absent-region,,"The current PNG converter is a minimal stub and lacks the Java chunk parsing, CRC, color-type, palette, transparency, and predictor implementation that owns these diagnostics."
pdfbox/src/main/java/org/apache/pdfbox/pdmodel/graphics/image/PNGConverter.java,359,call,debug,"LOG.debug(String.format(""We can't handle gamma of %f yet."", gamma));",src/PdfBox.Net/PDModel/Graphics/Image/PNGConverter.cs,absent-region,,"The current PNG converter is a minimal stub and lacks the Java chunk parsing, CRC, color-type, palette, transparency, and predictor implementation that owns these diagnostics."
pdfbox/src/main/java/org/apache/pdfbox/pdmodel/graphics/image/PNGConverter.java,368,call,error,"LOG.error( String.format(""sRGB chunk has an invalid length of %d"", state.sRGB.length));",src/PdfBox.Net/PDModel/Graphics/Image/PNGConverter.cs,absent-region,,"The current PNG converter is a minimal stub and lacks the Java chunk parsing, CRC, color-type, palette, transparency, and predictor implementation that owns these diagnostics."
pdfbox/src/main/java/org/apache/pdfbox/pdmodel/graphics/image/PNGConverter.java,383,call,error,"LOG.error(""Invalid cHRM chunk length "" + state.cHRM.length);",src/PdfBox.Net/PDModel/Graphics/Image/PNGConverter.cs,absent-region,,"The current PNG converter is a minimal stub and lacks the Java chunk parsing, CRC, color-type, palette, transparency, and predictor implementation that owns these diagnostics."
pdfbox/src/main/java/org/apache/pdfbox/pdmodel/graphics/image/PNGConverter.java,386,call,debug,"LOG.debug(""We can not handle cHRM chunks yet."");",src/PdfBox.Net/PDModel/Graphics/Image/PNGConverter.cs,absent-region,,"The current PNG converter is a minimal stub and lacks the Java chunk parsing, CRC, color-type, palette, transparency, and predictor implementation that owns these diagnostics."
pdfbox/src/main/java/org/apache/pdfbox/pdmodel/graphics/image/PNGConverter.java,433,call,error,"LOG.error(""Invalid iCCP chunk, to few bytes"");",src/PdfBox.Net/PDModel/Graphics/Image/PNGConverter.cs,absent-region,,"The current PNG converter is a minimal stub and lacks the Java chunk parsing, CRC, color-type, palette, transparency, and predictor implementation that owns these diagnostics."
pdfbox/src/main/java/org/apache/pdfbox/pdmodel/graphics/image/PNGConverter.java,439,call,error,"LOG.error(String.format(""iCCP chunk: invalid compression method %d"", compressionMethod));",src/PdfBox.Net/PDModel/Graphics/Image/PNGConverter.cs,absent-region,,"The current PNG converter is a minimal stub and lacks the Java chunk parsing, CRC, color-type, palette, transparency, and predictor implementation that owns these diagnostics."
pdfbox/src/main/java/org/apache/pdfbox/pdmodel/graphics/image/PNGConverter.java,600,call,error,"LOG.error(""Invalid IHDR chunk."");",src/PdfBox.Net/PDModel/Graphics/Image/PNGConverter.cs,absent-region,,"The current PNG converter is a minimal stub and lacks the Java chunk parsing, CRC, color-type, palette, transparency, and predictor implementation that owns these diagnostics."
pdfbox/src/main/java/org/apache/pdfbox/pdmodel/graphics/image/PNGConverter.java,605,call,error,"LOG.error(""Invalid PLTE chunk."");",src/PdfBox.Net/PDModel/Graphics/Image/PNGConverter.cs,absent-region,,"The current PNG converter is a minimal stub and lacks the Java chunk parsing, CRC, color-type, palette, transparency, and predictor implementation that owns these diagnostics."
pdfbox/src/main/java/org/apache/pdfbox/pdmodel/graphics/image/PNGConverter.java,610,call,error,"LOG.error(""Invalid iCCP chunk."");",src/PdfBox.Net/PDModel/Graphics/Image/PNGConverter.cs,absent-region,,"The current PNG converter is a minimal stub and lacks the Java chunk parsing, CRC, color-type, palette, transparency, and predictor implementation that owns these diagnostics."
pdfbox/src/main/java/org/apache/pdfbox/pdmodel/graphics/image/PNGConverter.java,615,call,error,"LOG.error(""Invalid tRNS chunk."");",src/PdfBox.Net/PDModel/Graphics/Image/PNGConverter.cs,absent-region,,"The current PNG converter is a minimal stub and lacks the Java chunk parsing, CRC, color-type, palette, transparency, and predictor implementation that owns these diagnostics."
pdfbox/src/main/java/org/apache/pdfbox/pdmodel/graphics/image/PNGConverter.java,620,call,error,"LOG.error(""Invalid sRGB chunk."");",src/PdfBox.Net/PDModel/Graphics/Image/PNGConverter.cs,absent-region,,"The current PNG converter is a minimal stub and lacks the Java chunk parsing, CRC, color-type, palette, transparency, and predictor implementation that owns these diagnostics."
pdfbox/src/main/java/org/apache/pdfbox/pdmodel/graphics/image/PNGConverter.java,625,call,error,"LOG.error(""Invalid cHRM chunk."");",src/PdfBox.Net/PDModel/Graphics/Image/PNGConverter.cs,absent-region,,"The current PNG converter is a minimal stub and lacks the Java chunk parsing, CRC, color-type, palette, transparency, and predictor implementation that owns these diagnostics."
pdfbox/src/main/java/org/apache/pdfbox/pdmodel/graphics/image/PNGConverter.java,630,call,error,"LOG.error(""Invalid gAMA chunk."");",src/PdfBox.Net/PDModel/Graphics/Image/PNGConverter.cs,absent-region,,"The current PNG converter is a minimal stub and lacks the Java chunk parsing, CRC, color-type, palette, transparency, and predictor implementation that owns these diagnostics."
pdfbox/src/main/java/org/apache/pdfbox/pdmodel/graphics/image/PNGConverter.java,637,call,error,"LOG.error(""No IDAT chunks."");",src/PdfBox.Net/PDModel/Graphics/Image/PNGConverter.cs,absent-region,,"The current PNG converter is a minimal stub and lacks the Java chunk parsing, CRC, color-type, palette, transparency, and predictor implementation that owns these diagnostics."
pdfbox/src/main/java/org/apache/pdfbox/pdmodel/graphics/image/PNGConverter.java,644,call,error,"LOG.error(""Invalid IDAT chunk."");",src/PdfBox.Net/PDModel/Graphics/Image/PNGConverter.cs,absent-region,,"The current PNG converter is a minimal stub and lacks the Java chunk parsing, CRC, color-type, palette, transparency, and predictor implementation that owns these diagnostics."
pdfbox/src/main/java/org/apache/pdfbox/pdmodel/graphics/image/PNGConverter.java,677,call,error,"LOG.error(String.format(""Invalid CRC %08X on chunk %08X, expected %08X."", ourCRC, chunk.chunkType, chunk.crc));",src/PdfBox.Net/PDModel/Graphics/Image/PNGConverter.cs,absent-region,,"The current PNG converter is a minimal stub and lacks the Java chunk parsing, CRC, color-type, palette, transparency, and predictor implementation that owns these diagnostics."
pdfbox/src/main/java/org/apache/pdfbox/pdmodel/graphics/image/PNGConverter.java,770,call,error,"LOG.error(""ByteArray way to small: "" + imageData.length);",src/PdfBox.Net/PDModel/Graphics/Image/PNGConverter.cs,absent-region,,"The current PNG converter is a minimal stub and lacks the Java chunk parsing, CRC, color-type, palette, transparency, and predictor implementation that owns these diagnostics."
pdfbox/src/main/java/org/apache/pdfbox/pdmodel/graphics/image/PNGConverter.java,780,call,error,"LOG.error(String.format(""First Chunktype was %08X, not IHDR"", firstChunkType));",src/PdfBox.Net/PDModel/Graphics/Image/PNGConverter.cs,absent-region,,"The current PNG converter is a minimal stub and lacks the Java chunk parsing, CRC, color-type, palette, transparency, and predictor implementation that owns these diagnostics."
pdfbox/src/main/java/org/apache/pdfbox/pdmodel/graphics/image/PNGConverter.java,792,call,error,"LOG.error(""Not enough bytes. At offset "" + ptr + "" are "" + chunkLength + "" bytes expected. Overall length is "" + imageData.length);",src/PdfBox.Net/PDModel/Graphics/Image/PNGConverter.cs,absent-region,,"The current PNG converter is a minimal stub and lacks the Java chunk parsing, CRC, color-type, palette, transparency, and predictor implementation that owns these diagnostics."
pdfbox/src/main/java/org/apache/pdfbox/pdmodel/graphics/image/PNGConverter.java,808,call,error,"LOG.error(""Two IHDR chunks? There is something wrong."");",src/PdfBox.Net/PDModel/Graphics/Image/PNGConverter.cs,absent-region,,"The current PNG converter is a minimal stub and lacks the Java chunk parsing, CRC, color-type, palette, transparency, and predictor implementation that owns these diagnostics."
pdfbox/src/main/java/org/apache/pdfbox/pdmodel/graphics/image/PNGConverter.java,821,call,error,"LOG.error(""Two PLTE chunks? There is something wrong."");",src/PdfBox.Net/PDModel/Graphics/Image/PNGConverter.cs,absent-region,,"The current PNG converter is a minimal stub and lacks the Java chunk parsing, CRC, color-type, palette, transparency, and predictor implementation that owns these diagnostics."
pdfbox/src/main/java/org/apache/pdfbox/pdmodel/graphics/image/PNGConverter.java,833,call,error,"LOG.error(""Two tRNS chunks? There is something wrong."");",src/PdfBox.Net/PDModel/Graphics/Image/PNGConverter.cs,absent-region,,"The current PNG converter is a minimal stub and lacks the Java chunk parsing, CRC, color-type, palette, transparency, and predictor implementation that owns these diagnostics."
pdfbox/src/main/java/org/apache/pdfbox/pdmodel/graphics/image/PNGConverter.java,851,call,debug,"LOG.debug(""Can't convert PNGs with sBIT chunk."");",src/PdfBox.Net/PDModel/Graphics/Image/PNGConverter.cs,absent-region,,"The current PNG converter is a minimal stub and lacks the Java chunk parsing, CRC, color-type, palette, transparency, and predictor implementation that owns these diagnostics."
pdfbox/src/main/java/org/apache/pdfbox/pdmodel/graphics/image/PNGConverter.java,880,call,debug,"LOG.debug(String.format(""Unknown chunk type %08X, skipping."", chunkType));",src/PdfBox.Net/PDModel/Graphics/Image/PNGConverter.cs,absent-region,,"The current PNG converter is a minimal stub and lacks the Java chunk parsing, CRC, color-type, palette, transparency, and predictor implementation that owns these diagnostics."
pdfbox/src/main/java/org/apache/pdfbox/pdmodel/graphics/image/PNGConverter.java,889,call,error,"LOG.error(""No IEND chunk found."");",src/PdfBox.Net/PDModel/Graphics/Image/PNGConverter.cs,absent-region,,"The current PNG converter is a minimal stub and lacks the Java chunk parsing, CRC, color-type, palette, transparency, and predictor implementation that owns these diagnostics."
pdfbox/src/main/java/org/apache/pdfbox/pdmodel/graphics/image/SampledImageReader.java,50,logger-field,,private static final Log LOG = LogFactory.getLog(SampledImageReader.class);,src/PdfBox.Net/PDModel/Graphics/Image/SampledImageReader.cs,migrated,src/PdfBox.Net/PDModel/Graphics/Image/SampledImageReader.cs:43: ILogger<SampledImageReader> LOG => PdfBoxLogging.CreateLogger<SampledImageReader>();,
pdfbox/src/main/java/org/apache/pdfbox/pdmodel/graphics/image/SampledImageReader.java,120,call,warn,"LOG.warn(""premature EOF, image will be incomplete"");",src/PdfBox.Net/PDModel/Graphics/Image/SampledImageReader.cs,migrated,"src/PdfBox.Net/PDModel/Graphics/Image/SampledImageReader.cs:124: LOG.LogWarning(""premature EOF, image will be incomplete"");",Consolidated target site: One generalized C# sample-reading EOF site represents both Java decode paths.
pdfbox/src/main/java/org/apache/pdfbox/pdmodel/graphics/image/SampledImageReader.java,451,call,warn,"LOG.warn(""premature EOF, image will be incomplete"");",src/PdfBox.Net/PDModel/Graphics/Image/SampledImageReader.cs,migrated,"src/PdfBox.Net/PDModel/Graphics/Image/SampledImageReader.cs:124: LOG.LogWarning(""premature EOF, image will be incomplete"");",
pdfbox/src/main/java/org/apache/pdfbox/pdmodel/graphics/image/SampledImageReader.java,506,guard,debug,LOG.isDebugEnabled(),src/PdfBox.Net/PDModel/Graphics/Image/SampledImageReader.cs,migrated,src/PdfBox.Net/PDModel/Graphics/Image/SampledImageReader.cs:127: LOG.IsEnabled(LogLevel.Debug),
pdfbox/src/main/java/org/apache/pdfbox/pdmodel/graphics/image/SampledImageReader.java,508,call,debug,"LOG.debug(""Tried reading "" + (long) width * height * numComponents + "" bytes but only "" + inputResult + "" bytes read"");",src/PdfBox.Net/PDModel/Graphics/Image/SampledImageReader.cs,migrated,"src/PdfBox.Net/PDModel/Graphics/Image/SampledImageReader.cs:129: LOG.LogDebug(""Tried reading {ExpectedBytes} bytes but only {ActualBytes} bytes read"", expectedLength, imageData.Length);",Consolidated target site: One generalized C# short-read diagnostic represents both Java sampling paths.
pdfbox/src/main/java/org/apache/pdfbox/pdmodel/graphics/image/SampledImageReader.java,526,call,debug,"LOG.debug(""Tried reading "" + tempBytes.length + "" bytes but only "" + inputResult + "" bytes read"");",src/PdfBox.Net/PDModel/Graphics/Image/SampledImageReader.cs,migrated,"src/PdfBox.Net/PDModel/Graphics/Image/SampledImageReader.cs:129: LOG.LogDebug(""Tried reading {ExpectedBytes} bytes but only {ActualBytes} bytes read"", expectedLength, imageData.Length);",
pdfbox/src/main/java/org/apache/pdfbox/pdmodel/graphics/image/SampledImageReader.java,616,call,warn,"LOG.warn(""colorKey mask size is "" + colorKey.size() + "", should be "" + (numComponents * 2) + "", ignored"");",src/PdfBox.Net/PDModel/Graphics/Image/SampledImageReader.cs,absent-region,,The Java color-key mask-size validation branch is not present in the current sampled-image reader.
pdfbox/src/main/java/org/apache/pdfbox/pdmodel/graphics/image/SampledImageReader.java,782,call,error,"LOG.error(""decode array "" + cosDecode + "" not compatible with color space, using default"");",src/PdfBox.Net/PDModel/Graphics/Image/SampledImageReader.cs,migrated,"src/PdfBox.Net/PDModel/Graphics/Image/SampledImageReader.cs:201: LOG.LogError(""decode array {DecodeArray} not compatible with color space, using default"", decodeArray);",
pdfbox/src/main/java/org/apache/pdfbox/pdmodel/graphics/shading/AxialShadingContext.java,42,logger-field,,private static final Log LOG = LogFactory.getLog(AxialShadingContext.class);,src/PdfBox.Net/PDModel/Graphics/Shading/AxialShadingContext.cs,migrated,src/PdfBox.Net/PDModel/Graphics/Shading/AxialShadingContext.cs:35: ILogger<AxialShadingContext> LOG => PdfBoxLogging.CreateLogger<AxialShadingContext>();,
pdfbox/src/main/java/org/apache/pdfbox/pdmodel/graphics/shading/AxialShadingContext.java,114,call,error,"LOG.error(ex.getMessage() + "", matrix: "" + matrix, ex);",src/PdfBox.Net/PDModel/Graphics/Shading/AxialShadingContext.cs,absent-region,,The Java degenerate-axis fallback diagnostic is not present in the current shading context.
pdfbox/src/main/java/org/apache/pdfbox/pdmodel/graphics/shading/AxialShadingPaint.java,37,logger-field,,private static final Log LOG = LogFactory.getLog(AxialShadingPaint.class);,src/PdfBox.Net/PDModel/Graphics/Shading/AxialShadingPaint.cs,migrated,src/PdfBox.Net/PDModel/Graphics/Shading/AxialShadingPaint.cs:35: ILogger<AxialShadingPaint> LOG => PdfBoxLogging.CreateLogger<AxialShadingPaint>();,
pdfbox/src/main/java/org/apache/pdfbox/pdmodel/graphics/shading/AxialShadingPaint.java,66,call,error,"LOG.error(""An error occurred while painting"", e);",src/PdfBox.Net/PDModel/Graphics/Shading/AxialShadingPaint.cs,migrated,"src/PdfBox.Net/PDModel/Graphics/Shading/AxialShadingPaint.cs:53: LOG.LogError(ex, ""An error occurred while painting"");",
pdfbox/src/main/java/org/apache/pdfbox/pdmodel/graphics/shading/IntPoint.java,38,logger-field,,private static final Log LOG = LogFactory.getLog(IntPoint.class);,src/PdfBox.Net/PDModel/Graphics/Shading/IntPoint.cs,migrated,src/PdfBox.Net/PDModel/Graphics/Shading/IntPoint.cs:38: ILogger<IntPoint> LOG => PdfBoxLogging.CreateLogger<IntPoint>();,
pdfbox/src/main/java/org/apache/pdfbox/pdmodel/graphics/shading/IntPoint.java,67,call,error,"LOG.error(""IntPoint should not be used together with its base class"");",src/PdfBox.Net/PDModel/Graphics/Shading/IntPoint.cs,migrated,"src/PdfBox.Net/PDModel/Graphics/Shading/IntPoint.cs:64: LOG.LogError(""IntPoint should not be used together with its base class"");",
pdfbox/src/main/java/org/apache/pdfbox/pdmodel/graphics/shading/PDMeshBasedShadingType.java,45,logger-field,,private static final Log LOG = LogFactory.getLog(PDMeshBasedShadingType.class);,src/PdfBox.Net/PDModel/Graphics/Shading/PDMeshBasedShadingType.cs,migrated,src/PdfBox.Net/PDModel/Graphics/Shading/PDMeshBasedShadingType.cs:41: ILogger<PDMeshBasedShadingType> LOG => PdfBoxLogging.CreateLogger<PDMeshBasedShadingType>();,
pdfbox/src/main/java/org/apache/pdfbox/pdmodel/graphics/shading/PDMeshBasedShadingType.java,107,call,error,LOG.error(ex);,src/PdfBox.Net/PDModel/Graphics/Shading/PDMeshBasedShadingType.cs,absent-region,,The Java mesh bit-depth and decode-array validation regions are absent from the current partial shading type.
pdfbox/src/main/java/org/apache/pdfbox/pdmodel/graphics/shading/PDMeshBasedShadingType.java,143,call,warn,"LOG.warn(""bad flag: "" + flag);",src/PdfBox.Net/PDModel/Graphics/Shading/PDMeshBasedShadingType.cs,absent-region,,The Java mesh bit-depth and decode-array validation regions are absent from the current partial shading type.
pdfbox/src/main/java/org/apache/pdfbox/pdmodel/graphics/shading/PDMeshBasedShadingType.java,230,call,debug,"LOG.debug(""EOF"", ex);",src/PdfBox.Net/PDModel/Graphics/Shading/PDMeshBasedShadingType.cs,absent-region,,The Java mesh bit-depth and decode-array validation regions are absent from the current partial shading type.
pdfbox/src/main/java/org/apache/pdfbox/pdmodel/graphics/shading/PDShadingType4.java,45,logger-field,,private static final Log LOG = LogFactory.getLog(PDShadingType4.class);,src/PdfBox.Net/PDModel/Graphics/Shading/PDShadingType4.cs,migrated,src/PdfBox.Net/PDModel/Graphics/Shading/PDShadingType4.cs:43: ILogger<PDShadingType4> LOG => PdfBoxLogging.CreateLogger<PDShadingType4>();,
pdfbox/src/main/java/org/apache/pdfbox/pdmodel/graphics/shading/PDShadingType4.java,134,call,error,LOG.error(ex);,src/PdfBox.Net/PDModel/Graphics/Shading/PDShadingType4.cs,absent-region,,The Java free-form Gouraud triangle stream parser containing these diagnostics is absent from the current shading port.
pdfbox/src/main/java/org/apache/pdfbox/pdmodel/graphics/shading/PDShadingType4.java,156,call,error,"LOG.error(""bad triangle: "" + flag);",src/PdfBox.Net/PDModel/Graphics/Shading/PDShadingType4.cs,absent-region,,The Java free-form Gouraud triangle stream parser containing these diagnostics is absent from the current shading port.
pdfbox/src/main/java/org/apache/pdfbox/pdmodel/graphics/shading/PDShadingType4.java,163,call,error,"LOG.error(""bad triangle: "" + flag);",src/PdfBox.Net/PDModel/Graphics/Shading/PDShadingType4.cs,absent-region,,The Java free-form Gouraud triangle stream parser containing these diagnostics is absent from the current shading port.
pdfbox/src/main/java/org/apache/pdfbox/pdmodel/graphics/shading/PDShadingType4.java,177,call,error,"LOG.error(""broken data stream: "" + list.size() + "", aborting"");",src/PdfBox.Net/PDModel/Graphics/Shading/PDShadingType4.cs,absent-region,,The Java free-form Gouraud triangle stream parser containing these diagnostics is absent from the current shading port.
pdfbox/src/main/java/org/apache/pdfbox/pdmodel/graphics/shading/PDShadingType4.java,196,call,error,"LOG.error(""bad flag "" + flag + "", aborting"");",src/PdfBox.Net/PDModel/Graphics/Shading/PDShadingType4.cs,absent-region,,The Java free-form Gouraud triangle stream parser containing these diagnostics is absent from the current shading port.
pdfbox/src/main/java/org/apache/pdfbox/pdmodel/graphics/shading/PDTriangleBasedShadingType.java,44,logger-field,,private static final Log LOG = LogFactory.getLog(PDTriangleBasedShadingType.class);,src/PdfBox.Net/PDModel/Graphics/Shading/PDTriangleBasedShadingType.cs,migrated,src/PdfBox.Net/PDModel/Graphics/Shading/PDTriangleBasedShadingType.cs:41: ILogger<PDTriangleBasedShadingType> LOG => PdfBoxLogging.CreateLogger<PDTriangleBasedShadingType>();,
pdfbox/src/main/java/org/apache/pdfbox/pdmodel/graphics/shading/PDTriangleBasedShadingType.java,65,call,debug,"LOG.debug(""bitsPerColorComponent: "" + bitsPerColorComponent);",src/PdfBox.Net/PDModel/Graphics/Shading/PDTriangleBasedShadingType.cs,migrated,"src/PdfBox.Net/PDModel/Graphics/Shading/PDTriangleBasedShadingType.cs:67: LOG.LogDebug(""bitsPerColorComponent: {BitsPerColorComponent}"", _bitsPerColorComponent);",
pdfbox/src/main/java/org/apache/pdfbox/pdmodel/graphics/shading/PDTriangleBasedShadingType.java,92,guard,debug,LOG.isDebugEnabled(),src/PdfBox.Net/PDModel/Graphics/Shading/PDTriangleBasedShadingType.cs,absent-region,,"The Java color-decoding loop, including its debug guard, is not present in the current triangle-shading port."
pdfbox/src/main/java/org/apache/pdfbox/pdmodel/graphics/shading/PDTriangleBasedShadingType.java,94,call,debug,"LOG.debug(""bitsPerCoordinate: "" + (Math.pow(2, bitsPerCoordinate) - 1));",src/PdfBox.Net/PDModel/Graphics/Shading/PDTriangleBasedShadingType.cs,migrated,"src/PdfBox.Net/PDModel/Graphics/Shading/PDTriangleBasedShadingType.cs:89: LOG.LogDebug(""bitsPerCoordinate: {MaximumCoordinate}"", Math.Pow(2, _bitsPerCoordinate) - 1);",
pdfbox/src/main/java/org/apache/pdfbox/pdmodel/graphics/shading/PDTriangleBasedShadingType.java,124,call,debug,"LOG.debug(""numberOfColorComponents: "" + numberOfColorComponents);",src/PdfBox.Net/PDModel/Graphics/Shading/PDTriangleBasedShadingType.cs,migrated,"src/PdfBox.Net/PDModel/Graphics/Shading/PDTriangleBasedShadingType.cs:114: LOG.LogDebug(""numberOfColorComponents: {NumberOfColorComponents}"", _numberOfColorComponents);",
pdfbox/src/main/java/org/apache/pdfbox/pdmodel/graphics/shading/PDTriangleBasedShadingType.java,212,call,debug,"LOG.debug(""coord: "" + String.format(""[%06X,%06X] -> [%f,%f]"", x, y, dstX, dstY));",src/PdfBox.Net/PDModel/Graphics/Shading/PDTriangleBasedShadingType.cs,absent-region,,"The Java color-decoding loop, including its debug guard, is not present in the current triangle-shading port."
pdfbox/src/main/java/org/apache/pdfbox/pdmodel/graphics/shading/PDTriangleBasedShadingType.java,221,call,debug,"LOG.debug(""color["" + n + ""]: "" + color + ""/"" + String.format(""%02x"", color) + ""-> color["" + n + ""]: "" + colorComponentTab[n]);",src/PdfBox.Net/PDModel/Graphics/Shading/PDTriangleBasedShadingType.cs,absent-region,,"The Java color-decoding loop, including its debug guard, is not present in the current triangle-shading port."
pdfbox/src/main/java/org/apache/pdfbox/pdmodel/graphics/shading/RadialShadingContext.java,42,logger-field,,private static final Log LOG = LogFactory.getLog(RadialShadingContext.class);,src/PdfBox.Net/PDModel/Graphics/Shading/RadialShadingContext.cs,migrated,src/PdfBox.Net/PDModel/Graphics/Shading/RadialShadingContext.cs:35: ILogger<RadialShadingContext> LOG => PdfBoxLogging.CreateLogger<RadialShadingContext>();,
pdfbox/src/main/java/org/apache/pdfbox/pdmodel/graphics/shading/RadialShadingContext.java,120,call,error,"LOG.error(ex.getMessage() + "", matrix: "" + matrix, ex);",src/PdfBox.Net/PDModel/Graphics/Shading/RadialShadingContext.cs,absent-region,,The Java degenerate-radial fallback diagnostic is not present in the current shading context.
pdfbox/src/main/java/org/apache/pdfbox/pdmodel/graphics/shading/RadialShadingPaint.java,38,logger-field,,private static final Log LOG = LogFactory.getLog(RadialShadingPaint.class);,src/PdfBox.Net/PDModel/Graphics/Shading/RadialShadingPaint.cs,migrated,src/PdfBox.Net/PDModel/Graphics/Shading/RadialShadingPaint.cs:35: ILogger<RadialShadingPaint> LOG => PdfBoxLogging.CreateLogger<RadialShadingPaint>();,
pdfbox/src/main/java/org/apache/pdfbox/pdmodel/graphics/shading/RadialShadingPaint.java,67,call,error,"LOG.error(""An error occurred while painting"", e);",src/PdfBox.Net/PDModel/Graphics/Shading/RadialShadingPaint.cs,migrated,"src/PdfBox.Net/PDModel/Graphics/Shading/RadialShadingPaint.cs:53: LOG.LogError(ex, ""An error occurred while painting"");",
pdfbox/src/main/java/org/apache/pdfbox/pdmodel/graphics/shading/Type1ShadingContext.java,36,logger-field,,private static final Log LOG = LogFactory.getLog(Type1ShadingContext.class);,src/PdfBox.Net/PDModel/Graphics/Shading/Type1ShadingContext.cs,migrated,src/PdfBox.Net/PDModel/Graphics/Shading/Type1ShadingContext.cs:34: ILogger<Type1ShadingContext> LOG => PdfBoxLogging.CreateLogger<Type1ShadingContext>();,
pdfbox/src/main/java/org/apache/pdfbox/pdmodel/graphics/shading/Type1ShadingContext.java,79,call,error,"LOG.error(ex.getMessage() + "", matrix: "" + matrix, ex);",src/PdfBox.Net/PDModel/Graphics/Shading/Type1ShadingContext.cs,absent-region,,The Java Type 1 shading bbox/domain and color-evaluation fallback regions are absent from the current context.
pdfbox/src/main/java/org/apache/pdfbox/pdmodel/graphics/shading/Type1ShadingContext.java,130,call,error,"LOG.error(""error while processing a function"", e);",src/PdfBox.Net/PDModel/Graphics/Shading/Type1ShadingContext.cs,absent-region,,The Java Type 1 shading bbox/domain and color-evaluation fallback regions are absent from the current context.
pdfbox/src/main/java/org/apache/pdfbox/pdmodel/graphics/shading/Type1ShadingContext.java,145,call,error,"LOG.error(""error processing color space"", e);",src/PdfBox.Net/PDModel/Graphics/Shading/Type1ShadingContext.cs,absent-region,,The Java Type 1 shading bbox/domain and color-evaluation fallback regions are absent from the current context.
pdfbox/src/main/java/org/apache/pdfbox/pdmodel/graphics/shading/Type1ShadingPaint.java,36,logger-field,,private static final Log LOG = LogFactory.getLog(Type1ShadingPaint.class);,src/PdfBox.Net/PDModel/Graphics/Shading/Type1ShadingPaint.cs,migrated,src/PdfBox.Net/PDModel/Graphics/Shading/Type1ShadingPaint.cs:35: ILogger<Type1ShadingPaint> LOG => PdfBoxLogging.CreateLogger<Type1ShadingPaint>();,
pdfbox/src/main/java/org/apache/pdfbox/pdmodel/graphics/shading/Type1ShadingPaint.java,65,call,error,"LOG.error(""An error occurred while painting"", e);",src/PdfBox.Net/PDModel/Graphics/Shading/Type1ShadingPaint.cs,migrated,"src/PdfBox.Net/PDModel/Graphics/Shading/Type1ShadingPaint.cs:53: LOG.LogError(ex, ""An error occurred while painting"");",
pdfbox/src/main/java/org/apache/pdfbox/pdmodel/graphics/shading/Type4ShadingContext.java,36,logger-field,,private static final Log LOG = LogFactory.getLog(Type4ShadingContext.class);,src/PdfBox.Net/PDModel/Graphics/Shading/Type4ShadingContext.cs,migrated,src/PdfBox.Net/PDModel/Graphics/Shading/Type4ShadingContext.cs:34: ILogger<Type4ShadingContext> LOG => PdfBoxLogging.CreateLogger<Type4ShadingContext>();,
pdfbox/src/main/java/org/apache/pdfbox/pdmodel/graphics/shading/Type4ShadingContext.java,51,call,debug,"LOG.debug(""Type4ShadingContext"");",src/PdfBox.Net/PDModel/Graphics/Shading/Type4ShadingContext.cs,migrated,"src/PdfBox.Net/PDModel/Graphics/Shading/Type4ShadingContext.cs:39: LOG.LogDebug(""Type4ShadingContext"");",
pdfbox/src/main/java/org/apache/pdfbox/pdmodel/graphics/shading/Type4ShadingContext.java,55,call,debug,"LOG.debug(""bitsPerFlag: "" + bitsPerFlag);",src/PdfBox.Net/PDModel/Graphics/Shading/Type4ShadingContext.cs,migrated,"src/PdfBox.Net/PDModel/Graphics/Shading/Type4ShadingContext.cs:40: LOG.LogDebug(""bitsPerFlag: {BitsPerFlag}"", shading.GetBitsPerFlag());",
pdfbox/src/main/java/org/apache/pdfbox/pdmodel/graphics/shading/Type4ShadingPaint.java,36,logger-field,,private static final Log LOG = LogFactory.getLog(Type4ShadingPaint.class);,src/PdfBox.Net/PDModel/Graphics/Shading/Type4ShadingPaint.cs,migrated,src/PdfBox.Net/PDModel/Graphics/Shading/Type4ShadingPaint.cs:35: ILogger<Type4ShadingPaint> LOG => PdfBoxLogging.CreateLogger<Type4ShadingPaint>();,
pdfbox/src/main/java/org/apache/pdfbox/pdmodel/graphics/shading/Type4ShadingPaint.java,65,call,error,"LOG.error(""An error occurred while painting"", e);",src/PdfBox.Net/PDModel/Graphics/Shading/Type4ShadingPaint.cs,migrated,"src/PdfBox.Net/PDModel/Graphics/Shading/Type4ShadingPaint.cs:53: LOG.LogError(ex, ""An error occurred while painting"");",
pdfbox/src/main/java/org/apache/pdfbox/pdmodel/graphics/shading/Type5ShadingContext.java,36,logger-field,,private static final Log LOG = LogFactory.getLog(Type5ShadingContext.class);,src/PdfBox.Net/PDModel/Graphics/Shading/Type5ShadingContext.cs,migrated,src/PdfBox.Net/PDModel/Graphics/Shading/Type5ShadingContext.cs:34: ILogger<Type5ShadingContext> LOG => PdfBoxLogging.CreateLogger<Type5ShadingContext>();,
pdfbox/src/main/java/org/apache/pdfbox/pdmodel/graphics/shading/Type5ShadingContext.java,52,call,debug,"LOG.debug(""Type5ShadingContext"");",src/PdfBox.Net/PDModel/Graphics/Shading/Type5ShadingContext.cs,migrated,"src/PdfBox.Net/PDModel/Graphics/Shading/Type5ShadingContext.cs:39: LOG.LogDebug(""Type5ShadingContext"");",
pdfbox/src/main/java/org/apache/pdfbox/pdmodel/graphics/shading/Type5ShadingPaint.java,36,logger-field,,private static final Log LOG = LogFactory.getLog(Type5ShadingPaint.class);,src/PdfBox.Net/PDModel/Graphics/Shading/Type5ShadingPaint.cs,migrated,src/PdfBox.Net/PDModel/Graphics/Shading/Type5ShadingPaint.cs:35: ILogger<Type5ShadingPaint> LOG => PdfBoxLogging.CreateLogger<Type5ShadingPaint>();,
pdfbox/src/main/java/org/apache/pdfbox/pdmodel/graphics/shading/Type5ShadingPaint.java,65,call,error,"LOG.error(""An error occurred while painting"", e);",src/PdfBox.Net/PDModel/Graphics/Shading/Type5ShadingPaint.cs,migrated,"src/PdfBox.Net/PDModel/Graphics/Shading/Type5ShadingPaint.cs:53: LOG.LogError(ex, ""An error occurred while painting"");",
pdfbox/src/main/java/org/apache/pdfbox/pdmodel/graphics/shading/Type6ShadingPaint.java,38,logger-field,,private static final Log LOG = LogFactory.getLog(Type6ShadingPaint.class);,src/PdfBox.Net/PDModel/Graphics/Shading/Type6ShadingPaint.cs,migrated,src/PdfBox.Net/PDModel/Graphics/Shading/Type6ShadingPaint.cs:35: ILogger<Type6ShadingPaint> LOG => PdfBoxLogging.CreateLogger<Type6ShadingPaint>();,
pdfbox/src/main/java/org/apache/pdfbox/pdmodel/graphics/shading/Type6ShadingPaint.java,67,call,error,"LOG.error(""An error occurred while painting"", e);",src/PdfBox.Net/PDModel/Graphics/Shading/Type6ShadingPaint.cs,migrated,"src/PdfBox.Net/PDModel/Graphics/Shading/Type6ShadingPaint.cs:53: LOG.LogError(ex, ""An error occurred while painting"");",
pdfbox/src/main/java/org/apache/pdfbox/pdmodel/graphics/shading/Type7ShadingPaint.java,38,logger-field,,private static final Log LOG = LogFactory.getLog(Type7ShadingPaint.class);,src/PdfBox.Net/PDModel/Graphics/Shading/Type7ShadingPaint.cs,migrated,src/PdfBox.Net/PDModel/Graphics/Shading/Type7ShadingPaint.cs:35: ILogger<Type7ShadingPaint> LOG => PdfBoxLogging.CreateLogger<Type7ShadingPaint>();,
pdfbox/src/main/java/org/apache/pdfbox/pdmodel/graphics/shading/Type7ShadingPaint.java,67,call,error,"LOG.error(""An error occurred while painting"", e);",src/PdfBox.Net/PDModel/Graphics/Shading/Type7ShadingPaint.cs,migrated,"src/PdfBox.Net/PDModel/Graphics/Shading/Type7ShadingPaint.cs:53: LOG.LogError(ex, ""An error occurred while painting"");",
pdfbox/src/main/java/org/apache/pdfbox/pdmodel/graphics/state/PDSoftMask.java,87,logger-field,,private static final Log LOG = LogFactory.getLog(PDSoftMask.class);,src/PdfBox.Net/PDModel/Graphics/State/PDSoftMask.cs,migrated,src/PdfBox.Net/PDModel/Graphics/State/PDSoftMask.cs:37: ILogger<PDSoftMask> LOG => PdfBoxLogging.CreateLogger<PDSoftMask>();,
pdfbox/src/main/java/org/apache/pdfbox/pdmodel/graphics/state/PDSoftMask.java,72,call,warn,"LOG.warn(""Invalid SMask "" + dictionary);",src/PdfBox.Net/PDModel/Graphics/State/PDSoftMask.cs,migrated,"src/PdfBox.Net/PDModel/Graphics/State/PDSoftMask.cs:74: LOG.LogWarning(""Invalid SMask {SoftMask}"", dictionary);",Consolidated target site: One generalized C# soft-mask validation branch represents both identical Java warnings.
pdfbox/src/main/java/org/apache/pdfbox/pdmodel/graphics/state/PDSoftMask.java,82,call,warn,"LOG.warn(""Invalid SMask "" + dictionary);",src/PdfBox.Net/PDModel/Graphics/State/PDSoftMask.cs,migrated,"src/PdfBox.Net/PDModel/Graphics/State/PDSoftMask.cs:74: LOG.LogWarning(""Invalid SMask {SoftMask}"", dictionary);",
pdfbox/src/main/java/org/apache/pdfbox/pdmodel/interactive/annotation/PDAnnotation.java,52,logger-field,,private static final Log LOG = LogFactory.getLog(PDAnnotation.class);,src/PdfBox.Net/PDModel/Interactive/Annotation/PDAnnotation.cs,migrated,src/PdfBox.Net/PDModel/Interactive/Annotation/PDAnnotation.cs:42: ILogger<PDAnnotation> LOG => PdfBoxLogging.CreateLogger<PDAnnotation>();,
pdfbox/src/main/java/org/apache/pdfbox/pdmodel/interactive/annotation/PDAnnotation.java,114,call,debug,"LOG.debug(""Unknown annotation subtype"");",src/PdfBox.Net/PDModel/Interactive/Annotation/PDAnnotation.cs,migrated,"src/PdfBox.Net/PDModel/Interactive/Annotation/PDAnnotation.cs:83: LOG.LogDebug(""Unknown annotation subtype"");",
pdfbox/src/main/java/org/apache/pdfbox/pdmodel/interactive/annotation/PDAnnotation.java,160,call,debug,"LOG.debug(""Unknown or unsupported annotation subtype "" + subtype);",src/PdfBox.Net/PDModel/Interactive/Annotation/PDAnnotation.cs,migrated,"src/PdfBox.Net/PDModel/Interactive/Annotation/PDAnnotation.cs:118: LOG.LogDebug(""Unknown or unsupported annotation subtype {Subtype}"", subtype);",
pdfbox/src/main/java/org/apache/pdfbox/pdmodel/interactive/annotation/PDAnnotation.java,194,call,warn,"LOG.warn(""Annotation has type "" + type + "", further mayhem may follow"");",src/PdfBox.Net/PDModel/Interactive/Annotation/PDAnnotation.cs,migrated,"src/PdfBox.Net/PDModel/Interactive/Annotation/PDAnnotation.cs:145: LOG.LogWarning(""Annotation has type {Type}, further mayhem may follow"", type);",
pdfbox/src/main/java/org/apache/pdfbox/pdmodel/interactive/annotation/PDAnnotation.java,270,call,warn,"LOG.warn(rectArray + "" is not a rectangle array, returning null"");",src/PdfBox.Net/PDModel/Interactive/Annotation/PDAnnotation.cs,migrated,"src/PdfBox.Net/PDModel/Interactive/Annotation/PDAnnotation.cs:208: LOG.LogWarning(""{RectangleArray} is not a rectangle array, returning null"", rectArray);",
pdfbox/src/main/java/org/apache/pdfbox/pdmodel/interactive/annotation/PDAnnotationPopup.java,34,logger-field,,private static final Log LOG = LogFactory.getLog(PDAnnotationPopup.class);,src/PdfBox.Net/PDModel/Interactive/Annotation/PDAnnotationPopup.cs,migrated,src/PdfBox.Net/PDModel/Interactive/Annotation/PDAnnotationPopup.cs:17: ILogger<PDAnnotationPopup> LOG => PdfBoxLogging.CreateLogger<PDAnnotationPopup>();,
pdfbox/src/main/java/org/apache/pdfbox/pdmodel/interactive/annotation/PDAnnotationPopup.java,102,call,error,"LOG.error(""parent annotation is of type "" + ann.getClass().getSimpleName() + "" but should be of type PDAnnotationMarkup"");",src/PdfBox.Net/PDModel/Interactive/Annotation/PDAnnotationPopup.cs,migrated,"src/PdfBox.Net/PDModel/Interactive/Annotation/PDAnnotationPopup.cs:47: LOG.LogError(""parent annotation is of type {AnnotationType} but should be of type PDAnnotationMarkup"", annotation.GetType().Name);",
pdfbox/src/main/java/org/apache/pdfbox/pdmodel/interactive/annotation/PDAnnotationPopup.java,110,call,debug,"LOG.debug(""An exception while trying to get the parent markup - ignoring"", ioe);",src/PdfBox.Net/PDModel/Interactive/Annotation/PDAnnotationPopup.cs,migrated,"src/PdfBox.Net/PDModel/Interactive/Annotation/PDAnnotationPopup.cs:52: LOG.LogDebug(ex, ""An exception while trying to get the parent markup - ignoring"");",
pdfbox/src/main/java/org/apache/pdfbox/pdmodel/interactive/annotation/handlers/PDCaretAppearanceHandler.java,38,logger-field,,private static final Log LOG = LogFactory.getLog(PDCaretAppearanceHandler.class);,src/PdfBox.Net/PDModel/Interactive/Annotation/Handlers/PDCaretAppearanceHandler.cs,migrated,src/PdfBox.Net/PDModel/Interactive/Annotation/Handlers/PDCaretAppearanceHandler.cs:15: ILogger<PDCaretAppearanceHandler> LOG => PdfBoxLogging.CreateLogger<PDCaretAppearanceHandler>();,
pdfbox/src/main/java/org/apache/pdfbox/pdmodel/interactive/annotation/handlers/PDCaretAppearanceHandler.java,102,call,error,LOG.error(e);,src/PdfBox.Net/PDModel/Interactive/Annotation/Handlers/PDCaretAppearanceHandler.cs,migrated,"src/PdfBox.Net/PDModel/Interactive/Annotation/Handlers/PDCaretAppearanceHandler.cs:36: LOG.LogError(ex, ""{ErrorMessage}"", ex.Message);",
pdfbox/src/main/java/org/apache/pdfbox/pdmodel/interactive/annotation/handlers/PDCircleAppearanceHandler.java,42,logger-field,,private static final Log LOG = LogFactory.getLog(PDCircleAppearanceHandler.class);,src/PdfBox.Net/PDModel/Interactive/Annotation/Handlers/PDCircleAppearanceHandler.cs,migrated,src/PdfBox.Net/PDModel/Interactive/Annotation/Handlers/PDCircleAppearanceHandler.cs:17: ILogger<PDCircleAppearanceHandler> LOG => PdfBoxLogging.CreateLogger<PDCircleAppearanceHandler>();,
pdfbox/src/main/java/org/apache/pdfbox/pdmodel/interactive/annotation/handlers/PDCircleAppearanceHandler.java,117,call,error,LOG.error(e);,src/PdfBox.Net/PDModel/Interactive/Annotation/Handlers/PDCircleAppearanceHandler.cs,migrated,"src/PdfBox.Net/PDModel/Interactive/Annotation/Handlers/PDCircleAppearanceHandler.cs:53: LOG.LogError(ex, ""{ErrorMessage}"", ex.Message);",
pdfbox/src/main/java/org/apache/pdfbox/pdmodel/interactive/annotation/handlers/PDFileAttachmentAppearanceHandler.java,36,logger-field,,private static final Log LOG = LogFactory.getLog(PDFileAttachmentAppearanceHandler.class);,src/PdfBox.Net/PDModel/Interactive/Annotation/Handlers/PDFileAttachmentAppearanceHandler.cs,migrated,src/PdfBox.Net/PDModel/Interactive/Annotation/Handlers/PDFileAttachmentAppearanceHandler.cs:15: ILogger<PDFileAttachmentAppearanceHandler> LOG => PdfBoxLogging.CreateLogger<PDFileAttachmentAppearanceHandler>();,
pdfbox/src/main/java/org/apache/pdfbox/pdmodel/interactive/annotation/handlers/PDFileAttachmentAppearanceHandler.java,88,call,error,LOG.error(e);,src/PdfBox.Net/PDModel/Interactive/Annotation/Handlers/PDFileAttachmentAppearanceHandler.cs,migrated,"src/PdfBox.Net/PDModel/Interactive/Annotation/Handlers/PDFileAttachmentAppearanceHandler.cs:36: LOG.LogError(ex, ""{ErrorMessage}"", ex.Message);",
pdfbox/src/main/java/org/apache/pdfbox/pdmodel/interactive/annotation/handlers/PDFreeTextAppearanceHandler.java,53,logger-field,,private static final Log LOG = LogFactory.getLog(PDFreeTextAppearanceHandler.class);,src/PdfBox.Net/PDModel/Interactive/Annotation/Handlers/PDFreeTextAppearanceHandler.cs,migrated,src/PdfBox.Net/PDModel/Interactive/Annotation/Handlers/PDFreeTextAppearanceHandler.cs:15: ILogger<PDFreeTextAppearanceHandler> LOG => PdfBoxLogging.CreateLogger<PDFreeTextAppearanceHandler>();,
pdfbox/src/main/java/org/apache/pdfbox/pdmodel/interactive/annotation/handlers/PDFreeTextAppearanceHandler.java,362,call,error,LOG.error(ex);,src/PdfBox.Net/PDModel/Interactive/Annotation/Handlers/PDFreeTextAppearanceHandler.cs,migrated,"src/PdfBox.Net/PDModel/Interactive/Annotation/Handlers/PDFreeTextAppearanceHandler.cs:36: LOG.LogError(ex, ""{ErrorMessage}"", ex.Message);",
pdfbox/src/main/java/org/apache/pdfbox/pdmodel/interactive/annotation/handlers/PDFreeTextAppearanceHandler.java,428,call,warn,"LOG.warn(""Problem parsing /DA, will use default black"", ex);",src/PdfBox.Net/PDModel/Interactive/Annotation/Handlers/PDFreeTextAppearanceHandler.cs,absent-region,,The Java free-text callout and appearance layout branches containing these diagnostics are absent from the current handler.
pdfbox/src/main/java/org/apache/pdfbox/pdmodel/interactive/annotation/handlers/PDFreeTextAppearanceHandler.java,490,call,warn,"LOG.warn(""Problem parsing /DA, will use default 'Helv 10'"", ex);",src/PdfBox.Net/PDModel/Interactive/Annotation/Handlers/PDFreeTextAppearanceHandler.cs,absent-region,,The Java free-text callout and appearance layout branches containing these diagnostics are absent from the current handler.
pdfbox/src/main/java/org/apache/pdfbox/pdmodel/interactive/annotation/handlers/PDHighlightAppearanceHandler.java,41,logger-field,,private static final Log LOG = LogFactory.getLog(PDHighlightAppearanceHandler.class);,src/PdfBox.Net/PDModel/Interactive/Annotation/Handlers/PDHighlightAppearanceHandler.cs,migrated,src/PdfBox.Net/PDModel/Interactive/Annotation/Handlers/PDHighlightAppearanceHandler.cs:15: ILogger<PDHighlightAppearanceHandler> LOG => PdfBoxLogging.CreateLogger<PDHighlightAppearanceHandler>();,
pdfbox/src/main/java/org/apache/pdfbox/pdmodel/interactive/annotation/handlers/PDHighlightAppearanceHandler.java,210,call,error,LOG.error(ex);,src/PdfBox.Net/PDModel/Interactive/Annotation/Handlers/PDHighlightAppearanceHandler.cs,migrated,"src/PdfBox.Net/PDModel/Interactive/Annotation/Handlers/PDHighlightAppearanceHandler.cs:56: LOG.LogError(ex, ""{ErrorMessage}"", ex.Message);",
pdfbox/src/main/java/org/apache/pdfbox/pdmodel/interactive/annotation/handlers/PDInkAppearanceHandler.java,35,logger-field,,private static final Log LOG = LogFactory.getLog(PDInkAppearanceHandler.class);,src/PdfBox.Net/PDModel/Interactive/Annotation/Handlers/PDInkAppearanceHandler.cs,migrated,src/PdfBox.Net/PDModel/Interactive/Annotation/Handlers/PDInkAppearanceHandler.cs:15: ILogger<PDInkAppearanceHandler> LOG => PdfBoxLogging.CreateLogger<PDInkAppearanceHandler>();,
pdfbox/src/main/java/org/apache/pdfbox/pdmodel/interactive/annotation/handlers/PDInkAppearanceHandler.java,130,call,error,LOG.error(ex);,src/PdfBox.Net/PDModel/Interactive/Annotation/Handlers/PDInkAppearanceHandler.cs,migrated,"src/PdfBox.Net/PDModel/Interactive/Annotation/Handlers/PDInkAppearanceHandler.cs:36: LOG.LogError(ex, ""{ErrorMessage}"", ex.Message);",
pdfbox/src/main/java/org/apache/pdfbox/pdmodel/interactive/annotation/handlers/PDLineAppearanceHandler.java,37,logger-field,,private static final Log LOG = LogFactory.getLog(PDLineAppearanceHandler.class);,src/PdfBox.Net/PDModel/Interactive/Annotation/Handlers/PDLineAppearanceHandler.cs,migrated,src/PdfBox.Net/PDModel/Interactive/Annotation/Handlers/PDLineAppearanceHandler.cs:15: ILogger<PDLineAppearanceHandler> LOG => PdfBoxLogging.CreateLogger<PDLineAppearanceHandler>();,
pdfbox/src/main/java/org/apache/pdfbox/pdmodel/interactive/annotation/handlers/PDLineAppearanceHandler.java,183,call,error,"LOG.error(""line text '"" + contents + ""' can't be shown"", ex);",src/PdfBox.Net/PDModel/Interactive/Annotation/Handlers/PDLineAppearanceHandler.cs,absent-region,,The Java inline-caption width calculation and its IllegalArgumentException recovery diagnostic are absent from the simplified release handler.
pdfbox/src/main/java/org/apache/pdfbox/pdmodel/interactive/annotation/handlers/PDLineAppearanceHandler.java,326,call,error,LOG.error(ex);,src/PdfBox.Net/PDModel/Interactive/Annotation/Handlers/PDLineAppearanceHandler.cs,migrated,"src/PdfBox.Net/PDModel/Interactive/Annotation/Handlers/PDLineAppearanceHandler.cs:51: LOG.LogError(ex, ""{ErrorMessage}"", ex.Message);",Consolidated target site: The adapted C# handler has one final appearance-generation catch for the reachable Java outer failure path.
pdfbox/src/main/java/org/apache/pdfbox/pdmodel/interactive/annotation/handlers/PDLinkAppearanceHandler.java,42,logger-field,,private static final Log LOG = LogFactory.getLog(PDLinkAppearanceHandler.class);,src/PdfBox.Net/PDModel/Interactive/Annotation/Handlers/PDLinkAppearanceHandler.cs,migrated,src/PdfBox.Net/PDModel/Interactive/Annotation/Handlers/PDLinkAppearanceHandler.cs:19: ILogger<PDLinkAppearanceHandler> LOG => PdfBoxLogging.CreateLogger<PDLinkAppearanceHandler>();,
pdfbox/src/main/java/org/apache/pdfbox/pdmodel/interactive/annotation/handlers/PDLinkAppearanceHandler.java,93,call,warn,"LOG.warn(""At least one /QuadPoints entry ("" + pathsArray[i * 2] + "";"" + pathsArray[i * 2 + 1] + "") is outside of rectangle, "" + rect + "", /QuadPoints are ignored and /Rect is used instead"");",src/PdfBox.Net/PDModel/Interactive/Annotation/Handlers/PDLinkAppearanceHandler.cs,migrated,"src/PdfBox.Net/PDModel/Interactive/Annotation/Handlers/PDLinkAppearanceHandler.cs:56: LOG.LogWarning( ""At least one /QuadPoints entry ({X};{Y}) is outside of rectangle, {Rectangle}, /QuadPoints are ignored and /Rect is used instead"", pathsArray[i * 2], pathsArray[i * 2 + 1], rect);",
pdfbox/src/main/java/org/apache/pdfbox/pdmodel/interactive/annotation/handlers/PDLinkAppearanceHandler.java,144,call,error,LOG.error(e);,src/PdfBox.Net/PDModel/Interactive/Annotation/Handlers/PDLinkAppearanceHandler.cs,migrated,"src/PdfBox.Net/PDModel/Interactive/Annotation/Handlers/PDLinkAppearanceHandler.cs:106: LOG.LogError(ex, ""{ErrorMessage}"", ex.Message);",
pdfbox/src/main/java/org/apache/pdfbox/pdmodel/interactive/annotation/handlers/PDPolygonAppearanceHandler.java,43,logger-field,,private static final Log LOG = LogFactory.getLog(PDPolygonAppearanceHandler.class);,src/PdfBox.Net/PDModel/Interactive/Annotation/Handlers/PDPolygonAppearanceHandler.cs,migrated,src/PdfBox.Net/PDModel/Interactive/Annotation/Handlers/PDPolygonAppearanceHandler.cs:15: ILogger<PDPolygonAppearanceHandler> LOG => PdfBoxLogging.CreateLogger<PDPolygonAppearanceHandler>();,
pdfbox/src/main/java/org/apache/pdfbox/pdmodel/interactive/annotation/handlers/PDPolygonAppearanceHandler.java,153,call,error,LOG.error(e);,src/PdfBox.Net/PDModel/Interactive/Annotation/Handlers/PDPolygonAppearanceHandler.cs,migrated,"src/PdfBox.Net/PDModel/Interactive/Annotation/Handlers/PDPolygonAppearanceHandler.cs:36: LOG.LogError(ex, ""{ErrorMessage}"", ex.Message);",
pdfbox/src/main/java/org/apache/pdfbox/pdmodel/interactive/annotation/handlers/PDPolylineAppearanceHandler.java,38,logger-field,,private static final Log LOG = LogFactory.getLog(PDPolylineAppearanceHandler.class);,src/PdfBox.Net/PDModel/Interactive/Annotation/Handlers/PDPolylineAppearanceHandler.cs,migrated,src/PdfBox.Net/PDModel/Interactive/Annotation/Handlers/PDPolylineAppearanceHandler.cs:15: ILogger<PDPolylineAppearanceHandler> LOG => PdfBoxLogging.CreateLogger<PDPolylineAppearanceHandler>();,
pdfbox/src/main/java/org/apache/pdfbox/pdmodel/interactive/annotation/handlers/PDPolylineAppearanceHandler.java,197,call,error,LOG.error(ex);,src/PdfBox.Net/PDModel/Interactive/Annotation/Handlers/PDPolylineAppearanceHandler.cs,migrated,"src/PdfBox.Net/PDModel/Interactive/Annotation/Handlers/PDPolylineAppearanceHandler.cs:36: LOG.LogError(ex, ""{ErrorMessage}"", ex.Message);",
pdfbox/src/main/java/org/apache/pdfbox/pdmodel/interactive/annotation/handlers/PDSquareAppearanceHandler.java,43,logger-field,,private static final Log LOG = LogFactory.getLog(PDSquareAppearanceHandler.class);,src/PdfBox.Net/PDModel/Interactive/Annotation/Handlers/PDSquareAppearanceHandler.cs,migrated,src/PdfBox.Net/PDModel/Interactive/Annotation/Handlers/PDSquareAppearanceHandler.cs:17: ILogger<PDSquareAppearanceHandler> LOG => PdfBoxLogging.CreateLogger<PDSquareAppearanceHandler>();,
pdfbox/src/main/java/org/apache/pdfbox/pdmodel/interactive/annotation/handlers/PDSquareAppearanceHandler.java,94,call,error,LOG.error(e);,src/PdfBox.Net/PDModel/Interactive/Annotation/Handlers/PDSquareAppearanceHandler.cs,migrated,"src/PdfBox.Net/PDModel/Interactive/Annotation/Handlers/PDSquareAppearanceHandler.cs:49: LOG.LogError(ex, ""{ErrorMessage}"", ex.Message);",
pdfbox/src/main/java/org/apache/pdfbox/pdmodel/interactive/annotation/handlers/PDSquigglyAppearanceHandler.java,45,logger-field,,private static final Log LOG = LogFactory.getLog(PDSquigglyAppearanceHandler.class);,src/PdfBox.Net/PDModel/Interactive/Annotation/Handlers/PDSquigglyAppearanceHandler.cs,migrated,src/PdfBox.Net/PDModel/Interactive/Annotation/Handlers/PDSquigglyAppearanceHandler.cs:15: ILogger<PDSquigglyAppearanceHandler> LOG => PdfBoxLogging.CreateLogger<PDSquigglyAppearanceHandler>();,
pdfbox/src/main/java/org/apache/pdfbox/pdmodel/interactive/annotation/handlers/PDSquigglyAppearanceHandler.java,167,call,error,LOG.error(ex);,src/PdfBox.Net/PDModel/Interactive/Annotation/Handlers/PDSquigglyAppearanceHandler.cs,migrated,"src/PdfBox.Net/PDModel/Interactive/Annotation/Handlers/PDSquigglyAppearanceHandler.cs:62: LOG.LogError(ex, ""{ErrorMessage}"", ex.Message);",
pdfbox/src/main/java/org/apache/pdfbox/pdmodel/interactive/annotation/handlers/PDStrikeoutAppearanceHandler.java,34,logger-field,,private static final Log LOG = LogFactory.getLog(PDStrikeoutAppearanceHandler.class);,src/PdfBox.Net/PDModel/Interactive/Annotation/Handlers/PDStrikeoutAppearanceHandler.cs,migrated,src/PdfBox.Net/PDModel/Interactive/Annotation/Handlers/PDStrikeoutAppearanceHandler.cs:15: ILogger<PDStrikeoutAppearanceHandler> LOG => PdfBoxLogging.CreateLogger<PDStrikeoutAppearanceHandler>();,
pdfbox/src/main/java/org/apache/pdfbox/pdmodel/interactive/annotation/handlers/PDStrikeoutAppearanceHandler.java,141,call,error,LOG.error(ex);,src/PdfBox.Net/PDModel/Interactive/Annotation/Handlers/PDStrikeoutAppearanceHandler.cs,migrated,"src/PdfBox.Net/PDModel/Interactive/Annotation/Handlers/PDStrikeoutAppearanceHandler.cs:57: LOG.LogError(ex, ""{ErrorMessage}"", ex.Message);",
pdfbox/src/main/java/org/apache/pdfbox/pdmodel/interactive/annotation/handlers/PDTextAppearanceHandler.java,47,logger-field,,private static final Log LOG = LogFactory.getLog(PDTextAppearanceHandler.class);,src/PdfBox.Net/PDModel/Interactive/Annotation/Handlers/PDTextAppearanceHandler.cs,migrated,src/PdfBox.Net/PDModel/Interactive/Annotation/Handlers/PDTextAppearanceHandler.cs:17: ILogger<PDTextAppearanceHandler> LOG => PdfBoxLogging.CreateLogger<PDTextAppearanceHandler>();,
pdfbox/src/main/java/org/apache/pdfbox/pdmodel/interactive/annotation/handlers/PDTextAppearanceHandler.java,162,call,error,LOG.error(e);,src/PdfBox.Net/PDModel/Interactive/Annotation/Handlers/PDTextAppearanceHandler.cs,migrated,"src/PdfBox.Net/PDModel/Interactive/Annotation/Handlers/PDTextAppearanceHandler.cs:63: LOG.LogError(ex, ""{ErrorMessage}"", ex.Message);",
pdfbox/src/main/java/org/apache/pdfbox/pdmodel/interactive/annotation/handlers/PDUnderlineAppearanceHandler.java,34,logger-field,,private static final Log LOG = LogFactory.getLog(PDUnderlineAppearanceHandler.class);,src/PdfBox.Net/PDModel/Interactive/Annotation/Handlers/PDUnderlineAppearanceHandler.cs,migrated,src/PdfBox.Net/PDModel/Interactive/Annotation/Handlers/PDUnderlineAppearanceHandler.cs:15: ILogger<PDUnderlineAppearanceHandler> LOG => PdfBoxLogging.CreateLogger<PDUnderlineAppearanceHandler>();,
pdfbox/src/main/java/org/apache/pdfbox/pdmodel/interactive/annotation/handlers/PDUnderlineAppearanceHandler.java,140,call,error,LOG.error(ex);,src/PdfBox.Net/PDModel/Interactive/Annotation/Handlers/PDUnderlineAppearanceHandler.cs,migrated,"src/PdfBox.Net/PDModel/Interactive/Annotation/Handlers/PDUnderlineAppearanceHandler.cs:36: LOG.LogError(ex, ""{ErrorMessage}"", ex.Message);",
pdfbox/src/main/java/org/apache/pdfbox/pdmodel/interactive/digitalsignature/visible/PDFTemplateCreator.java,47,logger-field,,private static final Log LOG = LogFactory.getLog(PDFTemplateCreator.class);,src/PdfBox.Net/PDModel/Interactive/DigitalSignature/Visible/PDFTemplateCreator.cs,migrated,src/PdfBox.Net/PDModel/Interactive/DigitalSignature/Visible/PDFTemplateCreator.cs:15: ILogger<PDFTemplateCreator> LOG => PdfBoxLogging.CreateLogger<PDFTemplateCreator>();,
pdfbox/src/main/java/org/apache/pdfbox/pdmodel/interactive/digitalsignature/visible/PDFTemplateCreator.java,78,call,info,"LOG.info(""pdf building has been started"");",src/PdfBox.Net/PDModel/Interactive/DigitalSignature/Visible/PDFTemplateCreator.cs,migrated,"src/PdfBox.Net/PDModel/Interactive/DigitalSignature/Visible/PDFTemplateCreator.cs:28: LOG.LogInformation(""pdf building has been started"");",
pdfbox/src/main/java/org/apache/pdfbox/pdmodel/interactive/digitalsignature/visible/PDFTemplateCreator.java,151,call,info,"LOG.info(""stream returning started, size= "" + in.available());",src/PdfBox.Net/PDModel/Interactive/DigitalSignature/Visible/PDFTemplateCreator.cs,migrated,"src/PdfBox.Net/PDModel/Interactive/DigitalSignature/Visible/PDFTemplateCreator.cs:30: LOG.LogInformation(""stream returning started, size= {Size}"", stream.CanSeek ? stream.Length : -1);",
pdfbox/src/main/java/org/apache/pdfbox/pdmodel/interactive/digitalsignature/visible/PDVisibleSigBuilder.java,56,logger-field,,private static final Log LOG = LogFactory.getLog(PDVisibleSigBuilder.class);,src/PdfBox.Net/PDModel/Interactive/DigitalSignature/Visible/PDVisibleSigBuilder.cs,migrated,src/PdfBox.Net/PDModel/Interactive/DigitalSignature/Visible/PDVisibleSigBuilder.cs:26: ILogger<PDVisibleSigBuilder> LOG => PdfBoxLogging.CreateLogger<PDVisibleSigBuilder>();,
pdfbox/src/main/java/org/apache/pdfbox/pdmodel/interactive/digitalsignature/visible/PDVisibleSigBuilder.java,64,call,info,"LOG.info(""PDF Structure has been created"");",src/PdfBox.Net/PDModel/Interactive/DigitalSignature/Visible/PDVisibleSigBuilder.cs,migrated,"src/PdfBox.Net/PDModel/Interactive/DigitalSignature/Visible/PDVisibleSigBuilder.cs:32: LOG.LogInformation(""PDF Structure has been created"");",
pdfbox/src/main/java/org/apache/pdfbox/pdmodel/interactive/digitalsignature/visible/PDVisibleSigBuilder.java,73,call,info,"LOG.info(""PDF page has been created"");",src/PdfBox.Net/PDModel/Interactive/DigitalSignature/Visible/PDVisibleSigBuilder.cs,migrated,"src/PdfBox.Net/PDModel/Interactive/DigitalSignature/Visible/PDVisibleSigBuilder.cs:41: LOG.LogInformation(""PDF page has been created"");",
pdfbox/src/main/java/org/apache/pdfbox/pdmodel/interactive/digitalsignature/visible/PDVisibleSigBuilder.java,97,call,info,"LOG.info(""AcroForm has been created"");",src/PdfBox.Net/PDModel/Interactive/DigitalSignature/Visible/PDVisibleSigBuilder.cs,migrated,"src/PdfBox.Net/PDModel/Interactive/DigitalSignature/Visible/PDVisibleSigBuilder.cs:58: LOG.LogInformation(""AcroForm has been created"");",
pdfbox/src/main/java/org/apache/pdfbox/pdmodel/interactive/digitalsignature/visible/PDVisibleSigBuilder.java,111,call,info,"LOG.info(""Signature field has been created"");",src/PdfBox.Net/PDModel/Interactive/DigitalSignature/Visible/PDVisibleSigBuilder.cs,migrated,"src/PdfBox.Net/PDModel/Interactive/DigitalSignature/Visible/PDVisibleSigBuilder.cs:65: LOG.LogInformation(""Signature field has been created"");",
pdfbox/src/main/java/org/apache/pdfbox/pdmodel/interactive/digitalsignature/visible/PDVisibleSigBuilder.java,128,call,info,"LOG.info(""PDSignature has been created"");",src/PdfBox.Net/PDModel/Interactive/DigitalSignature/Visible/PDVisibleSigBuilder.cs,migrated,"src/PdfBox.Net/PDModel/Interactive/DigitalSignature/Visible/PDVisibleSigBuilder.cs:84: LOG.LogInformation(""PDSignature has been created"");",
pdfbox/src/main/java/org/apache/pdfbox/pdmodel/interactive/digitalsignature/visible/PDVisibleSigBuilder.java,144,call,info,"LOG.info(""AcroForm dictionary has been created"");",src/PdfBox.Net/PDModel/Interactive/DigitalSignature/Visible/PDVisibleSigBuilder.cs,migrated,"src/PdfBox.Net/PDModel/Interactive/DigitalSignature/Visible/PDVisibleSigBuilder.cs:101: LOG.LogInformation(""AcroForm dictionary has been created"");",
pdfbox/src/main/java/org/apache/pdfbox/pdmodel/interactive/digitalsignature/visible/PDVisibleSigBuilder.java,160,call,info,"LOG.info(""Signature rectangle has been created"");",src/PdfBox.Net/PDModel/Interactive/DigitalSignature/Visible/PDVisibleSigBuilder.cs,migrated,"src/PdfBox.Net/PDModel/Interactive/DigitalSignature/Visible/PDVisibleSigBuilder.cs:116: LOG.LogInformation(""Signature rectangle has been created"");",
pdfbox/src/main/java/org/apache/pdfbox/pdmodel/interactive/digitalsignature/visible/PDVisibleSigBuilder.java,167,call,info,"LOG.info(""Matrix has been added"");",src/PdfBox.Net/PDModel/Interactive/DigitalSignature/Visible/PDVisibleSigBuilder.cs,migrated,"src/PdfBox.Net/PDModel/Interactive/DigitalSignature/Visible/PDVisibleSigBuilder.cs:123: LOG.LogInformation(""Matrix has been added"");",
pdfbox/src/main/java/org/apache/pdfbox/pdmodel/interactive/digitalsignature/visible/PDVisibleSigBuilder.java,180,call,info,"LOG.info(""ProcSet array has been created"");",src/PdfBox.Net/PDModel/Interactive/DigitalSignature/Visible/PDVisibleSigBuilder.cs,migrated,"src/PdfBox.Net/PDModel/Interactive/DigitalSignature/Visible/PDVisibleSigBuilder.cs:135: LOG.LogInformation(""ProcSet array has been created"");",
pdfbox/src/main/java/org/apache/pdfbox/pdmodel/interactive/digitalsignature/visible/PDVisibleSigBuilder.java,187,call,info,"LOG.info(""Visible Signature Image has been created"");",src/PdfBox.Net/PDModel/Interactive/DigitalSignature/Visible/PDVisibleSigBuilder.cs,migrated,"src/PdfBox.Net/PDModel/Interactive/DigitalSignature/Visible/PDVisibleSigBuilder.cs:143: LOG.LogInformation(""Visible Signature Image has been created"");",
pdfbox/src/main/java/org/apache/pdfbox/pdmodel/interactive/digitalsignature/visible/PDVisibleSigBuilder.java,200,call,info,"LOG.info(""Formatter rectangle has been created"");",src/PdfBox.Net/PDModel/Interactive/DigitalSignature/Visible/PDVisibleSigBuilder.cs,migrated,"src/PdfBox.Net/PDModel/Interactive/DigitalSignature/Visible/PDVisibleSigBuilder.cs:160: LOG.LogInformation(""Formatter rectangle has been created"");",
pdfbox/src/main/java/org/apache/pdfbox/pdmodel/interactive/digitalsignature/visible/PDVisibleSigBuilder.java,208,call,info,"LOG.info(""Holder form stream has been created"");",src/PdfBox.Net/PDModel/Interactive/DigitalSignature/Visible/PDVisibleSigBuilder.cs,migrated,"src/PdfBox.Net/PDModel/Interactive/DigitalSignature/Visible/PDVisibleSigBuilder.cs:167: LOG.LogInformation(""Holder form stream has been created"");",
pdfbox/src/main/java/org/apache/pdfbox/pdmodel/interactive/digitalsignature/visible/PDVisibleSigBuilder.java,216,call,info,"LOG.info(""Holder form resources have been created"");",src/PdfBox.Net/PDModel/Interactive/DigitalSignature/Visible/PDVisibleSigBuilder.cs,migrated,"src/PdfBox.Net/PDModel/Interactive/DigitalSignature/Visible/PDVisibleSigBuilder.cs:173: LOG.LogInformation(""Holder form resources have been created"");",
pdfbox/src/main/java/org/apache/pdfbox/pdmodel/interactive/digitalsignature/visible/PDVisibleSigBuilder.java,229,call,info,"LOG.info(""Holder form has been created"");",src/PdfBox.Net/PDModel/Interactive/DigitalSignature/Visible/PDVisibleSigBuilder.cs,migrated,"src/PdfBox.Net/PDModel/Interactive/DigitalSignature/Visible/PDVisibleSigBuilder.cs:187: LOG.LogInformation(""Holder form has been created"");",
pdfbox/src/main/java/org/apache/pdfbox/pdmodel/interactive/digitalsignature/visible/PDVisibleSigBuilder.java,246,call,info,"LOG.info(""PDF appearance dictionary has been created"");",src/PdfBox.Net/PDModel/Interactive/DigitalSignature/Visible/PDVisibleSigBuilder.cs,migrated,"src/PdfBox.Net/PDModel/Interactive/DigitalSignature/Visible/PDVisibleSigBuilder.cs:201: LOG.LogInformation(""PDF appearance dictionary has been created"");",
pdfbox/src/main/java/org/apache/pdfbox/pdmodel/interactive/digitalsignature/visible/PDVisibleSigBuilder.java,254,call,info,"LOG.info(""Stream of another form (inner form - it will be inside holder form) "" + ""has been created"");",src/PdfBox.Net/PDModel/Interactive/DigitalSignature/Visible/PDVisibleSigBuilder.cs,migrated,"src/PdfBox.Net/PDModel/Interactive/DigitalSignature/Visible/PDVisibleSigBuilder.cs:208: LOG.LogInformation( ""Stream of another form (inner form - it will be inside holder form) has been created"");",
pdfbox/src/main/java/org/apache/pdfbox/pdmodel/interactive/digitalsignature/visible/PDVisibleSigBuilder.java,263,call,info,"LOG.info(""Resources of another form (inner form - it will be inside holder form)"" + ""have been created"");",src/PdfBox.Net/PDModel/Interactive/DigitalSignature/Visible/PDVisibleSigBuilder.cs,migrated,"src/PdfBox.Net/PDModel/Interactive/DigitalSignature/Visible/PDVisibleSigBuilder.cs:215: LOG.LogInformation( ""Resources of another form (inner form - it will be inside holder form)have been created"");",
pdfbox/src/main/java/org/apache/pdfbox/pdmodel/interactive/digitalsignature/visible/PDVisibleSigBuilder.java,276,call,info,"LOG.info(""Another form (inner form - it will be inside holder form) has been created"");",src/PdfBox.Net/PDModel/Interactive/DigitalSignature/Visible/PDVisibleSigBuilder.cs,migrated,"src/PdfBox.Net/PDModel/Interactive/DigitalSignature/Visible/PDVisibleSigBuilder.cs:230: LOG.LogInformation(""Another form (inner form - it will be inside holder form) has been created"");",
pdfbox/src/main/java/org/apache/pdfbox/pdmodel/interactive/digitalsignature/visible/PDVisibleSigBuilder.java,285,call,info,"LOG.info(""Now inserted inner form inside holder form"");",src/PdfBox.Net/PDModel/Interactive/DigitalSignature/Visible/PDVisibleSigBuilder.cs,migrated,"src/PdfBox.Net/PDModel/Interactive/DigitalSignature/Visible/PDVisibleSigBuilder.cs:241: LOG.LogInformation(""Now inserted inner form inside holder form"");",
pdfbox/src/main/java/org/apache/pdfbox/pdmodel/interactive/digitalsignature/visible/PDVisibleSigBuilder.java,293,call,info,"LOG.info(""Created image form stream"");",src/PdfBox.Net/PDModel/Interactive/DigitalSignature/Visible/PDVisibleSigBuilder.cs,migrated,"src/PdfBox.Net/PDModel/Interactive/DigitalSignature/Visible/PDVisibleSigBuilder.cs:248: LOG.LogInformation(""Created image form stream"");",
pdfbox/src/main/java/org/apache/pdfbox/pdmodel/interactive/digitalsignature/visible/PDVisibleSigBuilder.java,301,call,info,"LOG.info(""Created image form resources"");",src/PdfBox.Net/PDModel/Interactive/DigitalSignature/Visible/PDVisibleSigBuilder.cs,migrated,"src/PdfBox.Net/PDModel/Interactive/DigitalSignature/Visible/PDVisibleSigBuilder.cs:254: LOG.LogInformation(""Created image form resources"");",
pdfbox/src/main/java/org/apache/pdfbox/pdmodel/interactive/digitalsignature/visible/PDVisibleSigBuilder.java,323,call,info,"LOG.info(""Created image form"");",src/PdfBox.Net/PDModel/Interactive/DigitalSignature/Visible/PDVisibleSigBuilder.cs,migrated,"src/PdfBox.Net/PDModel/Interactive/DigitalSignature/Visible/PDVisibleSigBuilder.cs:279: LOG.LogInformation(""Created image form"");",
pdfbox/src/main/java/org/apache/pdfbox/pdmodel/interactive/digitalsignature/visible/PDVisibleSigBuilder.java,336,call,info,"LOG.info(""Created background layer form"");",src/PdfBox.Net/PDModel/Interactive/DigitalSignature/Visible/PDVisibleSigBuilder.cs,migrated,"src/PdfBox.Net/PDModel/Interactive/DigitalSignature/Visible/PDVisibleSigBuilder.cs:294: LOG.LogInformation(""Created background layer form"");",
pdfbox/src/main/java/org/apache/pdfbox/pdmodel/interactive/digitalsignature/visible/PDVisibleSigBuilder.java,349,call,info,"LOG.info(""Inserted ProcSet to PDF"");",src/PdfBox.Net/PDModel/Interactive/DigitalSignature/Visible/PDVisibleSigBuilder.cs,migrated,"src/PdfBox.Net/PDModel/Interactive/DigitalSignature/Visible/PDVisibleSigBuilder.cs:312: LOG.LogInformation(""Inserted ProcSet to PDF"");",
pdfbox/src/main/java/org/apache/pdfbox/pdmodel/interactive/digitalsignature/visible/PDVisibleSigBuilder.java,371,call,info,"LOG.info(""Injected appearance stream to pdf"");",src/PdfBox.Net/PDModel/Interactive/DigitalSignature/Visible/PDVisibleSigBuilder.cs,migrated,"src/PdfBox.Net/PDModel/Interactive/DigitalSignature/Visible/PDVisibleSigBuilder.cs:337: LOG.LogInformation(""Injected appearance stream to pdf"");",
pdfbox/src/main/java/org/apache/pdfbox/pdmodel/interactive/digitalsignature/visible/PDVisibleSigBuilder.java,384,call,info,"LOG.info(""Visible signature has been created"");",src/PdfBox.Net/PDModel/Interactive/DigitalSignature/Visible/PDVisibleSigBuilder.cs,migrated,"src/PdfBox.Net/PDModel/Interactive/DigitalSignature/Visible/PDVisibleSigBuilder.cs:362: LOG.LogInformation(""Visible signature has been created"");",
pdfbox/src/main/java/org/apache/pdfbox/pdmodel/interactive/digitalsignature/visible/PDVisibleSigBuilder.java,396,call,info,"LOG.info(""WidgetDictionary has been created"");",src/PdfBox.Net/PDModel/Interactive/DigitalSignature/Visible/PDVisibleSigBuilder.cs,migrated,"src/PdfBox.Net/PDModel/Interactive/DigitalSignature/Visible/PDVisibleSigBuilder.cs:374: LOG.LogInformation(""WidgetDictionary has been created"");",
pdfbox/src/main/java/org/apache/pdfbox/pdmodel/interactive/documentnavigation/outline/PDOutlineNode.java,33,logger-field,,private static final Log LOG = LogFactory.getLog(PDOutlineNode.class);,src/PdfBox.Net/PDModel/Interactive/DocumentNavigation/Outline/PDOutlineNode.cs,migrated,src/PdfBox.Net/PDModel/Interactive/DocumentNavigation/Outline/PDOutlineNode.cs:39: ILogger<PDOutlineNode> LOG => PdfBoxLogging.CreateLogger<PDOutlineNode>();,
pdfbox/src/main/java/org/apache/pdfbox/pdmodel/interactive/documentnavigation/outline/PDOutlineNode.java,292,call,warn,"LOG.warn(""Outline parent points to itself"");",src/PdfBox.Net/PDModel/Interactive/DocumentNavigation/Outline/PDOutlineNode.cs,migrated,"src/PdfBox.Net/PDModel/Interactive/DocumentNavigation/Outline/PDOutlineNode.cs:280: LOG.LogWarning(""Outline parent points to itself"");",
pdfbox/src/main/java/org/apache/pdfbox/pdmodel/interactive/form/AppearanceGeneratorHelper.java,66,logger-field,,private static final Log LOG = LogFactory.getLog(AppearanceGeneratorHelper.class);,src/PdfBox.Net/PDModel/Interactive/Form/AppearanceGeneratorHelper.cs,migrated,src/PdfBox.Net/PDModel/Interactive/Form/AppearanceGeneratorHelper.cs:26: ILogger<AppearanceGeneratorHelper> LOG => PdfBoxLogging.CreateLogger<AppearanceGeneratorHelper>();,
pdfbox/src/main/java/org/apache/pdfbox/pdmodel/interactive/form/AppearanceGeneratorHelper.java,167,call,debug,"LOG.debug(""Adding font resource "" + fontResourceName + "" from widget to AcroForm"");",src/PdfBox.Net/PDModel/Interactive/Form/AppearanceGeneratorHelper.cs,migrated,"src/PdfBox.Net/PDModel/Interactive/Form/AppearanceGeneratorHelper.cs:80: LOG.LogDebug(""Adding font resource {FontName} from widget to AcroForm"", fontName);",
pdfbox/src/main/java/org/apache/pdfbox/pdmodel/interactive/form/AppearanceGeneratorHelper.java,175,call,warn,"LOG.warn(""Unable to match field level font with AcroForm font"", e);",src/PdfBox.Net/PDModel/Interactive/Form/AppearanceGeneratorHelper.cs,migrated,"src/PdfBox.Net/PDModel/Interactive/Form/AppearanceGeneratorHelper.cs:85: LOG.LogWarning(ex, ""Unable to match field level font with AcroForm font"");",
pdfbox/src/main/java/org/apache/pdfbox/pdmodel/interactive/form/AppearanceGeneratorHelper.java,208,call,warn,"LOG.warn(""widget of field "" + field.getFullyQualifiedName() + "" is a PaperMetaData widget, no appearance stream created"");",src/PdfBox.Net/PDModel/Interactive/Form/AppearanceGeneratorHelper.cs,absent-region,,"The Java PaperMetaData, scripting, subset-font advisory, and unknown-font-class regions are absent from the current appearance helper."
pdfbox/src/main/java/org/apache/pdfbox/pdmodel/interactive/form/AppearanceGeneratorHelper.java,225,call,warn,"LOG.warn(""widget of field "" + field.getFullyQualifiedName() + "" has no rectangle, no appearance stream created"");",src/PdfBox.Net/PDModel/Interactive/Form/AppearanceGeneratorHelper.cs,migrated,"src/PdfBox.Net/PDModel/Interactive/Form/AppearanceGeneratorHelper.cs:100: LOG.LogWarning(""widget of field {FieldName} has no rectangle, no appearance stream created"", _field.GetFullyQualifiedName());",
pdfbox/src/main/java/org/apache/pdfbox/pdmodel/interactive/form/AppearanceGeneratorHelper.java,291,call,info,"LOG.info(""Field contains a formatting action but no ScriptingHandler "" + ""has been supplied - formatted value might be incorrect"");",src/PdfBox.Net/PDModel/Interactive/Form/AppearanceGeneratorHelper.cs,absent-region,,"The Java PaperMetaData, scripting, subset-font advisory, and unknown-font-class regions are absent from the current appearance helper."
pdfbox/src/main/java/org/apache/pdfbox/pdmodel/interactive/form/AppearanceGeneratorHelper.java,533,call,warn,"LOG.warn(""Font '"" + defaultAppearance.getFontName().getName() + ""' of field '"" + field.getFullyQualifiedName() + ""' contains subsetted font '"" + font.getName() + ""'"");",src/PdfBox.Net/PDModel/Interactive/Form/AppearanceGeneratorHelper.cs,absent-region,,"The Java PaperMetaData, scripting, subset-font advisory, and unknown-font-class regions are absent from the current appearance helper."
pdfbox/src/main/java/org/apache/pdfbox/pdmodel/interactive/form/AppearanceGeneratorHelper.java,536,call,warn,"LOG.warn(""This may bring trouble with PDField.setValue(), PDAcroForm.flatten() or "" + ""PDAcroForm.refreshAppearances()"");",src/PdfBox.Net/PDModel/Interactive/Form/AppearanceGeneratorHelper.cs,absent-region,,"The Java PaperMetaData, scripting, subset-font advisory, and unknown-font-class regions are absent from the current appearance helper."
pdfbox/src/main/java/org/apache/pdfbox/pdmodel/interactive/form/AppearanceGeneratorHelper.java,538,call,warn,"LOG.warn(""You should replace this font with a non-subsetted font:"");",src/PdfBox.Net/PDModel/Interactive/Form/AppearanceGeneratorHelper.cs,absent-region,,"The Java PaperMetaData, scripting, subset-font advisory, and unknown-font-class regions are absent from the current appearance helper."
pdfbox/src/main/java/org/apache/pdfbox/pdmodel/interactive/form/AppearanceGeneratorHelper.java,539,call,warn,"LOG.warn(""PDFont font = PDType0Font.load(doc, new FileInputStream(fontfile), false);"");",src/PdfBox.Net/PDModel/Interactive/Form/AppearanceGeneratorHelper.cs,absent-region,,"The Java PaperMetaData, scripting, subset-font advisory, and unknown-font-class regions are absent from the current appearance helper."
pdfbox/src/main/java/org/apache/pdfbox/pdmodel/interactive/form/AppearanceGeneratorHelper.java,540,call,warn,"LOG.warn(""acroForm.getDefaultResources().put(COSName.getPDFName(\"""" + defaultAppearance.getFontName().getName() + ""\"", font);"");",src/PdfBox.Net/PDModel/Interactive/Form/AppearanceGeneratorHelper.cs,absent-region,,"The Java PaperMetaData, scripting, subset-font advisory, and unknown-font-class regions are absent from the current appearance helper."
pdfbox/src/main/java/org/apache/pdfbox/pdmodel/interactive/form/AppearanceGeneratorHelper.java,580,call,debug,"LOG.debug(""missing font descriptor - resolved Cap/Descent to "" + fontCapHeight + ""/"" + fontDescent);",src/PdfBox.Net/PDModel/Interactive/Form/AppearanceGeneratorHelper.cs,migrated,"src/PdfBox.Net/PDModel/Interactive/Form/AppearanceGeneratorHelper.cs:304: LOG.LogDebug(""missing font descriptor - resolved Cap/Descent to {CapHeight}/{Descent}"", fontCapAtSize / fontScaleY, fontDescentAtSize / fontScaleY);",
pdfbox/src/main/java/org/apache/pdfbox/pdmodel/interactive/form/AppearanceGeneratorHelper.java,1025,call,warn,"LOG.warn(""Unknown font class: "" + font.getClass());",src/PdfBox.Net/PDModel/Interactive/Form/AppearanceGeneratorHelper.cs,absent-region,,"The Java PaperMetaData, scripting, subset-font advisory, and unknown-font-class regions are absent from the current appearance helper."
pdfbox/src/main/java/org/apache/pdfbox/pdmodel/interactive/form/PDAcroForm.java,68,logger-field,,private static final Log LOG = LogFactory.getLog(PDAcroForm.class);,src/PdfBox.Net/PDModel/Interactive/Form/PDAcroForm.cs;src/PdfBox.Net/PDModel/Interactive/Form/PDAcroForm.Fdf.cs,migrated,src/PdfBox.Net/PDModel/Interactive/Form/PDAcroForm.cs:40: ILogger<PDAcroForm> LOG => PdfBoxLogging.CreateLogger<PDAcroForm>();,
pdfbox/src/main/java/org/apache/pdfbox/pdmodel/interactive/form/PDAcroForm.java,222,call,warn,"LOG.warn(""Flatten for a dynamix XFA form is not supported"");",src/PdfBox.Net/PDModel/Interactive/Form/PDAcroForm.cs;src/PdfBox.Net/PDModel/Interactive/Form/PDAcroForm.Fdf.cs,migrated,"src/PdfBox.Net/PDModel/Interactive/Form/PDAcroForm.cs:198: LOG.LogWarning(""Flatten for a dynamix XFA form is not supported"");",Consolidated target site: The C# no-argument flatten implementation owns the dynamic-XFA diagnostic; the separate Java overload is absent.
pdfbox/src/main/java/org/apache/pdfbox/pdmodel/interactive/form/PDAcroForm.java,261,call,warn,"LOG.warn(""acroForm.getNeedAppearances() returns true, "" + ""visual field appearances may not have been set"");",src/PdfBox.Net/PDModel/Interactive/Form/PDAcroForm.cs;src/PdfBox.Net/PDModel/Interactive/Form/PDAcroForm.Fdf.cs,absent-region,,The Java refresh-appearance overload and missing-widget-page recovery regions containing these diagnostics are absent from the current AcroForm port.
pdfbox/src/main/java/org/apache/pdfbox/pdmodel/interactive/form/PDAcroForm.java,263,call,warn,"LOG.warn(""call acroForm.refreshAppearances() or "" + ""use the flatten() method with refreshAppearances parameter"");",src/PdfBox.Net/PDModel/Interactive/Form/PDAcroForm.cs;src/PdfBox.Net/PDModel/Interactive/Form/PDAcroForm.Fdf.cs,absent-region,,The Java refresh-appearance overload and missing-widget-page recovery regions containing these diagnostics are absent from the current AcroForm port.
pdfbox/src/main/java/org/apache/pdfbox/pdmodel/interactive/form/PDAcroForm.java,271,call,warn,"LOG.warn(""Flatten for a dynamix XFA form is not supported"");",src/PdfBox.Net/PDModel/Interactive/Form/PDAcroForm.cs;src/PdfBox.Net/PDModel/Interactive/Form/PDAcroForm.Fdf.cs,migrated,"src/PdfBox.Net/PDModel/Interactive/Form/PDAcroForm.cs:198: LOG.LogWarning(""Flatten for a dynamix XFA form is not supported"");",
pdfbox/src/main/java/org/apache/pdfbox/pdmodel/interactive/form/PDAcroForm.java,815,call,warn,"LOG.warn(""missing /P entry (page reference) in a widget for field: "" + field);",src/PdfBox.Net/PDModel/Interactive/Form/PDAcroForm.cs;src/PdfBox.Net/PDModel/Interactive/Form/PDAcroForm.Fdf.cs,absent-region,,The Java refresh-appearance overload and missing-widget-page recovery regions containing these diagnostics are absent from the current AcroForm port.
pdfbox/src/main/java/org/apache/pdfbox/pdmodel/interactive/form/PDAcroForm.java,828,call,warn,"LOG.warn(""There has been a widget with a missing page reference, will check all page annotations"");",src/PdfBox.Net/PDModel/Interactive/Form/PDAcroForm.cs;src/PdfBox.Net/PDModel/Interactive/Form/PDAcroForm.Fdf.cs,absent-region,,The Java refresh-appearance overload and missing-widget-page recovery regions containing these diagnostics are absent from the current AcroForm port.
pdfbox/src/main/java/org/apache/pdfbox/pdmodel/interactive/form/PDFieldTree.java,37,logger-field,,private static final Log LOG = LogFactory.getLog(PDFieldTree.class);,src/PdfBox.Net/PDModel/Interactive/Form/PDFieldTree.cs,migrated,src/PdfBox.Net/PDModel/Interactive/Form/PDFieldTree.cs:34: ILogger<PDFieldTree> LOG => PdfBoxLogging.CreateLogger<PDFieldTree>();,
pdfbox/src/main/java/org/apache/pdfbox/pdmodel/interactive/form/PDFieldTree.java,119,call,error,"LOG.error(""Child of field '"" + node.getFullyQualifiedName() + ""' already exists elsewhere, ignored to avoid recursion"");",src/PdfBox.Net/PDModel/Interactive/Form/PDFieldTree.cs,migrated,"src/PdfBox.Net/PDModel/Interactive/Form/PDFieldTree.cs:66: LOG.LogError(""Child of field '{FieldName}' already exists elsewhere, ignored to avoid recursion"", field.GetFullyQualifiedName());",
pdfbox/src/main/java/org/apache/pdfbox/pdmodel/interactive/form/PDNonTerminalField.java,44,logger-field,,private static final Log LOG = LogFactory.getLog(PDNonTerminalField.class);,src/PdfBox.Net/PDModel/Interactive/Form/PDNonTerminalField.cs,migrated,src/PdfBox.Net/PDModel/Interactive/Form/PDNonTerminalField.cs:35: ILogger<PDNonTerminalField> LOG => PdfBoxLogging.CreateLogger<PDNonTerminalField>();,
pdfbox/src/main/java/org/apache/pdfbox/pdmodel/interactive/form/PDNonTerminalField.java,142,call,warn,"LOG.warn(""Child field is same object as parent"");",src/PdfBox.Net/PDModel/Interactive/Form/PDNonTerminalField.cs,migrated,"src/PdfBox.Net/PDModel/Interactive/Form/PDNonTerminalField.cs:81: LOG.LogWarning(""Child field is same object as parent"");",
pdfbox/src/main/java/org/apache/pdfbox/pdmodel/interactive/form/PDSignatureField.java,40,logger-field,,private static final Log LOG = LogFactory.getLog(PDSignatureField.class);,src/PdfBox.Net/PDModel/Interactive/Form/PDSignatureField.cs,migrated,src/PdfBox.Net/PDModel/Interactive/Form/PDSignatureField.cs:20: ILogger<PDSignatureField> LOG => PdfBoxLogging.CreateLogger<PDSignatureField>();,
pdfbox/src/main/java/org/apache/pdfbox/pdmodel/interactive/form/PDSignatureField.java,210,call,warn,"LOG.warn(""Appearance generation for signature fields not implemented here. "" + ""You need to generate/update that manually, see the "" + ""CreateVisibleSignature*.java files in the examples subproject "" + ""of the source code download"");",src/PdfBox.Net/PDModel/Interactive/Form/PDSignatureField.cs,migrated,"src/PdfBox.Net/PDModel/Interactive/Form/PDSignatureField.cs:121: LOG.LogWarning(""Appearance generation for signature fields not implemented here. "" + ""You need to generate/update that manually, see the CreateVisibleSignature*.java files in the examples project"");",
pdfbox/src/main/java/org/apache/pdfbox/printing/PDFPrintable.java,49,logger-field,,private static final Log LOG = LogFactory.getLog(PDFPrintable.class);,src/PdfBox.Net/Printing/PDFPrintable.cs,migrated,src/PdfBox.Net/Printing/PDFPrintable.cs:60: ILogger<PDFPrintable> LOG => PdfBoxLogging.CreateLogger<PDFPrintable>();,
pdfbox/src/main/java/org/apache/pdfbox/printing/PDFPrintable.java,224,guard,debug,LOG.isDebugEnabled(),src/PdfBox.Net/Printing/PDFPrintable.cs,absent-region,,These diagnostics are inside Java AWT print-transform and rasterization code. The current port has no corresponding AWT printing region.
pdfbox/src/main/java/org/apache/pdfbox/printing/PDFPrintable.java,226,call,debug,"LOG.debug(""auto raster dpi: "" + rasterDpi + "", g2d: "" + graphics2D + "", g2d transform: "" + transform);",src/PdfBox.Net/Printing/PDFPrintable.cs,absent-region,,These diagnostics are inside Java AWT print-transform and rasterization code. The current port has no corresponding AWT printing region.
pdfbox/src/main/java/org/apache/pdfbox/printing/PDFPrintable.java,273,call,warn,"LOG.warn(""Centering disabled because of negative translation value ("" + dx + "","" + dy + "")"");",src/PdfBox.Net/Printing/PDFPrintable.cs,absent-region,,These diagnostics are inside Java AWT print-transform and rasterization code. The current port has no corresponding AWT printing region.
pdfbox/src/main/java/org/apache/pdfbox/printing/PDFPrintable.java,286,guard,debug,LOG.isDebugEnabled(),src/PdfBox.Net/Printing/PDFPrintable.cs,absent-region,,These diagnostics are inside Java AWT print-transform and rasterization code. The current port has no corresponding AWT printing region.
pdfbox/src/main/java/org/apache/pdfbox/printing/PDFPrintable.java,288,call,debug,"LOG.debug(""rasterDpi: "" + rasterDpi + "", dpiScale: "" + dpiScale);",src/PdfBox.Net/Printing/PDFPrintable.cs,absent-region,,These diagnostics are inside Java AWT print-transform and rasterization code. The current port has no corresponding AWT printing region.
pdfbox/src/main/java/org/apache/pdfbox/rendering/GlyphCache.java,37,logger-field,,private static final Log LOG = LogFactory.getLog(GlyphCache.class);,src/PdfBox.Net/Rendering/GlyphCache.cs,migrated,src/PdfBox.Net/Rendering/GlyphCache.cs:41: ILogger<GlyphCache> LOG => PdfBoxLogging.CreateLogger<GlyphCache>();,
pdfbox/src/main/java/org/apache/pdfbox/rendering/GlyphCache.java,64,call,warn,"LOG.warn(""No glyph for code "" + code + "" (CID "" + cidHex + "") in font "" + fontName);",src/PdfBox.Net/Rendering/GlyphCache.cs,migrated,"src/PdfBox.Net/Rendering/GlyphCache.cs:65: LOG.LogWarning(""No glyph for code {Code} (CID {Cid:x4}) in font {FontName}"", code, cid, _font.GetName());",
pdfbox/src/main/java/org/apache/pdfbox/rendering/GlyphCache.java,69,call,warn,"LOG.warn(""No glyph for code "" + code + "" in "" + font.getClass().getSimpleName() + "" "" + fontName + "" (embedded or system font used: "" + simpleFont.getFontBoxFont().getName() + "")"");",src/PdfBox.Net/Rendering/GlyphCache.cs,migrated,"src/PdfBox.Net/Rendering/GlyphCache.cs:70: LOG.LogWarning( ""No glyph for code {Code} in {FontType} {FontName} (embedded or system font used: {FontBoxFontName})"", code, _font.GetType().Name, _font.GetName(), simpleFont.GetFontBoxFont()?.GetName() ?? ""null"");",
pdfbox/src/main/java/org/apache/pdfbox/rendering/GlyphCache.java,82,call,warn,"LOG.warn(""No glyph for code "" + code + "" in font "" + fontName);",src/PdfBox.Net/Rendering/GlyphCache.cs,migrated,"src/PdfBox.Net/Rendering/GlyphCache.cs:82: LOG.LogWarning(""No glyph for code {Code} in font {FontName}"", code, _font.GetName());",
pdfbox/src/main/java/org/apache/pdfbox/rendering/GlyphCache.java,94,call,error,"LOG.error(""Glyph rendering failed for code "" + code + "" in font "" + fontName, e);",src/PdfBox.Net/Rendering/GlyphCache.cs,migrated,"src/PdfBox.Net/Rendering/GlyphCache.cs:92: LOG.LogError(exception, ""Glyph rendering failed for code {Code} in font {FontName}"", code, _font.GetName());",
pdfbox/src/main/java/org/apache/pdfbox/rendering/PageDrawer.java,129,logger-field,,private static final Log LOG = LogFactory.getLog(PageDrawer.class);,src/PdfBox.Net.SkiaSharp/Rendering/SkiaPageDrawerPeer.cs;src/PdfBox.Net/Rendering/PageDrawer.cs,migrated,src/PdfBox.Net.SkiaSharp/Rendering/SkiaPageDrawerPeer.cs:60: ILogger<SkiaPageDrawerPeer> LOG => PdfBoxLogging.CreateLogger<SkiaPageDrawerPeer>();,
pdfbox/src/main/java/org/apache/pdfbox/rendering/PageDrawer.java,357,call,error,"LOG.error(""colorSpace is null, will be rendered as transparency"");",src/PdfBox.Net.SkiaSharp/Rendering/SkiaPageDrawerPeer.cs;src/PdfBox.Net/Rendering/PageDrawer.cs,migrated,"src/PdfBox.Net.SkiaSharp/Rendering/SkiaPageDrawerPeer.cs:2031: LOG.LogError(""colorSpace is null, will be rendered as transparency"");",
pdfbox/src/main/java/org/apache/pdfbox/rendering/PageDrawer.java,398,call,error,"LOG.error(""shadingPattern is null, will be filled with transparency"");",src/PdfBox.Net.SkiaSharp/Rendering/SkiaPageDrawerPeer.cs;src/PdfBox.Net/Rendering/PageDrawer.cs,migrated,"src/PdfBox.Net.SkiaSharp/Rendering/SkiaPageDrawerPeer.cs:2044: LOG.LogError(""shadingPattern is null, will be filled with transparency"");",
pdfbox/src/main/java/org/apache/pdfbox/rendering/PageDrawer.java,739,call,warn,"LOG.warn(""Miter limit must be >= 1, value "" + miterLimit + "" is ignored"");",src/PdfBox.Net.SkiaSharp/Rendering/SkiaPageDrawerPeer.cs;src/PdfBox.Net/Rendering/PageDrawer.cs,migrated,"src/PdfBox.Net.SkiaSharp/Rendering/SkiaPageDrawerPeer.cs:1925: LOG.LogWarning(""Miter limit must be >= 1, value {MiterLimit} is ignored"", miterLimit);",
pdfbox/src/main/java/org/apache/pdfbox/rendering/PageDrawer.java,1508,call,error,"LOG.error(""shading "" + shadingName + "" does not exist in resources dictionary"");",src/PdfBox.Net.SkiaSharp/Rendering/SkiaPageDrawerPeer.cs;src/PdfBox.Net/Rendering/PageDrawer.cs,migrated,"src/PdfBox.Net.SkiaSharp/Rendering/SkiaPageDrawerPeer.cs:670: LOG.LogError(""shading {ShadingName} does not exist in resources dictionary"", shadingName);",
pdfbox/src/main/java/org/apache/pdfbox/rendering/PageDrawer.java,1750,call,error,"LOG.error(""Exception drawing image, see JDK-6689349, "" + ""try rendering into a BufferedImage instead"", ie);",src/PdfBox.Net.SkiaSharp/Rendering/SkiaPageDrawerPeer.cs;src/PdfBox.Net/Rendering/PageDrawer.cs,absent-region,,The first diagnostic is a JDK-specific InternalError workaround; the second belongs to a Java gray/ICC ColorSpace helper. Neither region exists in the Skia rendering backend.
pdfbox/src/main/java/org/apache/pdfbox/rendering/PageDrawer.java,1801,call,warn,"LOG.warn(""transparency group ignored because BBox is null"");",src/PdfBox.Net.SkiaSharp/Rendering/SkiaPageDrawerPeer.cs;src/PdfBox.Net/Rendering/PageDrawer.cs,migrated,"src/PdfBox.Net.SkiaSharp/Rendering/SkiaPageDrawerPeer.cs:797: LOG.LogWarning(""transparency group ignored because BBox is null"");",
pdfbox/src/main/java/org/apache/pdfbox/rendering/PageDrawer.java,1997,call,debug,"LOG.debug(""Couldn't get an alternate ColorSpace"", ex);",src/PdfBox.Net.SkiaSharp/Rendering/SkiaPageDrawerPeer.cs;src/PdfBox.Net/Rendering/PageDrawer.cs,absent-region,,The first diagnostic is a JDK-specific InternalError workaround; the second belongs to a Java gray/ICC ColorSpace helper. Neither region exists in the Skia rendering backend.
pdfbox/src/main/java/org/apache/pdfbox/rendering/SoftMask.java,51,logger-field,,private static final Log LOG = LogFactory.getLog(SoftMask.class);,src/PdfBox.Net/Rendering/SoftMask.cs,migrated,src/PdfBox.Net/Rendering/SoftMask.cs:38: ILogger<SoftMask> LOG => PdfBoxLogging.CreateLogger<SoftMask>();,
pdfbox/src/main/java/org/apache/pdfbox/rendering/SoftMask.java,96,call,debug,"LOG.debug(""Couldn't convert backdropColor to RGB - keeping default"", ex);",src/PdfBox.Net/Rendering/SoftMask.cs,migrated,"src/PdfBox.Net/Rendering/SoftMask.cs:97: LOG.LogDebug(exception, ""Couldn't convert backdropColor to RGB - keeping default"");",
pdfbox/src/main/java/org/apache/pdfbox/rendering/SoftMask.java,195,call,debug,"LOG.debug(""Couldn't apply transferFunction - treating as outside"", ex);",src/PdfBox.Net/Rendering/SoftMask.cs,migrated,"src/PdfBox.Net/Rendering/SoftMask.cs:199: LOG.LogDebug(exception, ""Couldn't apply transferFunction - treating as outside"");",
pdfbox/src/main/java/org/apache/pdfbox/rendering/TilingPaint.java,48,logger-field,,private static final Log LOG = LogFactory.getLog(TilingPaint.class);,src/PdfBox.Net.SkiaSharp/Rendering/TilingPaint.cs,migrated,src/PdfBox.Net.SkiaSharp/Rendering/TilingPaint.cs:40: ILogger<TilingPaint> LOG => PdfBoxLogging.CreateLogger<TilingPaint>();,
pdfbox/src/main/java/org/apache/pdfbox/rendering/TilingPaint.java,64,call,error,"LOG.error(""Default will be used"", ex);",src/PdfBox.Net.SkiaSharp/Rendering/TilingPaint.cs,absent-region,,The Java diagnostic validates a system property; the C# backend uses a compile-time maximum-edge constant and has no equivalent property-parsing region.
pdfbox/src/main/java/org/apache/pdfbox/rendering/TilingPaint.java,217,call,warn,"LOG.warn(""/XStep is 0, using pattern /BBox width"");",src/PdfBox.Net.SkiaSharp/Rendering/TilingPaint.cs,migrated,"src/PdfBox.Net.SkiaSharp/Rendering/TilingPaint.cs:97: LOG.LogWarning(""/XStep is 0, using pattern /BBox width"");",
pdfbox/src/main/java/org/apache/pdfbox/rendering/TilingPaint.java,224,call,warn,"LOG.warn(""/YStep is 0, using pattern /BBox height"");",src/PdfBox.Net.SkiaSharp/Rendering/TilingPaint.cs,migrated,"src/PdfBox.Net.SkiaSharp/Rendering/TilingPaint.cs:104: LOG.LogWarning(""/YStep is 0, using pattern /BBox height"");",
pdfbox/src/main/java/org/apache/pdfbox/rendering/TilingPaint.java,236,call,warn,"LOG.warn(""Pattern surface larger than "" + MAXEDGE + "" x "" + MAXEDGE + "", will be clipped"");",src/PdfBox.Net.SkiaSharp/Rendering/TilingPaint.cs,migrated,"src/PdfBox.Net.SkiaSharp/Rendering/TilingPaint.cs:115: LOG.LogWarning(""Pattern surface larger than {MaxEdge} x {MaxEdge}, will be clipped"", MAXEDGE, MAXEDGE);",
pdfbox/src/main/java/org/apache/pdfbox/rendering/TilingPaint.java,237,call,warn,"LOG.warn(""width: "" + width + "", height: "" + height);",src/PdfBox.Net.SkiaSharp/Rendering/TilingPaint.cs,migrated,"src/PdfBox.Net.SkiaSharp/Rendering/TilingPaint.cs:117: LOG.LogWarning(""width: {Width}, height: {Height}"", width, height);",
pdfbox/src/main/java/org/apache/pdfbox/rendering/TilingPaint.java,238,call,warn,"LOG.warn(""XStep: "" + xStep + "", YStep: "" + yStep);",src/PdfBox.Net.SkiaSharp/Rendering/TilingPaint.cs,migrated,"src/PdfBox.Net.SkiaSharp/Rendering/TilingPaint.cs:118: LOG.LogWarning(""XStep: {XStep}, YStep: {YStep}"", xStep, yStep);",
pdfbox/src/main/java/org/apache/pdfbox/rendering/TilingPaint.java,239,call,warn,"LOG.warn(""bbox: "" + bbox);",src/PdfBox.Net.SkiaSharp/Rendering/TilingPaint.cs,migrated,"src/PdfBox.Net.SkiaSharp/Rendering/TilingPaint.cs:119: LOG.LogWarning(""bbox: {BoundingBox}"", bbox);",
pdfbox/src/main/java/org/apache/pdfbox/rendering/TilingPaint.java,240,call,warn,"LOG.warn(""pattern matrix: "" + pattern.getMatrix());",src/PdfBox.Net.SkiaSharp/Rendering/TilingPaint.cs,migrated,"src/PdfBox.Net.SkiaSharp/Rendering/TilingPaint.cs:120: LOG.LogWarning(""pattern matrix: {PatternMatrix}"", pattern.GetMatrix());",
pdfbox/src/main/java/org/apache/pdfbox/rendering/TilingPaint.java,241,call,warn,"LOG.warn(""concatenated matrix: "" + patternMatrix);",src/PdfBox.Net.SkiaSharp/Rendering/TilingPaint.cs,migrated,"src/PdfBox.Net.SkiaSharp/Rendering/TilingPaint.cs:121: LOG.LogWarning(""concatenated matrix: {ConcatenatedMatrix}"", _patternMatrix);",
pdfbox/src/main/java/org/apache/pdfbox/rendering/TilingPaint.java,242,call,warn,"LOG.warn(""increase the property 'pdfbox.rendering.tilingpaint.maxedge'"");",src/PdfBox.Net.SkiaSharp/Rendering/TilingPaint.cs,migrated,"src/PdfBox.Net.SkiaSharp/Rendering/TilingPaint.cs:122: LOG.LogWarning(""increase the property 'pdfbox.rendering.tilingpaint.maxedge'"");",
pdfbox/src/main/java/org/apache/pdfbox/rendering/TilingPaintFactory.java,42,logger-field,,private static final Log LOG = LogFactory.getLog(TilingPaintFactory.class);,src/PdfBox.Net.SkiaSharp/Rendering/TilingPaintFactory.cs,migrated,src/PdfBox.Net.SkiaSharp/Rendering/TilingPaintFactory.cs:39: ILogger<TilingPaintFactory> LOG => PdfBoxLogging.CreateLogger<TilingPaintFactory>();,
pdfbox/src/main/java/org/apache/pdfbox/rendering/TilingPaintFactory.java,141,call,debug,"LOG.debug(""Couldn't convert color to RGB - treating as not equal"", ex);",src/PdfBox.Net.SkiaSharp/Rendering/TilingPaintFactory.cs,absent-region,,The C# backend uses record equality and has no equivalent to the Java custom color-to-RGB equality fallback region.
pdfbox/src/main/java/org/apache/pdfbox/text/LegacyPDFStreamEngine.java,80,logger-field,,private static final Log LOG = LogFactory.getLog(LegacyPDFStreamEngine.class);,src/PdfBox.Net/Text/LegacyPDFStreamEngine.cs,migrated,src/PdfBox.Net/Text/LegacyPDFStreamEngine.cs:52: ILogger<LegacyPDFStreamEngine> LOG => PdfBoxLogging.CreateLogger<LegacyPDFStreamEngine>();,
pdfbox/src/main/java/org/apache/pdfbox/text/LegacyPDFStreamEngine.java,258,call,warn,"LOG.warn(exception, exception);",src/PdfBox.Net/Text/LegacyPDFStreamEngine.cs,absent-region,,The text-position processing body that owns this warning is not present in the current legacy-engine port.
pdfbox/src/main/java/org/apache/pdfbox/text/PDFTextStripper.java,75,logger-field,,private static final Log LOG = LogFactory.getLog(PDFTextStripper.class);,src/PdfBox.Net/Text/PDFTextStripper.cs,migrated,src/PdfBox.Net/Text/PDFTextStripper.cs:47: ILogger<PDFTextStripper> LOG => PdfBoxLogging.CreateLogger<PDFTextStripper>();,
pdfbox/src/main/java/org/apache/pdfbox/text/PDFTextStripper.java,96,call,debug,"LOG.debug(""Couldn't read system properties - using defaults"", e);",src/PdfBox.Net/Text/PDFTextStripper.cs,migrated,"src/PdfBox.Net/Text/PDFTextStripper.cs:112: LOG.LogDebug(exception, ""Couldn't read system properties - using defaults"");",
pdfbox/src/main/java/org/apache/pdfbox/text/PDFTextStripper.java,1080,call,warn,"LOG.warn(""Parameter must be 1-based, but is "" + startPageValue);",src/PdfBox.Net/Text/PDFTextStripper.cs,migrated,"src/PdfBox.Net/Text/PDFTextStripper.cs:702: LOG.LogWarning(""Parameter must be 1-based, but is {StartPage}"", startPageValue);",
pdfbox/src/main/java/org/apache/pdfbox/text/PDFTextStripper.java,1106,call,warn,"LOG.warn(""Parameter must be 1-based, but is "" + endPageValue);",src/PdfBox.Net/Text/PDFTextStripper.cs,migrated,"src/PdfBox.Net/Text/PDFTextStripper.cs:716: LOG.LogWarning(""Parameter must be 1-based, but is {EndPage}"", endPageValue);",
pdfbox/src/main/java/org/apache/pdfbox/text/PDFTextStripper.java,1984,call,warn,"LOG.warn(""Could not parse BidiMirroring.txt, mirroring char map will be empty: "" + e.getMessage(), e);",src/PdfBox.Net/Text/PDFTextStripper.cs,migrated,"src/PdfBox.Net/Text/PDFTextStripper.cs:124: LOG.LogWarning(exception, ""Could not parse BidiMirroring.txt, mirroring char map will be empty: {Message}"", exception.Message);",
pdfbox/src/main/java/org/apache/pdfbox/text/TextPosition.java,36,logger-field,,private static final Log LOG = LogFactory.getLog(TextPosition.class);,src/PdfBox.Net/Text/TextPosition.cs,migrated,src/PdfBox.Net/Text/TextPosition.cs:42: ILogger<TextPosition> LOG => PdfBoxLogging.CreateLogger<TextPosition>();,
pdfbox/src/main/java/org/apache/pdfbox/text/TextPosition.java,686,call,info,"LOG.info(""diacritic "" + diacritic.getUnicode() + "" on ligature "" + unicode + "" is not supported yet and is ignored (PDFBOX-2831)"");",src/PdfBox.Net/Text/TextPosition.cs,migrated,"src/PdfBox.Net/Text/TextPosition.cs:595: LOG.LogInformation( ""diacritic {Diacritic} on ligature {Ligature} is not supported yet and is ignored (PDFBOX-2831)"", textPosition.GetUnicode(), _unicode);",
pdfbox/src/main/java/org/apache/pdfbox/util/DateConverter.java,67,logger-field,,private static final Log LOG = LogFactory.getLog(DateConverter.class);,src/PdfBox.Net/Util/DateConverter.cs,migrated,src/PdfBox.Net/Util/DateConverter.cs:70: ILogger<DateConverter> LOG => PdfBoxLogging.CreateLogger<DateConverter>();,
pdfbox/src/main/java/org/apache/pdfbox/util/DateConverter.java,561,call,debug,"LOG.debug(""Couldn't parse arguments text:"" + text + "" initialWhere:"" + initialWhere, ill);",src/PdfBox.Net/Util/DateConverter.cs,migrated,"src/PdfBox.Net/Util/DateConverter.cs:511: LOG.LogDebug(exception, ""Couldn't parse arguments text:{Text} initialWhere:{InitialWhere}"", text, initialWhere);",
pdfbox/src/main/java/org/apache/pdfbox/util/Hex.java,34,logger-field,,private static final Log LOG = LogFactory.getLog(Hex.class);,src/PdfBox.Net/Util/Hex.cs,migrated,src/PdfBox.Net/Util/Hex.cs:39: ILogger<Hex> LOG => PdfBoxLogging.CreateLogger<Hex>();,
pdfbox/src/main/java/org/apache/pdfbox/util/Hex.java,239,call,error,"LOG.error(""Can't parse "" + hexByte + "", aborting decode"");",src/PdfBox.Net/Util/Hex.cs,migrated,"src/PdfBox.Net/Util/Hex.cs:227: LOG.LogError(""Can't parse {HexByte}, aborting decode"", s.Substring(i, 2));",
pdfbox/src/main/java/org/apache/pdfbox/util/Version.java,33,logger-field,,private static final Log LOG = LogFactory.getLog(Version.class);,src/PdfBox.Net/Util/Version.cs,migrated,src/PdfBox.Net/Util/Version.cs:45: ILogger<Version> LOG => PdfBoxLogging.CreateLogger<Version>();,
pdfbox/src/main/java/org/apache/pdfbox/util/Version.java,59,call,debug,"LOG.debug(""Unable to read version from properties - returning null"", io);",src/PdfBox.Net/Util/Version.cs,migrated,"src/PdfBox.Net/Util/Version.cs:69: LOG.LogDebug(exception, ""Unable to read version from properties - returning null"");",
tools/src/main/java/org/apache/pdfbox/tools/ExtractText.java,64,logger-field,,private static final Log LOG = LogFactory.getLog(ExtractText.class);,src/PdfBox.Net/Tools/ExtractText.cs,migrated,src/PdfBox.Net/Tools/ExtractText.cs:38: ILogger<ExtractText> LOG => PdfBoxLogging.CreateLogger<ExtractText>();,
tools/src/main/java/org/apache/pdfbox/tools/ExtractText.java,373,call,error,"LOG.error(""Failed to process page "" + p, ex);",src/PdfBox.Net/Tools/ExtractText.cs,absent-region,,The Java per-page processing failure branch containing this diagnostic is not present in the current tool port.
tools/src/main/java/org/apache/pdfbox/tools/imageio/ImageIOUtil.java,58,logger-field,,private static final Log LOG = LogFactory.getLog(ImageIOUtil.class);,src/PdfBox.Net/Tools/ImageIO/ImageIOUtil.cs,migrated,src/PdfBox.Net/Tools/ImageIO/ImageIOUtil.cs:36: ILogger<ImageIOUtil> LOG => PdfBoxLogging.CreateLogger<ImageIOUtil>();,
tools/src/main/java/org/apache/pdfbox/tools/imageio/ImageIOUtil.java,239,call,error,"LOG.error(""No ImageWriter found for '"" + formatName + ""' format"");",src/PdfBox.Net/Tools/ImageIO/ImageIOUtil.cs,absent-region,,The Java ImageIO writer-discovery region containing these diagnostics has no corresponding implementation in the current .NET image tool.
tools/src/main/java/org/apache/pdfbox/tools/imageio/ImageIOUtil.java,240,call,error,"LOG.error(""Supported formats: "" + Arrays.toString(ImageIO.getWriterFormatNames()));",src/PdfBox.Net/Tools/ImageIO/ImageIOUtil.cs,absent-region,,The Java ImageIO writer-discovery region containing these diagnostics has no corresponding implementation in the current .NET image tool.
tools/src/main/java/org/apache/pdfbox/tools/imageio/MetaUtil.java,38,logger-field,,private static final Log LOG = LogFactory.getLog(MetaUtil.class);,src/PdfBox.Net/Tools/ImageIO/MetaUtil.cs,migrated,src/PdfBox.Net/Tools/ImageIO/MetaUtil.cs:35: ILogger<MetaUtil> LOG => PdfBoxLogging.CreateLogger<MetaUtil>();,
tools/src/main/java/org/apache/pdfbox/tools/imageio/MetaUtil.java,51,guard,debug,LOG.isDebugEnabled(),src/PdfBox.Net/Tools/ImageIO/MetaUtil.cs,absent-region,,"The Java ImageIO metadata-to-XML debug rendering region, including its enabled-level guard, is not present in the current .NET image tool."
tools/src/main/java/org/apache/pdfbox/tools/imageio/MetaUtil.java,73,call,debug,"LOG.debug(""\n"" + xmlStringWriter);",src/PdfBox.Net/Tools/ImageIO/MetaUtil.cs,absent-region,,"The Java ImageIO metadata-to-XML debug rendering region, including its enabled-level guard, is not present in the current .NET image tool."
tools/src/main/java/org/apache/pdfbox/tools/imageio/MetaUtil.java,77,call,error,"LOG.error(ex, ex);",src/PdfBox.Net/Tools/ImageIO/MetaUtil.cs,absent-region,,"The Java ImageIO metadata-to-XML debug rendering region, including its enabled-level guard, is not present in the current .NET image tool."
tools/src/main/java/org/apache/pdfbox/tools/imageio/TIFFUtil.java,36,logger-field,,private static final Log LOG = LogFactory.getLog(TIFFUtil.class);,src/PdfBox.Net/Tools/ImageIO/TIFFUtil.cs,migrated,src/PdfBox.Net/Tools/ImageIO/TIFFUtil.cs:36: ILogger<TIFFUtil> LOG => PdfBoxLogging.CreateLogger<TIFFUtil>();,
tools/src/main/java/org/apache/pdfbox/tools/imageio/TIFFUtil.java,82,call,debug,"LOG.debug(""TIFF image writer doesn't support any data format"");",src/PdfBox.Net/Tools/ImageIO/TIFFUtil.cs,absent-region,,The Java TIFF ImageWriter data-format discovery region containing this diagnostic has no corresponding implementation in the current .NET image tool.
